ID,Vehículo,Marca,Modelo,Ciudad,Imagen destacada,URL ficha,Imagen adicional 1,Imagen adicional 2,Imagen adicional 3,Imagen adicional 4,Imagen adicional 5,Imagen adicional 6,Imagen adicional 7,Imagen adicional 8,Imagen adicional 9,Imagen adicional 10,Imagen adicional 11,Imagen adicional 12,Imagen adicional 13,Imagen adicional 14,Imagen adicional 15,Imagen adicional 16,Total de imágenes,Estado de imágenes,Carpeta local,Precio MXN,Kilómetros,Año,Estado datos vehículo,Versión,Tipo de vehículo,Tipo de motor,Cilindros,Transmisión,Garantía,Equipamiento,Estado características
44823,AUDI A3 SELECT 2.0 2023,AUDI,A3,Mazatlán,https://krediautomzt.mx/wp-content/uploads/2026/07/449d2479-b051-4a25-89ca-08e20ea26677.jpg,https://krediautomzt.mx/vehiculos/audi-a3-select-2-0-2023/,https://krediautomzt.mx/wp-content/uploads/2026/07/WhatsApp-Image-2026-07-23-at-5.46.08-PM-1.jpeg,https://krediautomzt.mx/wp-content/uploads/2026/07/WhatsApp-Image-2026-07-23-at-5.46.10-PM-3.jpeg,https://krediautomzt.mx/wp-content/uploads/2026/07/WhatsApp-Image-2026-07-23-at-5.46.08-PM-2.jpeg,https://krediautomzt.mx/wp-content/uploads/2026/07/WhatsApp-Image-2026-07-23-at-5.46.08-PM-3.jpeg,https://krediautomzt.mx/wp-content/uploads/2026/07/WhatsApp-Image-2026-07-23-at-5.46.08-PM.jpeg,https://krediautomzt.mx/wp-content/uploads/2026/07/WhatsApp-Image-2026-07-23-at-5.46.09-PM-1.jpeg,https://krediautomzt.mx/wp-content/uploads/2026/07/WhatsApp-Image-2026-07-23-at-5.46.09-PM-2.jpeg,https://krediautomzt.mx/wp-content/uploads/2026/07/WhatsApp-Image-2026-07-23-at-5.46.09-PM-3.jpeg,https://krediautomzt.mx/wp-content/uploads/2026/07/WhatsApp-Image-2026-07-23-at-5.46.09-PM-4.jpeg,https://krediautomzt.mx/wp-content/uploads/2026/07/WhatsApp-Image-2026-07-23-at-5.46.09-PM-5.jpeg,https://krediautomzt.mx/wp-content/uploads/2026/07/WhatsApp-Image-2026-07-23-at-5.46.09-PM.jpeg,https://krediautomzt.mx/wp-content/uploads/2026/07/WhatsApp-Image-2026-07-23-at-5.46.10-PM-1.jpeg,https://krediautomzt.mx/wp-content/uploads/2026/07/WhatsApp-Image-2026-07-23-at-5.46.10-PM-2.jpeg,https://krediautomzt.mx/wp-content/uploads/2026/07/WhatsApp-Image-2026-07-23-at-5.46.10-PM.jpeg,,,15,OK,krediauto-imagenes/imagenes/44823,495000.00,55000,2023,OK,SELECT,Sedan,Gasolina,4,Automatico,No Incluye,Interior de cuero; Quema cocos; Ventanas electricas; Control de AC; Sensor de luz; Boton de encedido; Radio; Bolsas de Aire; Control de tracción; Seguros Eléctricos,OK
41888,AUDI A5 SLINE SPORTBACK QUATTRO 45 TFSI HEV,AUDI,A5 S,Mazatlán,https://krediautomzt.mx/wp-content/uploads/2026/02/WhatsApp-Image-2026-02-25-at-4.50.38-PM-2.jpeg,https://krediautomzt.mx/vehiculos/audi-a5-sline-sportback-quattro-45-tfsi-hev/,https://krediautomzt.mx/wp-content/uploads/2026/02/WhatsApp-Image-2026-02-25-at-4.50.33-PM.jpeg,https://krediautomzt.mx/wp-content/uploads/2026/02/WhatsApp-Image-2026-02-25-at-4.50.36-PM.jpeg,https://krediautomzt.mx/wp-content/uploads/2026/02/WhatsApp-Image-2026-02-25-at-4.50.35-PM.jpeg,https://krediautomzt.mx/wp-content/uploads/2026/02/WhatsApp-Image-2026-02-25-at-4.50.33-PM-1.jpeg,https://krediautomzt.mx/wp-content/uploads/2026/02/WhatsApp-Image-2026-02-25-at-4.50.37-PM.jpeg,https://krediautomzt.mx/wp-content/uploads/2026/02/WhatsApp-Image-2026-02-25-at-4.50.36-PM-2.jpeg,https://krediautomzt.mx/wp-content/uploads/2026/02/WhatsApp-Image-2026-02-25-at-4.50.36-PM-1.jpeg,https://krediautomzt.mx/wp-content/uploads/2026/02/WhatsApp-Image-2026-02-25-at-4.50.39-PM-1.jpeg,https://krediautomzt.mx/wp-content/uploads/2026/02/WhatsApp-Image-2026-02-25-at-4.50.38-PM-1.jpeg,https://krediautomzt.mx/wp-content/uploads/2026/02/WhatsApp-Image-2026-02-25-at-4.50.40-PM.jpeg,,,,,,,11,OK,krediauto-imagenes/imagenes/41888,625000.00,85000,2022,OK,SPORTBACK,Sedan,Gasolina,4,Automatico,No Incluye,Dirección Asistida; Quema cocos; Ventanas electricas; Control de AC; Sensor de luz; Volante multifunción; Boton de encedido; Radio; Bolsas de Aire; Control de tracción; Seguros Eléctricos,OK
40869,AUDI Q5 SPORTBACK ELITE HEV 2022,AUDI,—,Mazatlán,https://krediautomzt.mx/wp-content/uploads/2026/01/WhatsApp-Image-2026-01-06-at-6.52.14-PM-3.jpeg,https://krediautomzt.mx/vehiculos/audi-q5-sportback-elite-hev-2022/,https://krediautomzt.mx/wp-content/uploads/2026/01/WhatsApp-Image-2026-01-06-at-6.52.14-PM-4.jpeg,https://krediautomzt.mx/wp-content/uploads/2026/01/WhatsApp-Image-2026-01-06-at-6.52.14-PM-2.jpeg,https://krediautomzt.mx/wp-content/uploads/2026/01/WhatsApp-Image-2026-01-06-at-6.52.14-PM-1.jpeg,https://krediautomzt.mx/wp-content/uploads/2026/01/WhatsApp-Image-2026-01-06-at-6.52.15-PM-3.jpeg,https://krediautomzt.mx/wp-content/uploads/2026/01/WhatsApp-Image-2026-01-06-at-6.52.15-PM-1.jpeg,https://krediautomzt.mx/wp-content/uploads/2026/01/WhatsApp-Image-2026-01-06-at-6.52.15-PM-6.jpeg,https://krediautomzt.mx/wp-content/uploads/2026/01/WhatsApp-Image-2026-01-06-at-6.52.15-PM-5.jpeg,,,,,,,,,,8,OK,krediauto-imagenes/imagenes/40869,644000.00,75000,2022,OK,SPORTBACK,SUV,Gasolina,4,Automatico,No Incluye,Dirección Asistida; Interior de cuero; Quema cocos; Ventanas electricas; Control de AC; Control Crusero; Volante multifunción; Boton de encedido; Radio; Bolsas de Aire; Control de tracción; Seguros Eléctricos,OK
46288,BYD KING AUT 2025,—,—,Mazatlán,https://krediautomzt.mx/wp-content/uploads/2026/09/1c8af6c7-d374-46b5-adcd-407dc9851fe5.jpg,https://krediautomzt.mx/vehiculos/byd-king-aut-2025/,https://krediautomzt.mx/wp-content/uploads/2026/09/WhatsApp-Image-2026-09-15-at-6.54.25-PM.jpeg,https://krediautomzt.mx/wp-content/uploads/2026/09/WhatsApp-Image-2026-09-15-at-6.54.33-PM-1.jpeg,https://krediautomzt.mx/wp-content/uploads/2026/09/WhatsApp-Image-2026-09-15-at-6.54.41-PM-1.jpeg,https://krediautomzt.mx/wp-content/uploads/2026/09/WhatsApp-Image-2026-09-15-at-6.54.33-PM-2.jpeg,https://krediautomzt.mx/wp-content/uploads/2026/09/WhatsApp-Image-2026-09-15-at-6.54.33-PM.jpeg,https://krediautomzt.mx/wp-content/uploads/2026/09/WhatsApp-Image-2026-09-15-at-6.54.34-PM.jpeg,https://krediautomzt.mx/wp-content/uploads/2026/09/WhatsApp-Image-2026-09-15-at-6.54.39-PM.jpeg,https://krediautomzt.mx/wp-content/uploads/2026/09/WhatsApp-Image-2026-09-15-at-6.54.40-PM.jpeg,https://krediautomzt.mx/wp-content/uploads/2026/09/WhatsApp-Image-2026-09-15-at-6.54.41-PM.jpeg,https://krediautomzt.mx/wp-content/uploads/2026/09/WhatsApp-Image-2026-09-15-at-6.54.41-PM-2.jpeg,,,,,,,11,OK,krediauto-imagenes/imagenes/46288,395000.00,9000,2025,OK,KING,Sedan,Gasolina,4,Automatico,No Incluye,Interior de cuero; Quema cocos; Ventanas electricas; Control de AC; Boton de encedido; Radio; Bolsas de Aire; Control de tracción; Seguros Eléctricos,OK
46106,BYD SHARK GL 4X4 2025,—,—,Mazatlán,https://krediautomzt.mx/wp-content/uploads/2026/09/255fe480-07f2-404d-a20d-3e0fb7fb1e84.jpg,https://krediautomzt.mx/vehiculos/byd-shark-gl-4x4-2025/,https://krediautomzt.mx/wp-content/uploads/2026/09/WhatsApp-Image-2026-09-01-at-9.25.31-AM-4.jpeg,https://krediautomzt.mx/wp-content/uploads/2026/09/WhatsApp-Image-2026-09-01-at-9.25.30-AM.jpeg,https://krediautomzt.mx/wp-content/uploads/2026/09/WhatsApp-Image-2026-09-01-at-9.25.30-AM-2.jpeg,https://krediautomzt.mx/wp-content/uploads/2026/09/WhatsApp-Image-2026-09-01-at-9.25.30-AM-3.jpeg,https://krediautomzt.mx/wp-content/uploads/2026/09/WhatsApp-Image-2026-09-01-at-9.25.31-AM-1.jpeg,https://krediautomzt.mx/wp-content/uploads/2026/09/WhatsApp-Image-2026-09-01-at-9.25.31-AM-2.jpeg,https://krediautomzt.mx/wp-content/uploads/2026/09/WhatsApp-Image-2026-09-01-at-9.25.31-AM-4-1.jpeg,https://krediautomzt.mx/wp-content/uploads/2026/09/WhatsApp-Image-2026-09-01-at-9.25.31-AM-3.jpeg,https://krediautomzt.mx/wp-content/uploads/2026/09/WhatsApp-Image-2026-09-01-at-9.25.31-AM.jpeg,,,,,,,,10,OK,krediauto-imagenes/imagenes/46106,749000.00,51000,2025,OK,GL,Pickup,Gasolina,4,Automatico,No Incluye,Interior de cuero; Ventanas electricas; Control de AC; Volante multifunción; Boton de encedido; Radio; Bolsas de Aire; Control de tracción; Seguros Eléctricos,OK
46311,BYD SONG PLUS AUT 2026,—,—,Mazatlán,https://krediautomzt.mx/wp-content/uploads/2026/09/85760616-7400-4df9-a626-b368dadef225.jpg,https://krediautomzt.mx/vehiculos/byd-song-plus-aut-2026/,https://krediautomzt.mx/wp-content/uploads/2026/09/WhatsApp-Image-2026-09-17-at-10.54.33-AM-1.jpeg,https://krediautomzt.mx/wp-content/uploads/2026/09/WhatsApp-Image-2026-09-17-at-10.54.31-AM-2.jpeg,https://krediautomzt.mx/wp-content/uploads/2026/09/WhatsApp-Image-2026-09-17-at-10.54.31-AM-3.jpeg,https://krediautomzt.mx/wp-content/uploads/2026/09/WhatsApp-Image-2026-09-17-at-10.54.32-AM.jpeg,https://krediautomzt.mx/wp-content/uploads/2026/09/WhatsApp-Image-2026-09-17-at-10.54.32-AM-1.jpeg,https://krediautomzt.mx/wp-content/uploads/2026/09/WhatsApp-Image-2026-09-17-at-10.54.32-AM-2.jpeg,https://krediautomzt.mx/wp-content/uploads/2026/09/WhatsApp-Image-2026-09-17-at-10.54.32-AM-3.jpeg,https://krediautomzt.mx/wp-content/uploads/2026/09/WhatsApp-Image-2026-09-17-at-10.54.32-AM-4.jpeg,https://krediautomzt.mx/wp-content/uploads/2026/09/WhatsApp-Image-2026-09-17-at-10.54.33-AM.jpeg,,,,,,,,10,OK,krediauto-imagenes/imagenes/46311,638000.00,28000,2026,OK,PLUS,SUV,Gasolina,4,Automatico,No Incluye,,OK
45065,CHEVROLET AVEO LT AUT 2024,CHEVROLET,Aveo,Mazatlán,https://krediautomzt.mx/wp-content/uploads/2026/07/3942ba8b-b65f-4e88-a8b6-d3207db0059e.jpg,https://krediautomzt.mx/vehiculos/chevrolet-aveo-lt-aut-2024/,https://krediautomzt.mx/wp-content/uploads/2026/07/WhatsApp-Image-2026-07-20-at-10.40.13-AM-5.jpeg,https://krediautomzt.mx/wp-content/uploads/2026/07/WhatsApp-Image-2026-07-20-at-10.40.13-AM-2.jpeg,https://krediautomzt.mx/wp-content/uploads/2026/07/WhatsApp-Image-2026-07-20-at-10.40.13-AM-3.jpeg,https://krediautomzt.mx/wp-content/uploads/2026/07/WhatsApp-Image-2026-07-20-at-10.40.13-AM-4.jpeg,https://krediautomzt.mx/wp-content/uploads/2026/07/WhatsApp-Image-2026-07-20-at-10.40.14-AM.jpeg,https://krediautomzt.mx/wp-content/uploads/2026/07/5ebb79ca-77f0-49c2-be79-43bf291db16c.jpg,https://krediautomzt.mx/wp-content/uploads/2026/07/3942ba8b-b65f-4e88-a8b6-d3207db0059e-1.jpg,,,,,,,,,,8,OK,krediauto-imagenes/imagenes/45065,289000.00,83000,2024,OK,LT,Sedan,Gasolina,4,Automatico,No Incluye,Ventanas electricas; Control de AC; Boton de encedido; Radio; Bolsas de Aire; Control de tracción; Seguros Eléctricos,OK
45136,CHEVROLET CAPTIVA LT 7 PASAJEROS 2023 ROJA AUT,CHEVROLET,CAPTIVA,Mazatlán,https://krediautomzt.mx/wp-content/uploads/2026/08/d40bdfef-1004-42f1-934f-9dd342ee611d.jpg,https://krediautomzt.mx/vehiculos/chevrolet-captiva-lt-7-pasajeros-2023-roja-aut/,https://krediautomzt.mx/wp-content/uploads/2026/08/WhatsApp-Image-2026-08-05-at-6.43.54-PM-1.jpeg,https://krediautomzt.mx/wp-content/uploads/2026/08/WhatsApp-Image-2026-08-05-at-6.43.56-PM-2.jpeg,https://krediautomzt.mx/wp-content/uploads/2026/08/WhatsApp-Image-2026-08-05-at-6.43.54-PM-2.jpeg,https://krediautomzt.mx/wp-content/uploads/2026/08/WhatsApp-Image-2026-08-05-at-6.43.54-PM.jpeg,https://krediautomzt.mx/wp-content/uploads/2026/08/WhatsApp-Image-2026-08-05-at-6.43.55-PM-1.jpeg,https://krediautomzt.mx/wp-content/uploads/2026/08/WhatsApp-Image-2026-08-05-at-6.43.55-PM-2.jpeg,https://krediautomzt.mx/wp-content/uploads/2026/08/WhatsApp-Image-2026-08-05-at-6.43.55-PM-3.jpeg,https://krediautomzt.mx/wp-content/uploads/2026/08/WhatsApp-Image-2026-08-05-at-6.43.55-PM-4.jpeg,https://krediautomzt.mx/wp-content/uploads/2026/08/WhatsApp-Image-2026-08-05-at-6.43.55-PM.jpeg,https://krediautomzt.mx/wp-content/uploads/2026/08/WhatsApp-Image-2026-08-05-at-6.43.56-PM-1.jpeg,https://krediautomzt.mx/wp-content/uploads/2026/08/WhatsApp-Image-2026-08-05-at-6.43.56-PM.jpeg,,,,,,12,OK,krediauto-imagenes/imagenes/45136,344000.00,26000,2023,OK,LT,SUV,Gasolina,4,Automatico,No Incluye,Interior de cuero; Ventanas electricas; Control de AC; Boton de encedido; Radio; Bolsas de Aire; Control de tracción; Seguros Eléctricos,OK
46085,CHEVROLET CAPTIVA PREMIER 7 PASAJEROS AUT 2023,CHEVROLET,CAPTIVA,Mazatlán,https://krediautomzt.mx/wp-content/uploads/2026/09/WhatsApp-Image-2026-09-08-at-3.56.30-PM.jpeg,https://krediautomzt.mx/vehiculos/chevrolet-captiva-premier-7-pasajeros-aut-2023/,https://krediautomzt.mx/wp-content/uploads/2026/09/WhatsApp-Image-2026-09-08-at-3.56.59-PM-1.jpeg,https://krediautomzt.mx/wp-content/uploads/2026/09/WhatsApp-Image-2026-09-08-at-3.56.29-PM.jpeg,https://krediautomzt.mx/wp-content/uploads/2026/09/WhatsApp-Image-2026-09-08-at-3.56.56-PM.jpeg,https://krediautomzt.mx/wp-content/uploads/2026/09/WhatsApp-Image-2026-09-08-at-3.56.58-PM-1.jpeg,https://krediautomzt.mx/wp-content/uploads/2026/09/WhatsApp-Image-2026-09-08-at-3.56.31-PM.jpeg,https://krediautomzt.mx/wp-content/uploads/2026/09/WhatsApp-Image-2026-09-08-at-3.56.58-PM-2.jpeg,https://krediautomzt.mx/wp-content/uploads/2026/09/WhatsApp-Image-2026-09-08-at-3.56.59-PM-1-1.jpeg,https://krediautomzt.mx/wp-content/uploads/2026/09/WhatsApp-Image-2026-09-08-at-3.57.01-PM-1.jpeg,https://krediautomzt.mx/wp-content/uploads/2026/09/WhatsApp-Image-2026-09-08-at-3.56.59-PM-2.jpeg,https://krediautomzt.mx/wp-content/uploads/2026/09/WhatsApp-Image-2026-09-08-at-3.56.59-PM-3.jpeg,https://krediautomzt.mx/wp-content/uploads/2026/09/WhatsApp-Image-2026-09-08-at-3.56.59-PM.jpeg,https://krediautomzt.mx/wp-content/uploads/2026/09/WhatsApp-Image-2026-09-08-at-3.57.00-PM-1.jpeg,https://krediautomzt.mx/wp-content/uploads/2026/09/WhatsApp-Image-2026-09-08-at-3.57.00-PM.jpeg,https://krediautomzt.mx/wp-content/uploads/2026/09/WhatsApp-Image-2026-09-08-at-11.08.05-AM-1.jpeg,https://krediautomzt.mx/wp-content/uploads/2026/09/WhatsApp-Image-2026-09-08-at-3.57.01-PM.jpeg,https://krediautomzt.mx/wp-content/uploads/2026/09/WhatsApp-Image-2026-09-08-at-3.57.06-PM.jpeg,17,OK,krediauto-imagenes/imagenes/46085,360000.00,40000,2023,OK,PREMIER,SUV,Gasolina,4,Automatico,No Incluye,Interior de cuero; Quema cocos; Ventanas electricas; Control de AC; Boton de encedido; Radio; Bolsas de Aire; Control de tracción; Seguros Eléctricos,OK
44270,CHEVROLET CAVALIER LS AUT 2024,CHEVROLET,CAVALIER,Mazatlán,https://krediautomzt.mx/wp-content/uploads/2026/07/8ebc2ff7-99f0-480d-bbde-6abb702c8961.jpg,https://krediautomzt.mx/vehiculos/chevrolet-cavalier-ls-aut-2024/,https://krediautomzt.mx/wp-content/uploads/2026/07/WhatsApp-Image-2026-07-01-at-9.40.17-AM-4.jpeg,https://krediautomzt.mx/wp-content/uploads/2026/07/WhatsApp-Image-2026-07-01-at-9.40.16-AM-1.jpeg,https://krediautomzt.mx/wp-content/uploads/2026/07/WhatsApp-Image-2026-07-01-at-9.40.16-AM.jpeg,https://krediautomzt.mx/wp-content/uploads/2026/07/WhatsApp-Image-2026-07-01-at-9.40.17-AM-1.jpeg,https://krediautomzt.mx/wp-content/uploads/2026/07/WhatsApp-Image-2026-07-01-at-9.40.17-AM-2.jpeg,https://krediautomzt.mx/wp-content/uploads/2026/07/WhatsApp-Image-2026-07-01-at-9.40.17-AM-3.jpeg,https://krediautomzt.mx/wp-content/uploads/2026/07/WhatsApp-Image-2026-07-01-at-9.40.17-AM.jpeg,https://krediautomzt.mx/wp-content/uploads/2026/07/WhatsApp-Image-2026-07-01-at-10.23.44-AM.jpeg,,,,,,,,,9,OK,krediauto-imagenes/imagenes/44270,279000.00,23100,2024,OK,LS,Sedan,Gasolina,3,Automatico,No Incluye,Ventanas electricas; Control de AC; Boton de encedido; Radio; Bolsas de Aire; Control de tracción; Seguros Eléctricos,OK
43106,CHEVROLET MONTANA RS AUT 2024*,CHEVROLET,—,Mazatlán,https://krediautomzt.mx/wp-content/uploads/2026/04/WhatsApp-Image-2026-04-22-at-6.01.04-PM-1-1.jpeg,https://krediautomzt.mx/vehiculos/chevrolet-montana-rs-2024/,https://krediautomzt.mx/wp-content/uploads/2026/04/WhatsApp-Image-2026-04-22-at-6.12.20-PM-1.jpeg,https://krediautomzt.mx/wp-content/uploads/2026/04/WhatsApp-Image-2026-04-22-at-6.12.20-PM-2.jpeg,https://krediautomzt.mx/wp-content/uploads/2026/04/WhatsApp-Image-2026-04-22-at-6.12.21-PM-1.jpeg,https://krediautomzt.mx/wp-content/uploads/2026/04/WhatsApp-Image-2026-04-22-at-6.12.21-PM.jpeg,https://krediautomzt.mx/wp-content/uploads/2026/04/WhatsApp-Image-2026-04-22-at-6.12.23-PM.jpeg,https://krediautomzt.mx/wp-content/uploads/2026/04/WhatsApp-Image-2026-04-22-at-6.12.22-PM-1.jpeg,https://krediautomzt.mx/wp-content/uploads/2026/04/WhatsApp-Image-2026-04-22-at-6.12.22-PM.jpeg,,,,,,,,,,8,OK,krediauto-imagenes/imagenes/43106,454000.00,21000,2024,OK,MONTANA RS,Pickup,Gasolina,4,Automatico,No Incluye,Interior de cuero; Ventanas electricas; Boton de encedido; Radio; Bolsas de Aire; Control de tracción; Seguros Eléctricos,OK
44575,CHEVROLET SUBURBAN LT 2023,CHEVROLET,SUBURBAN,Mazatlán,https://krediautomzt.mx/wp-content/uploads/2026/07/f4c08825-02f1-432a-ab0b-8b373da69fd1.jpg,https://krediautomzt.mx/vehiculos/chevrolet-suburban-lt-2023/,https://krediautomzt.mx/wp-content/uploads/2026/07/WhatsApp-Image-2026-07-09-at-10.24.38-AM.jpeg,https://krediautomzt.mx/wp-content/uploads/2026/07/WhatsApp-Image-2026-07-09-at-10.24.39-AM-5.jpeg,https://krediautomzt.mx/wp-content/uploads/2026/07/WhatsApp-Image-2026-07-09-at-10.24.40-AM-3.jpeg,https://krediautomzt.mx/wp-content/uploads/2026/07/WhatsApp-Image-2026-07-09-at-10.24.39-AM-6.jpeg,https://krediautomzt.mx/wp-content/uploads/2026/07/WhatsApp-Image-2026-07-09-at-10.24.39-AM-7.jpeg,https://krediautomzt.mx/wp-content/uploads/2026/07/WhatsApp-Image-2026-07-09-at-10.24.40-AM.jpeg,https://krediautomzt.mx/wp-content/uploads/2026/07/WhatsApp-Image-2026-07-09-at-10.24.40-AM-1.jpeg,https://krediautomzt.mx/wp-content/uploads/2026/07/WhatsApp-Image-2026-07-09-at-10.24.40-AM-2.jpeg,,,,,,,,,9,OK,krediauto-imagenes/imagenes/44575,990000.00,49000,2023,OK,LT,SUV,Gasolina,8,Automatico,No Incluye,Ventanas electricas; Control de AC; Boton de encedido; Radio; Bolsas de Aire; Control de tracción; Seguros Eléctricos,OK
46045,CHEVROLET TRACKER LT AUT 2021,CHEVROLET,tracker,Mazatlán,https://krediautomzt.mx/wp-content/uploads/2026/09/WhatsApp-Image-2026-09-07-at-12.18.01-PM.jpeg,https://krediautomzt.mx/vehiculos/chevrolet-tracker-lt-aut-2021/,https://krediautomzt.mx/wp-content/uploads/2026/09/WhatsApp-Image-2026-09-07-at-12.18.03-PM-4.jpeg,https://krediautomzt.mx/wp-content/uploads/2026/09/WhatsApp-Image-2026-09-07-at-12.18.01-PM-1.jpeg,https://krediautomzt.mx/wp-content/uploads/2026/09/WhatsApp-Image-2026-09-07-at-12.18.02-PM-1.jpeg,https://krediautomzt.mx/wp-content/uploads/2026/09/WhatsApp-Image-2026-09-07-at-12.18.02-PM-3.jpeg,https://krediautomzt.mx/wp-content/uploads/2026/09/WhatsApp-Image-2026-09-07-at-12.18.02-PM-4.jpeg,https://krediautomzt.mx/wp-content/uploads/2026/09/WhatsApp-Image-2026-09-07-at-12.18.02-PM-5.jpeg,https://krediautomzt.mx/wp-content/uploads/2026/09/WhatsApp-Image-2026-09-07-at-12.18.02-PM.jpeg,https://krediautomzt.mx/wp-content/uploads/2026/09/WhatsApp-Image-2026-09-07-at-12.18.03-PM-1.jpeg,https://krediautomzt.mx/wp-content/uploads/2026/09/WhatsApp-Image-2026-09-07-at-12.18.03-PM-3.jpeg,https://krediautomzt.mx/wp-content/uploads/2026/09/WhatsApp-Image-2026-09-07-at-12.18.03-PM.jpeg,https://krediautomzt.mx/wp-content/uploads/2026/09/WhatsApp-Image-2026-09-07-at-12.18.04-PM.jpeg,,,,,,12,OK,krediauto-imagenes/imagenes/46045,259000.00,66000,2021,OK,LT,SUV,Gasolina,4,Automatico,No Incluye,Interior de cuero; Ventanas electricas; Control de AC; Boton de encedido; Radio; Bolsas de Aire; Control de tracción; Seguros Eléctricos,OK
44412,CHRYSLER PACIFICA LIMITED AUT 2019,CHRYSLER,PACIFICA,Mazatlán,https://krediautomzt.mx/wp-content/uploads/2026/07/fcc6c572-ab08-41a4-960f-0c3f8c41da38.jpg,https://krediautomzt.mx/vehiculos/chrysler-pacifica-limited-aut-2019/,https://krediautomzt.mx/wp-content/uploads/2026/07/WhatsApp-Image-2026-07-06-at-3.54.53-PM.jpeg,https://krediautomzt.mx/wp-content/uploads/2026/07/WhatsApp-Image-2026-07-06-at-3.54.54-PM.jpeg,https://krediautomzt.mx/wp-content/uploads/2026/07/WhatsApp-Image-2026-07-06-at-3.54.55-PM.jpeg,https://krediautomzt.mx/wp-content/uploads/2026/07/WhatsApp-Image-2026-07-06-at-3.54.55-PM-1.jpeg,https://krediautomzt.mx/wp-content/uploads/2026/07/WhatsApp-Image-2026-07-06-at-3.54.55-PM-2.jpeg,https://krediautomzt.mx/wp-content/uploads/2026/07/WhatsApp-Image-2026-07-06-at-3.54.55-PM-3.jpeg,https://krediautomzt.mx/wp-content/uploads/2026/07/WhatsApp-Image-2026-07-06-at-3.54.55-PM-4.jpeg,https://krediautomzt.mx/wp-content/uploads/2026/07/WhatsApp-Image-2026-07-06-at-3.54.55-PM-5.jpeg,https://krediautomzt.mx/wp-content/uploads/2026/07/WhatsApp-Image-2026-07-06-at-3.54.56-PM-3.jpeg,https://krediautomzt.mx/wp-content/uploads/2026/07/WhatsApp-Image-2026-07-06-at-3.54.56-PM-1.jpeg,https://krediautomzt.mx/wp-content/uploads/2026/07/WhatsApp-Image-2026-07-06-at-3.54.56-PM-2.jpeg,https://krediautomzt.mx/wp-content/uploads/2026/07/WhatsApp-Image-2026-07-06-at-3.54.56-PM-6.jpeg,https://krediautomzt.mx/wp-content/uploads/2026/07/WhatsApp-Image-2026-07-06-at-3.54.56-PM-4.jpeg,https://krediautomzt.mx/wp-content/uploads/2026/07/WhatsApp-Image-2026-07-06-at-3.54.56-PM-5.jpeg,https://krediautomzt.mx/wp-content/uploads/2026/07/WhatsApp-Image-2026-07-06-at-3.54.56-PM.jpeg,,16,OK,krediauto-imagenes/imagenes/44412,289000.00,90548,2019,OK,LIMITED,SUV,Gasolina,4,Automatico,No Incluye,Interior de cuero; Ventanas electricas; Control de AC; Boton de encedido; Radio; Bolsas de Aire; Control de tracción; Seguros Eléctricos,OK
46246,DODGE ATTITUDE GT AUT 2026,DODGE,ATTITUDE,Mazatlán,https://krediautomzt.mx/wp-content/uploads/2026/09/81716e33-6186-40df-a11d-2eb872dd5d3f.jpg,https://krediautomzt.mx/vehiculos/dodge-attitude-gt-aut-2026/,https://krediautomzt.mx/wp-content/uploads/2026/09/WhatsApp-Image-2026-09-14-at-5.00.29-PM-2.jpeg,https://krediautomzt.mx/wp-content/uploads/2026/09/WhatsApp-Image-2026-09-14-at-5.00.28-PM-1.jpeg,https://krediautomzt.mx/wp-content/uploads/2026/09/WhatsApp-Image-2026-09-14-at-5.00.28-PM-2.jpeg,https://krediautomzt.mx/wp-content/uploads/2026/09/WhatsApp-Image-2026-09-14-at-5.00.29-PM-1.jpeg,https://krediautomzt.mx/wp-content/uploads/2026/09/WhatsApp-Image-2026-09-14-at-5.00.28-PM.jpeg,https://krediautomzt.mx/wp-content/uploads/2026/09/WhatsApp-Image-2026-09-14-at-5.00.30-PM-1.jpeg,https://krediautomzt.mx/wp-content/uploads/2026/09/WhatsApp-Image-2026-09-14-at-5.00.29-PM-3.jpeg,https://krediautomzt.mx/wp-content/uploads/2026/09/WhatsApp-Image-2026-09-14-at-5.00.29-PM-4.jpeg,https://krediautomzt.mx/wp-content/uploads/2026/09/WhatsApp-Image-2026-09-14-at-5.00.29-PM-5.jpeg,https://krediautomzt.mx/wp-content/uploads/2026/09/WhatsApp-Image-2026-09-14-at-5.00.29-PM-6.jpeg,https://krediautomzt.mx/wp-content/uploads/2026/09/WhatsApp-Image-2026-09-14-at-5.00.29-PM.jpeg,https://krediautomzt.mx/wp-content/uploads/2026/09/WhatsApp-Image-2026-09-14-at-5.00.30-PM.jpeg,https://krediautomzt.mx/wp-content/uploads/2026/09/WhatsApp-Image-2026-09-14-at-5.00.30-PM-2.jpeg,https://krediautomzt.mx/wp-content/uploads/2026/09/WhatsApp-Image-2026-09-14-at-5.00.30-PM-3.jpeg,,,15,OK,krediauto-imagenes/imagenes/46246,435000.00,2000,2026,OK,GT,Sedan,Gasolina,4,Automatico,No Incluye,Dirección Asistida; Interior de cuero; Quema cocos; Ventanas electricas; Control de AC; Espejos térmicos; Boton de encedido; Radio; Bolsas de Aire; Control de tracción; Seguros Eléctricos,OK
45807,DODGE ATTITUDE SPORT AUT 2025,DODGE,ATTITUDE,Mazatlán,https://krediautomzt.mx/wp-content/uploads/2026/08/WhatsApp-Image-2026-08-26-at-6.23.25-PM-4.jpeg,https://krediautomzt.mx/vehiculos/dodge-attitude-sport-aut-2025/,https://krediautomzt.mx/wp-content/uploads/2026/08/WhatsApp-Image-2026-08-26-at-6.23.26-PM-4.jpeg,https://krediautomzt.mx/wp-content/uploads/2026/08/WhatsApp-Image-2026-08-26-at-6.23.24-PM-1.jpeg,https://krediautomzt.mx/wp-content/uploads/2026/08/WhatsApp-Image-2026-08-26-at-6.23.24-PM.jpeg,https://krediautomzt.mx/wp-content/uploads/2026/08/WhatsApp-Image-2026-08-26-at-6.23.25-PM-1.jpeg,https://krediautomzt.mx/wp-content/uploads/2026/08/WhatsApp-Image-2026-08-26-at-6.23.25-PM-2.jpeg,https://krediautomzt.mx/wp-content/uploads/2026/08/WhatsApp-Image-2026-08-26-at-6.23.25-PM-3.jpeg,https://krediautomzt.mx/wp-content/uploads/2026/08/WhatsApp-Image-2026-08-26-at-6.23.25-PM-5.jpeg,https://krediautomzt.mx/wp-content/uploads/2026/08/WhatsApp-Image-2026-08-26-at-6.23.25-PM.jpeg,https://krediautomzt.mx/wp-content/uploads/2026/08/WhatsApp-Image-2026-08-26-at-6.23.26-PM-1.jpeg,https://krediautomzt.mx/wp-content/uploads/2026/08/WhatsApp-Image-2026-08-26-at-6.23.26-PM-2.jpeg,https://krediautomzt.mx/wp-content/uploads/2026/08/WhatsApp-Image-2026-08-26-at-6.23.26-PM-3.jpeg,https://krediautomzt.mx/wp-content/uploads/2026/08/WhatsApp-Image-2026-08-26-at-6.23.26-PM.jpeg,,,,,13,OK,krediauto-imagenes/imagenes/45807,379000.00,23000,2025,OK,SPORT,Sedan,Gasolina,4,Automatico,No Incluye,Dirección Asistida; Interior de cuero; Quema cocos; Ventanas electricas; Control de AC; Boton de encedido; Radio; Bolsas de Aire; Control de tracción; Seguros Eléctricos,OK
44969,DODGE JOURNEY GT PLUS 2024,DODGE,JOURNEY,Mazatlán,https://krediautomzt.mx/wp-content/uploads/2026/07/1ec46aa3-c987-4f51-96c0-5d1ebf6fd484.jpg,https://krediautomzt.mx/vehiculos/dodge-journey-gt-plus-2024/,https://krediautomzt.mx/wp-content/uploads/2026/07/WhatsApp-Image-2026-07-23-at-5.44.37-PM.jpeg,https://krediautomzt.mx/wp-content/uploads/2026/07/WhatsApp-Image-2026-07-23-at-5.44.39-PM.jpeg,https://krediautomzt.mx/wp-content/uploads/2026/07/WhatsApp-Image-2026-07-23-at-5.44.37-PM-1.jpeg,https://krediautomzt.mx/wp-content/uploads/2026/07/WhatsApp-Image-2026-07-23-at-5.44.38-PM-1.jpeg,https://krediautomzt.mx/wp-content/uploads/2026/07/WhatsApp-Image-2026-07-23-at-5.44.38-PM-2.jpeg,https://krediautomzt.mx/wp-content/uploads/2026/07/WhatsApp-Image-2026-07-23-at-5.44.38-PM-4.jpeg,https://krediautomzt.mx/wp-content/uploads/2026/07/WhatsApp-Image-2026-07-23-at-5.44.38-PM-5.jpeg,https://krediautomzt.mx/wp-content/uploads/2026/07/WhatsApp-Image-2026-07-23-at-5.44.39-PM-1.jpeg,,,,,,,,,9,OK,krediauto-imagenes/imagenes/44969,435000.00,13000,2024,OK,GT PLUS,SUV,Gasolina,4,Automatico,No Incluye,Dirección Asistida; Interior de cuero; Quema cocos; Ventanas electricas; Control de AC; Boton de encedido; Radio; Bolsas de Aire; Control de tracción; Seguros Eléctricos,OK
46025,DODGE RAM 700/2022,DODGE,RAM 700,Mazatlán,https://krediautomzt.mx/wp-content/uploads/2026/09/WhatsApp-Image-2026-06-10-at-2.10.43-PM-1.jpeg,https://krediautomzt.mx/vehiculos/dodge-ram-700-2022/,https://krediautomzt.mx/wp-content/uploads/2026/09/WhatsApp-Image-2026-06-10-at-2.10.50-PM-1.jpeg,https://krediautomzt.mx/wp-content/uploads/2026/09/WhatsApp-Image-2026-06-10-at-2.11.07-PM-1.jpeg,https://krediautomzt.mx/wp-content/uploads/2026/09/WhatsApp-Image-2026-06-10-at-2.11.17-PM-1.jpeg,https://krediautomzt.mx/wp-content/uploads/2026/09/WhatsApp-Image-2026-06-10-at-2.11.29-PM-1.jpeg,https://krediautomzt.mx/wp-content/uploads/2026/09/WhatsApp-Image-2026-06-10-at-2.11.40-PM-1.jpeg,,,,,,,,,,,,6,OK,krediauto-imagenes/imagenes/46025,264000.00,48000,2022,OK,Not set,Pickup,Gasolina,4,Automatico,No Incluye,Ventanas electricas; Control de AC; Radio; Bolsas de Aire; Seguros Eléctricos,OK
45757,FORD BRONCO OUTER BANKS AUT 2022,FORD,Bronco,Mazatlán,https://krediautomzt.mx/wp-content/uploads/2026/08/122821e5-8b5b-4b81-bcb6-fb99b161137c.jpg,https://krediautomzt.mx/vehiculos/ford-bronco-outer-banks-aut-2022/,https://krediautomzt.mx/wp-content/uploads/2026/08/WhatsApp-Image-2026-08-25-at-6.36.39-PM-3.jpeg,https://krediautomzt.mx/wp-content/uploads/2026/08/WhatsApp-Image-2026-08-25-at-6.36.37-PM-2.jpeg,https://krediautomzt.mx/wp-content/uploads/2026/08/WhatsApp-Image-2026-08-25-at-6.36.37-PM.jpeg,https://krediautomzt.mx/wp-content/uploads/2026/08/WhatsApp-Image-2026-08-25-at-6.36.38-PM-1.jpeg,https://krediautomzt.mx/wp-content/uploads/2026/08/WhatsApp-Image-2026-08-25-at-6.36.38-PM-2.jpeg,https://krediautomzt.mx/wp-content/uploads/2026/08/WhatsApp-Image-2026-08-25-at-6.36.38-PM-3.jpeg,https://krediautomzt.mx/wp-content/uploads/2026/08/WhatsApp-Image-2026-08-25-at-6.36.38-PM.jpeg,https://krediautomzt.mx/wp-content/uploads/2026/08/WhatsApp-Image-2026-08-25-at-6.36.39-PM-1.jpeg,https://krediautomzt.mx/wp-content/uploads/2026/08/WhatsApp-Image-2026-08-25-at-6.36.39-PM-2.jpeg,https://krediautomzt.mx/wp-content/uploads/2026/08/WhatsApp-Image-2026-08-25-at-6.36.39-PM.jpeg,,,,,,,11,OK,krediauto-imagenes/imagenes/45757,490000.00,52841,2022,OK,OUTER BANKS,SUV,Gasolina,4,Automatico,No Incluye,Ventanas electricas; Control de AC; Boton de encedido; Radio; Bolsas de Aire; Control de tracción; Seguros Eléctricos,OK
44377,FORD EXPEDITION 2024,FORD,EXPEDITION,Mazatlán,https://krediautomzt.mx/wp-content/uploads/2026/07/366bfb34-006f-4e64-9dfd-065b968ec12b.jpg,https://krediautomzt.mx/vehiculos/ford-expedition-2024/,https://krediautomzt.mx/wp-content/uploads/2026/07/WhatsApp-Image-2026-07-04-at-11.39.42-AM-3.jpeg,https://krediautomzt.mx/wp-content/uploads/2026/07/WhatsApp-Image-2026-07-04-at-11.39.39-AM.jpeg,https://krediautomzt.mx/wp-content/uploads/2026/07/WhatsApp-Image-2026-07-04-at-11.39.39-AM-2.jpeg,https://krediautomzt.mx/wp-content/uploads/2026/07/WhatsApp-Image-2026-07-04-at-11.39.40-AM.jpeg,https://krediautomzt.mx/wp-content/uploads/2026/07/WhatsApp-Image-2026-07-04-at-11.39.40-AM-1.jpeg,https://krediautomzt.mx/wp-content/uploads/2026/07/WhatsApp-Image-2026-07-04-at-11.39.40-AM-2.jpeg,https://krediautomzt.mx/wp-content/uploads/2026/07/WhatsApp-Image-2026-07-04-at-11.39.41-AM.jpeg,https://krediautomzt.mx/wp-content/uploads/2026/07/WhatsApp-Image-2026-07-04-at-11.39.41-AM-1.jpeg,https://krediautomzt.mx/wp-content/uploads/2026/07/WhatsApp-Image-2026-07-04-at-11.39.41-AM-2.jpeg,https://krediautomzt.mx/wp-content/uploads/2026/07/WhatsApp-Image-2026-07-04-at-11.39.42-AM.jpeg,https://krediautomzt.mx/wp-content/uploads/2026/07/WhatsApp-Image-2026-07-04-at-11.39.42-AM-1.jpeg,https://krediautomzt.mx/wp-content/uploads/2026/07/WhatsApp-Image-2026-07-04-at-11.39.42-AM-2.jpeg,,,,,13,OK,krediauto-imagenes/imagenes/44377,1150000.00,26000,2024,OK,EXPEDITION,SUV,Gasolina,4,Automatico,No Incluye,Interior de cuero; Ventanas electricas; Control de AC; Boton de encedido; Radio; Bolsas de Aire; Control de tracción; Seguros Eléctricos,OK
45720,FORD TERRITORY AMBIENT 2024 AUT,FORD,TERRITORY,Mazatlán,https://krediautomzt.mx/wp-content/uploads/2026/08/a875a6ea-07c9-4778-8d84-b94f1948ead2.jpg,https://krediautomzt.mx/vehiculos/ford-territory-ambient-2024-aut/,https://krediautomzt.mx/wp-content/uploads/2026/08/WhatsApp-Image-2026-08-20-at-11.04.38-AM.jpeg,https://krediautomzt.mx/wp-content/uploads/2026/08/WhatsApp-Image-2026-08-20-at-11.04.38-AM-1.jpeg,https://krediautomzt.mx/wp-content/uploads/2026/08/WhatsApp-Image-2026-08-20-at-11.04.39-AM.jpeg,https://krediautomzt.mx/wp-content/uploads/2026/08/WhatsApp-Image-2026-08-20-at-11.04.39-AM-1.jpeg,https://krediautomzt.mx/wp-content/uploads/2026/08/WhatsApp-Image-2026-08-20-at-11.04.39-AM-2.jpeg,https://krediautomzt.mx/wp-content/uploads/2026/08/WhatsApp-Image-2026-08-20-at-11.04.40-AM.jpeg,https://krediautomzt.mx/wp-content/uploads/2026/08/WhatsApp-Image-2026-08-20-at-11.04.40-AM-1.jpeg,https://krediautomzt.mx/wp-content/uploads/2026/08/WhatsApp-Image-2026-08-20-at-11.04.41-AM.jpeg,https://krediautomzt.mx/wp-content/uploads/2026/08/WhatsApp-Image-2026-08-20-at-11.04.42-AM.jpeg,https://krediautomzt.mx/wp-content/uploads/2026/08/WhatsApp-Image-2026-08-20-at-11.04.42-AM-1.jpeg,,,,,,,11,OK,krediauto-imagenes/imagenes/45720,440000.00,28000,2024,OK,AMBIENT,SUV,Gasolina,4,Automatico,No Incluye,,OK
44005,FORD TERRITORY TREND/2025,FORD,TERRITORY,Mazatlán,https://krediautomzt.mx/wp-content/uploads/2026/06/WhatsApp-Image-2026-06-19-at-9.41.38-AM-4.jpeg,https://krediautomzt.mx/vehiculos/ford-territory-trend-2025/,https://krediautomzt.mx/wp-content/uploads/2026/06/WhatsApp-Image-2026-06-19-at-9.41.38-AM-1.jpeg,https://krediautomzt.mx/wp-content/uploads/2026/06/WhatsApp-Image-2026-06-19-at-9.41.38-AM-2.jpeg,https://krediautomzt.mx/wp-content/uploads/2026/06/WhatsApp-Image-2026-06-19-at-9.41.38-AM-3.jpeg,https://krediautomzt.mx/wp-content/uploads/2026/06/WhatsApp-Image-2026-06-19-at-9.41.38-AM-5.jpeg,https://krediautomzt.mx/wp-content/uploads/2026/06/WhatsApp-Image-2026-06-19-at-9.41.38-AM-6.jpeg,https://krediautomzt.mx/wp-content/uploads/2026/06/WhatsApp-Image-2026-06-19-at-9.41.38-AM-7.jpeg,https://krediautomzt.mx/wp-content/uploads/2026/06/WhatsApp-Image-2026-06-19-at-9.41.38-AM-8.jpeg,https://krediautomzt.mx/wp-content/uploads/2026/06/WhatsApp-Image-2026-06-19-at-9.41.39-AM.jpeg,,,,,,,,,9,OK,krediauto-imagenes/imagenes/44005,529000.00,25000,2025,OK,TERRITORY,Sedan,Gasolina,4,Automatico,No Incluye,Interior de cuero; Quema cocos; Ventanas electricas; Control de AC; Boton de encedido; Radio; Bolsas de Aire; Control de tracción; Seguros Eléctricos,OK
44308,GMC TERRAIN AT4 2023,GMC,TERRAIN,Mazatlán,https://krediautomzt.mx/wp-content/uploads/2026/07/d7a52b8d-7af2-4fd0-aee9-abe654c27f26.jpg,https://krediautomzt.mx/vehiculos/gmc-terrain-at4-2023/,https://krediautomzt.mx/wp-content/uploads/2026/07/WhatsApp-Image-2026-06-26-at-11.29.13-AM-3.jpeg,https://krediautomzt.mx/wp-content/uploads/2026/07/WhatsApp-Image-2026-06-26-at-11.29.13-AM-3-1.jpeg,https://krediautomzt.mx/wp-content/uploads/2026/07/WhatsApp-Image-2026-06-26-at-11.29.11-AM-1.jpeg,https://krediautomzt.mx/wp-content/uploads/2026/07/WhatsApp-Image-2026-06-26-at-11.29.11-AM-2.jpeg,https://krediautomzt.mx/wp-content/uploads/2026/07/WhatsApp-Image-2026-06-26-at-11.29.11-AM.jpeg,https://krediautomzt.mx/wp-content/uploads/2026/07/WhatsApp-Image-2026-06-26-at-11.29.12-AM-1.jpeg,https://krediautomzt.mx/wp-content/uploads/2026/07/WhatsApp-Image-2026-06-26-at-11.29.12-AM-2.jpeg,https://krediautomzt.mx/wp-content/uploads/2026/07/WhatsApp-Image-2026-06-26-at-11.29.12-AM-3.jpeg,https://krediautomzt.mx/wp-content/uploads/2026/07/WhatsApp-Image-2026-06-26-at-11.29.12-AM-4.jpeg,https://krediautomzt.mx/wp-content/uploads/2026/07/WhatsApp-Image-2026-06-26-at-11.29.12-AM-5.jpeg,https://krediautomzt.mx/wp-content/uploads/2026/07/WhatsApp-Image-2026-06-26-at-11.29.12-AM.jpeg,https://krediautomzt.mx/wp-content/uploads/2026/07/WhatsApp-Image-2026-06-26-at-11.29.13-AM-1.jpeg,https://krediautomzt.mx/wp-content/uploads/2026/07/WhatsApp-Image-2026-06-26-at-11.29.13-AM-2.jpeg,https://krediautomzt.mx/wp-content/uploads/2026/07/WhatsApp-Image-2026-06-26-at-11.29.13-AM.jpeg,,,15,OK,krediauto-imagenes/imagenes/44308,519000.00,25000,2023,OK,GMC,SUV,Gasolina,4,Automatico,No Incluye,Interior de cuero; Quema cocos; Ventanas electricas; Control de AC; Boton de encedido; Radio; Bolsas de Aire; Control de tracción; Seguros Eléctricos,OK
43346,HONDA CRV TURBO PLUS 2019,HONDA,CRV,Mazatlán,https://krediautomzt.mx/wp-content/uploads/2026/05/WhatsApp-Image-2026-05-12-at-11.33.31-AM.jpeg,https://krediautomzt.mx/vehiculos/honda-crv-turbo-plus-2019/,https://krediautomzt.mx/wp-content/uploads/2026/05/WhatsApp-Image-2026-05-12-at-11.33.31-AM-4.jpeg,https://krediautomzt.mx/wp-content/uploads/2026/05/WhatsApp-Image-2026-05-12-at-11.33.31-AM-1.jpeg,https://krediautomzt.mx/wp-content/uploads/2026/05/WhatsApp-Image-2026-05-12-at-11.33.31-AM-3.jpeg,https://krediautomzt.mx/wp-content/uploads/2026/05/WhatsApp-Image-2026-05-12-at-11.33.31-AM-2.jpeg,https://krediautomzt.mx/wp-content/uploads/2026/05/WhatsApp-Image-2026-05-12-at-11.33.32-AM-1.jpeg,https://krediautomzt.mx/wp-content/uploads/2026/05/WhatsApp-Image-2026-05-12-at-11.33.31-AM-5.jpeg,https://krediautomzt.mx/wp-content/uploads/2026/05/WhatsApp-Image-2026-05-12-at-11.33.32-AM.jpeg,https://krediautomzt.mx/wp-content/uploads/2026/05/WhatsApp-Image-2026-05-12-at-11.33.32-AM-2.jpeg,,,,,,,,,9,OK,krediauto-imagenes/imagenes/43346,390000.00,100000,2019,OK,TURBO PLUS,SUV,Gasolina,4,Automatico,No Incluye,Interior de cuero; Ventanas electricas; Control de AC; Boton de encedido; Radio; Bolsas de Aire; Control de tracción; Seguros Eléctricos,OK
46179,HYUNDAI CRETA GLS PREMIUM AUT 2022,HYUNDAI,CRETA,Mazatlán,https://krediautomzt.mx/wp-content/uploads/2026/09/WhatsApp-Image-2026-09-10-at-4.50.49-PM.jpeg,https://krediautomzt.mx/vehiculos/hyundai-creta-gls-premium-aut-2022/,https://krediautomzt.mx/wp-content/uploads/2026/09/WhatsApp-Image-2026-09-10-at-4.50.49-PM-8.jpeg,https://krediautomzt.mx/wp-content/uploads/2026/09/WhatsApp-Image-2026-09-10-at-4.50.48-PM.jpeg,https://krediautomzt.mx/wp-content/uploads/2026/09/WhatsApp-Image-2026-09-10-at-4.50.49-PM-1.jpeg,https://krediautomzt.mx/wp-content/uploads/2026/09/WhatsApp-Image-2026-09-10-at-4.50.49-PM-2.jpeg,https://krediautomzt.mx/wp-content/uploads/2026/09/WhatsApp-Image-2026-09-10-at-4.50.49-PM-3.jpeg,https://krediautomzt.mx/wp-content/uploads/2026/09/WhatsApp-Image-2026-09-10-at-4.50.49-PM-4.jpeg,https://krediautomzt.mx/wp-content/uploads/2026/09/WhatsApp-Image-2026-09-10-at-4.50.49-PM-5.jpeg,https://krediautomzt.mx/wp-content/uploads/2026/09/WhatsApp-Image-2026-09-10-at-4.50.49-PM-6.jpeg,https://krediautomzt.mx/wp-content/uploads/2026/09/WhatsApp-Image-2026-09-10-at-4.50.49-PM-7.jpeg,https://krediautomzt.mx/wp-content/uploads/2026/09/WhatsApp-Image-2026-09-10-at-4.50.49-PM-9.jpeg,,,,,,,11,OK,krediauto-imagenes/imagenes/46179,345000.00,56000,2022,OK,GLS,SUV,Gasolina,4,Automatico,No Incluye,Interior de cuero; Ventanas electricas; Control de AC; Boton de encedido; Radio; Bolsas de Aire; Control de tracción; Seguros Eléctricos,OK
46218,HYUNDAI CRETA GRAND GLS PREMIUM AT 2.0 2024,HYUNDAI,CRETA,Mazatlán,https://krediautomzt.mx/wp-content/uploads/2026/09/WhatsApp-Image-2026-09-11-at-6.27.59-PM-1.jpeg,https://krediautomzt.mx/vehiculos/hyundai-creta-grand-gls-premium-at-2-0-2024/,https://krediautomzt.mx/wp-content/uploads/2026/09/WhatsApp-Image-2026-09-11-at-6.28.02-PM-6.jpeg,https://krediautomzt.mx/wp-content/uploads/2026/09/WhatsApp-Image-2026-09-11-at-6.27.59-PM.jpeg,https://krediautomzt.mx/wp-content/uploads/2026/09/WhatsApp-Image-2026-09-11-at-6.28.01-PM-2.jpeg,https://krediautomzt.mx/wp-content/uploads/2026/09/WhatsApp-Image-2026-09-11-at-6.28.01-PM.jpeg,https://krediautomzt.mx/wp-content/uploads/2026/09/WhatsApp-Image-2026-09-11-at-6.28.02-PM-2.jpeg,https://krediautomzt.mx/wp-content/uploads/2026/09/WhatsApp-Image-2026-09-11-at-6.28.02-PM-3.jpeg,https://krediautomzt.mx/wp-content/uploads/2026/09/WhatsApp-Image-2026-09-11-at-6.28.02-PM-5.jpeg,https://krediautomzt.mx/wp-content/uploads/2026/09/WhatsApp-Image-2026-09-11-at-6.28.02-PM-4.jpeg,https://krediautomzt.mx/wp-content/uploads/2026/09/WhatsApp-Image-2026-09-11-at-6.28.02-PM-1.jpeg,https://krediautomzt.mx/wp-content/uploads/2026/09/WhatsApp-Image-2026-09-11-at-6.28.01-PM-1.jpeg,https://krediautomzt.mx/wp-content/uploads/2026/09/WhatsApp-Image-2026-09-11-at-6.28.02-PM.jpeg,,,,,,12,OK,krediauto-imagenes/imagenes/46218,416000.00,56000,2024,OK,GLS PREMIUM,SUV,Gasolina,4,Automatico,No Incluye,Interior de cuero; Ventanas electricas; Control de AC; Boton de encedido; Radio; Bolsas de Aire; Control de tracción; Seguros Eléctricos,OK
45943,HYUNDAI CRETA LIMITED TURBO AUT 2026,HYUNDAI,CRETA,Mazatlán,https://krediautomzt.mx/wp-content/uploads/2026/09/WhatsApp-Image-2026-09-02-at-1.20.05-PM.jpeg,https://krediautomzt.mx/vehiculos/hyundai-creta-limited-turbo-aut-2026/,https://krediautomzt.mx/wp-content/uploads/2026/09/WhatsApp-Image-2026-09-02-at-1.20.06-PM-1.jpeg,https://krediautomzt.mx/wp-content/uploads/2026/09/WhatsApp-Image-2026-09-02-at-1.20.06-PM-3.jpeg,https://krediautomzt.mx/wp-content/uploads/2026/09/WhatsApp-Image-2026-09-02-at-1.20.06-PM-4.jpeg,https://krediautomzt.mx/wp-content/uploads/2026/09/WhatsApp-Image-2026-09-02-at-1.20.07-PM.jpeg,https://krediautomzt.mx/wp-content/uploads/2026/09/WhatsApp-Image-2026-09-02-at-1.20.06-PM.jpeg,https://krediautomzt.mx/wp-content/uploads/2026/09/WhatsApp-Image-2026-09-02-at-1.20.07-PM-1.jpeg,https://krediautomzt.mx/wp-content/uploads/2026/09/WhatsApp-Image-2026-09-02-at-1.20.07-PM-2.jpeg,https://krediautomzt.mx/wp-content/uploads/2026/09/WhatsApp-Image-2026-09-02-at-1.20.07-PM-3.jpeg,https://krediautomzt.mx/wp-content/uploads/2026/09/WhatsApp-Image-2026-09-02-at-1.20.07-PM-4.jpeg,,,,,,,,10,OK,krediauto-imagenes/imagenes/45943,498000.00,9,2026,OK,LIMITED TURBO,SUV,Gasolina,4,Automatico,No Incluye,,OK
46274,HYUNDAI TUCSON LIMITED AUT 2019,HYUNDAI,TUCSON,Mazatlán,https://krediautomzt.mx/wp-content/uploads/2026/09/532c0ae7-5a31-4c23-9818-f324947400c6.jpg,https://krediautomzt.mx/vehiculos/hyundai-tucson-limited-aut-2019/,https://krediautomzt.mx/wp-content/uploads/2026/09/WhatsApp-Image-2026-09-17-at-12.57.12-PM.jpeg,https://krediautomzt.mx/wp-content/uploads/2026/09/WhatsApp-Image-2026-09-17-at-12.57.05-PM.jpeg,https://krediautomzt.mx/wp-content/uploads/2026/09/WhatsApp-Image-2026-09-17-at-12.57.08-PM-1.jpeg,https://krediautomzt.mx/wp-content/uploads/2026/09/WhatsApp-Image-2026-09-17-at-12.57.08-PM.jpeg,https://krediautomzt.mx/wp-content/uploads/2026/09/WhatsApp-Image-2026-09-17-at-12.57.11-PM-1.jpeg,https://krediautomzt.mx/wp-content/uploads/2026/09/WhatsApp-Image-2026-09-17-at-12.57.11-PM-3.jpeg,https://krediautomzt.mx/wp-content/uploads/2026/09/WhatsApp-Image-2026-09-17-at-12.57.11-PM.jpeg,https://krediautomzt.mx/wp-content/uploads/2026/09/WhatsApp-Image-2026-09-17-at-12.57.12-PM-2.jpeg,https://krediautomzt.mx/wp-content/uploads/2026/09/WhatsApp-Image-2026-09-17-at-12.57.11-PM-2.jpeg,https://krediautomzt.mx/wp-content/uploads/2026/09/WhatsApp-Image-2026-09-17-at-12.57.12-PM-1.jpeg,https://krediautomzt.mx/wp-content/uploads/2026/09/WhatsApp-Image-2026-09-17-at-12.57.08-PM-2.jpeg,,,,,,12,OK,krediauto-imagenes/imagenes/46274,280000.00,98000,2019,OK,LIMITED,SUV,Gasolina,4,Automatico,No Incluye,Interior de cuero; Ventanas electricas; Control de AC; Boton de encedido; Radio; Bolsas de Aire; Control de tracción; Seguros Eléctricos,OK
41370,JEEP SAHARA 4X4 2023,JEEP,Sahara,Mazatlán,https://krediautomzt.mx/wp-content/uploads/2026/01/WhatsApp-Image-2026-08-18-at-1.45.37-PM.jpeg,https://krediautomzt.mx/vehiculos/jeep-sahara-4x4-2023/,https://krediautomzt.mx/wp-content/uploads/2026/01/WhatsApp-Image-2026-01-29-at-10.40.29-AM-2.jpeg,https://krediautomzt.mx/wp-content/uploads/2026/01/WhatsApp-Image-2026-01-29-at-10.40.28-AM.jpeg,https://krediautomzt.mx/wp-content/uploads/2026/01/WhatsApp-Image-2026-01-29-at-10.40.28-AM-1.jpeg,https://krediautomzt.mx/wp-content/uploads/2026/01/WhatsApp-Image-2026-01-29-at-10.40.28-AM-2.jpeg,https://krediautomzt.mx/wp-content/uploads/2026/01/WhatsApp-Image-2026-01-29-at-10.40.29-AM.jpeg,https://krediautomzt.mx/wp-content/uploads/2026/01/WhatsApp-Image-2026-01-29-at-10.40.29-AM-1.jpeg,https://krediautomzt.mx/wp-content/uploads/2026/01/WhatsApp-Image-2026-01-29-at-10.40.29-AM-4.jpeg,https://krediautomzt.mx/wp-content/uploads/2026/01/WhatsApp-Image-2026-01-29-at-10.40.29-AM-3.jpeg,,,,,,,,,9,OK,krediauto-imagenes/imagenes/41370,940000.00,27000,2023,OK,SARAHA,SUV,Gasolina,4,Automatico,No Incluye,Interior de cuero; Ventanas electricas; Control de AC; Volante multifunción; Radio; Bolsas de Aire; Seguros Eléctricos,OK
43416,JETTA SPORTLINE AUT 2024,VOLKSWAGEN,JETTA,Mazatlán,https://krediautomzt.mx/wp-content/uploads/2026/05/4c23d16f-1599-40a7-b392-19a9389669d7.jpg,https://krediautomzt.mx/vehiculos/jetta-sportline-aut-2024/,https://krediautomzt.mx/wp-content/uploads/2026/05/WhatsApp-Image-2026-05-14-at-10.55.04-AM.jpeg,https://krediautomzt.mx/wp-content/uploads/2026/05/WhatsApp-Image-2026-05-14-at-10.55.04-AM-1.jpeg,https://krediautomzt.mx/wp-content/uploads/2026/05/WhatsApp-Image-2026-05-14-at-10.55.04-AM-4.jpeg,https://krediautomzt.mx/wp-content/uploads/2026/05/WhatsApp-Image-2026-05-14-at-10.55.04-AM-3.jpeg,https://krediautomzt.mx/wp-content/uploads/2026/05/WhatsApp-Image-2026-05-14-at-10.55.04-AM-2.jpeg,https://krediautomzt.mx/wp-content/uploads/2026/05/WhatsApp-Image-2026-05-14-at-10.55.04-AM-5.jpeg,https://krediautomzt.mx/wp-content/uploads/2026/05/WhatsApp-Image-2026-05-14-at-10.55.05-AM.jpeg,https://krediautomzt.mx/wp-content/uploads/2026/05/WhatsApp-Image-2026-05-14-at-10.55.05-AM-2.jpeg,,,,,,,,,9,OK,krediauto-imagenes/imagenes/43416,445000.00,30000,2024,OK,SPORTLINE,Sedan,Gasolina,4,Automatico,No Incluye,Interior de cuero; Ventanas electricas; Boton de encedido; Radio; Bolsas de Aire; Control de tracción; Seguros Eléctricos,OK
46138,KIA FORTE EX 2021 AUT,KIA,FORTE,Mazatlán,https://krediautomzt.mx/wp-content/uploads/2026/09/WhatsApp-Image-2026-06-23-at-6.06.53-PM-1.jpeg,https://krediautomzt.mx/vehiculos/kia-forte-ex-2021-aut-2/,https://krediautomzt.mx/wp-content/uploads/2026/09/WhatsApp-Image-2026-06-23-at-6.06.55-PM-2.jpeg,https://krediautomzt.mx/wp-content/uploads/2026/09/WhatsApp-Image-2026-06-23-at-6.06.56-PM.jpeg,https://krediautomzt.mx/wp-content/uploads/2026/09/WhatsApp-Image-2026-06-23-at-6.06.56-PM-1.jpeg,https://krediautomzt.mx/wp-content/uploads/2026/09/WhatsApp-Image-2026-06-23-at-6.06.53-PM.jpeg,https://krediautomzt.mx/wp-content/uploads/2026/09/WhatsApp-Image-2026-06-23-at-6.06.54-PM.jpeg,https://krediautomzt.mx/wp-content/uploads/2026/09/WhatsApp-Image-2026-06-23-at-6.06.54-PM-1.jpeg,https://krediautomzt.mx/wp-content/uploads/2026/09/WhatsApp-Image-2026-06-23-at-6.06.55-PM-1.jpeg,,,,,,,,,,8,OK,krediauto-imagenes/imagenes/46138,290000.00,66000,2021,OK,EX,Sedan,Gasolina,4,Automatico,No Incluye,Ventanas electricas; Control de AC; Boton de encedido; Radio; Bolsas de Aire; Control de tracción; Seguros Eléctricos,OK
44068,KIA FORTE EX 2021 AUT,KIA,FORTE,Mazatlán,https://krediautomzt.mx/wp-content/uploads/2026/06/WhatsApp-Image-2026-06-23-at-6.06.53-PM-1.jpeg,https://krediautomzt.mx/vehiculos/kia-forte-ex-2021-aut/,https://krediautomzt.mx/wp-content/uploads/2026/06/WhatsApp-Image-2026-06-23-at-6.06.55-PM-2.jpeg,https://krediautomzt.mx/wp-content/uploads/2026/06/WhatsApp-Image-2026-06-23-at-6.06.53-PM.jpeg,https://krediautomzt.mx/wp-content/uploads/2026/06/WhatsApp-Image-2026-06-23-at-6.06.54-PM-1.jpeg,https://krediautomzt.mx/wp-content/uploads/2026/06/WhatsApp-Image-2026-06-23-at-6.06.54-PM.jpeg,https://krediautomzt.mx/wp-content/uploads/2026/06/WhatsApp-Image-2026-06-23-at-6.06.55-PM-1.jpeg,https://krediautomzt.mx/wp-content/uploads/2026/06/WhatsApp-Image-2026-06-23-at-6.06.56-PM.jpeg,https://krediautomzt.mx/wp-content/uploads/2026/06/WhatsApp-Image-2026-06-23-at-6.06.55-PM.jpeg,https://krediautomzt.mx/wp-content/uploads/2026/06/WhatsApp-Image-2026-06-23-at-6.06.56-PM-1.jpeg,,,,,,,,,9,OK,krediauto-imagenes/imagenes/44068,290000.00,66000,2021,OK,EX,Sedan,Gasolina,4,Automatico,No Incluye,Ventanas electricas; Control de AC; Boton de encedido; Radio; Bolsas de Aire; Control de tracción; Seguros Eléctricos,OK
42599,KIA FORTE L MANUAL 2023,KIA,FORTE,Mazatlán,https://krediautomzt.mx/wp-content/uploads/2026/03/deb7e3bf-c2ec-4d29-9bb9-c2812ae781b4.jpg,https://krediautomzt.mx/vehiculos/kia-forte-l-manual-2023/,https://krediautomzt.mx/wp-content/uploads/2026/03/WhatsApp-Image-2026-03-27-at-9.27.29-AM-4.jpeg,https://krediautomzt.mx/wp-content/uploads/2026/03/WhatsApp-Image-2026-03-27-at-9.27.29-AM.jpeg,https://krediautomzt.mx/wp-content/uploads/2026/03/WhatsApp-Image-2026-03-27-at-9.27.29-AM-1.jpeg,https://krediautomzt.mx/wp-content/uploads/2026/03/WhatsApp-Image-2026-03-27-at-9.27.29-AM-2.jpeg,https://krediautomzt.mx/wp-content/uploads/2026/03/WhatsApp-Image-2026-03-27-at-9.27.29-AM-3.jpeg,https://krediautomzt.mx/wp-content/uploads/2026/03/WhatsApp-Image-2026-03-27-at-9.27.30-AM.jpeg,https://krediautomzt.mx/wp-content/uploads/2026/03/WhatsApp-Image-2026-03-27-at-9.27.29-AM-5.jpeg,https://krediautomzt.mx/wp-content/uploads/2026/03/WhatsApp-Image-2026-03-27-at-9.27.29-AM-6.jpeg,,,,,,,,,9,OK,krediauto-imagenes/imagenes/42599,310000.00,53000,2023,OK,L,Sedan,Gasolina,4,Estandar,No Incluye,Ventanas electricas; Control de AC; Volante multifunción; Radio; Bolsas de Aire; Seguros Eléctricos,OK
46191,KIA FORTE LX AUT 2022,KIA,FORTE,Mazatlán,https://krediautomzt.mx/wp-content/uploads/2026/09/WhatsApp-Image-2026-09-11-at-4.56.08-PM-2.jpeg,https://krediautomzt.mx/vehiculos/kia-forte-lx-aut-2022/,https://krediautomzt.mx/wp-content/uploads/2026/09/WhatsApp-Image-2026-09-11-at-4.56.11-PM.jpeg,https://krediautomzt.mx/wp-content/uploads/2026/09/WhatsApp-Image-2026-09-11-at-4.56.07-PM.jpeg,https://krediautomzt.mx/wp-content/uploads/2026/09/WhatsApp-Image-2026-09-11-at-4.56.08-PM-1.jpeg,https://krediautomzt.mx/wp-content/uploads/2026/09/WhatsApp-Image-2026-09-11-at-4.56.08-PM.jpeg,https://krediautomzt.mx/wp-content/uploads/2026/09/WhatsApp-Image-2026-09-11-at-4.56.09-PM-1.jpeg,https://krediautomzt.mx/wp-content/uploads/2026/09/WhatsApp-Image-2026-09-11-at-4.56.09-PM-2.jpeg,https://krediautomzt.mx/wp-content/uploads/2026/09/WhatsApp-Image-2026-09-11-at-4.56.09-PM-3.jpeg,https://krediautomzt.mx/wp-content/uploads/2026/09/WhatsApp-Image-2026-09-11-at-4.56.09-PM.jpeg,https://krediautomzt.mx/wp-content/uploads/2026/09/WhatsApp-Image-2026-09-11-at-4.56.10-PM.jpeg,https://krediautomzt.mx/wp-content/uploads/2026/09/WhatsApp-Image-2026-09-11-at-4.56.11-PM-1.jpeg,https://krediautomzt.mx/wp-content/uploads/2026/09/WhatsApp-Image-2026-09-11-at-4.56.11-PM-2.jpeg,,,,,,12,OK,krediauto-imagenes/imagenes/46191,295000.00,75000,2022,OK,LX,Sedan,Gasolina,4,Automatico,No Incluye,Ventanas electricas; Control de AC; Boton de encedido; Radio; Bolsas de Aire; Control de tracción; Seguros Eléctricos,OK
45310,KIA K3 L 2025 AUT,KIA,K3,Mazatlán,https://krediautomzt.mx/wp-content/uploads/2026/08/8c30a6be-a9a8-486a-a0a0-ffbbd21ae477.jpg,https://krediautomzt.mx/vehiculos/kia-k3-l-2025-aut/,https://krediautomzt.mx/wp-content/uploads/2026/08/WhatsApp-Image-2026-08-13-at-6.50.46-PM-1.jpeg,https://krediautomzt.mx/wp-content/uploads/2026/08/WhatsApp-Image-2026-08-13-at-6.50.44-PM-1.jpeg,https://krediautomzt.mx/wp-content/uploads/2026/08/WhatsApp-Image-2026-08-13-at-6.50.44-PM.jpeg,https://krediautomzt.mx/wp-content/uploads/2026/08/WhatsApp-Image-2026-08-13-at-6.50.45-PM-2.jpeg,https://krediautomzt.mx/wp-content/uploads/2026/08/WhatsApp-Image-2026-08-13-at-6.50.45-PM-3.jpeg,https://krediautomzt.mx/wp-content/uploads/2026/08/WhatsApp-Image-2026-08-13-at-6.50.45-PM.jpeg,https://krediautomzt.mx/wp-content/uploads/2026/08/WhatsApp-Image-2026-08-13-at-6.50.45-PM-1.jpeg,https://krediautomzt.mx/wp-content/uploads/2026/08/WhatsApp-Image-2026-08-13-at-6.50.45-PM-4.jpeg,https://krediautomzt.mx/wp-content/uploads/2026/08/WhatsApp-Image-2026-08-13-at-6.50.46-PM.jpeg,https://krediautomzt.mx/wp-content/uploads/2026/08/WhatsApp-Image-2026-08-13-at-6.50.46-PM-2.jpeg,https://krediautomzt.mx/wp-content/uploads/2026/08/WhatsApp-Image-2026-08-13-at-6.50.46-PM-3.jpeg,,,,,,12,OK,krediauto-imagenes/imagenes/45310,290000.00,65000,2025,OK,L,Sedan,Gasolina,4,Automatico,No Incluye,,OK
44703,KIA K3 LX TM HB 2024,KIA,K3,Mazatlán,https://krediautomzt.mx/wp-content/uploads/2026/07/e910bbaf-bd47-47a0-92a7-2ce305cf26f5.jpg,https://krediautomzt.mx/vehiculos/kia-k3-lx-tm-hb-2024/,https://krediautomzt.mx/wp-content/uploads/2026/07/WhatsApp-Image-2026-07-09-at-1.23.37-PM.jpeg,https://krediautomzt.mx/wp-content/uploads/2026/07/WhatsApp-Image-2026-07-09-at-1.23.38-PM.jpeg,https://krediautomzt.mx/wp-content/uploads/2026/07/WhatsApp-Image-2026-07-09-at-1.23.37-PM-1.jpeg,https://krediautomzt.mx/wp-content/uploads/2026/07/WhatsApp-Image-2026-07-09-at-1.23.37-PM-2.jpeg,https://krediautomzt.mx/wp-content/uploads/2026/07/WhatsApp-Image-2026-07-09-at-1.23.37-PM-3.jpeg,https://krediautomzt.mx/wp-content/uploads/2026/07/WhatsApp-Image-2026-07-09-at-1.23.37-PM-4.jpeg,https://krediautomzt.mx/wp-content/uploads/2026/07/WhatsApp-Image-2026-07-09-at-1.23.37-PM-5.jpeg,https://krediautomzt.mx/wp-content/uploads/2026/07/WhatsApp-Image-2026-07-09-at-1.23.38-PM-3.jpeg,https://krediautomzt.mx/wp-content/uploads/2026/07/WhatsApp-Image-2026-07-09-at-1.23.38-PM-1.jpeg,https://krediautomzt.mx/wp-content/uploads/2026/07/WhatsApp-Image-2026-07-09-at-1.23.38-PM-2.jpeg,,,,,,,11,OK,krediauto-imagenes/imagenes/44703,294000.00,20000,2024,OK,LX,Hatchback,Gasolina,4,Estandar,No Incluye,,OK
45201,KIA RIO EX HB AUT 2022,KIA,RIO,Mazatlán,https://krediautomzt.mx/wp-content/uploads/2026/08/46472b8b-5e7f-4105-b9e4-56e2005fe31a.jpg,https://krediautomzt.mx/vehiculos/kia-rio-ex-hb-aut-2022/,https://krediautomzt.mx/wp-content/uploads/2026/08/WhatsApp-Image-2026-08-10-at-5.41.13-PM.jpeg,https://krediautomzt.mx/wp-content/uploads/2026/08/WhatsApp-Image-2026-08-10-at-5.41.11-PM-1.jpeg,https://krediautomzt.mx/wp-content/uploads/2026/08/WhatsApp-Image-2026-08-10-at-5.41.11-PM.jpeg,https://krediautomzt.mx/wp-content/uploads/2026/08/WhatsApp-Image-2026-08-10-at-5.41.12-PM-2.jpeg,https://krediautomzt.mx/wp-content/uploads/2026/08/WhatsApp-Image-2026-08-10-at-5.41.12-PM-3.jpeg,https://krediautomzt.mx/wp-content/uploads/2026/08/WhatsApp-Image-2026-08-10-at-5.41.12-PM.jpeg,https://krediautomzt.mx/wp-content/uploads/2026/08/WhatsApp-Image-2026-08-10-at-5.41.13-PM-1.jpeg,https://krediautomzt.mx/wp-content/uploads/2026/08/WhatsApp-Image-2026-08-10-at-5.41.13-PM-3.jpeg,https://krediautomzt.mx/wp-content/uploads/2026/08/WhatsApp-Image-2026-08-10-at-5.41.13-PM-2.jpeg,https://krediautomzt.mx/wp-content/uploads/2026/08/WhatsApp-Image-2026-08-10-at-5.41.12-PM-4.jpeg,https://krediautomzt.mx/wp-content/uploads/2026/08/WhatsApp-Image-2026-08-10-at-5.41.12-PM-1.jpeg,,,,,,12,OK,krediauto-imagenes/imagenes/45201,295000.00,66000,2022,OK,EX,Hatchback,Gasolina,4,Automatico,No Incluye,Ventanas electricas; Control de AC; Boton de encedido; Radio; Bolsas de Aire; Control de tracción; Seguros Eléctricos,OK
46231,KIA RÍO EX PACK AUT 2023,KIA,RIO,Mazatlán,https://krediautomzt.mx/wp-content/uploads/2026/09/923b3530-4ed3-4e7b-a5eb-06cba0c8d5af.jpg,https://krediautomzt.mx/vehiculos/kia-rio-ex-pack-aut-2023/,https://krediautomzt.mx/wp-content/uploads/2026/09/WhatsApp-Image-2026-09-14-at-2.01.10-PM-1.jpeg,https://krediautomzt.mx/wp-content/uploads/2026/09/WhatsApp-Image-2026-09-14-at-2.01.12-PM-1.jpeg,https://krediautomzt.mx/wp-content/uploads/2026/09/WhatsApp-Image-2026-09-14-at-2.01.10-PM-2.jpeg,https://krediautomzt.mx/wp-content/uploads/2026/09/WhatsApp-Image-2026-09-14-at-2.01.10-PM-3.jpeg,https://krediautomzt.mx/wp-content/uploads/2026/09/WhatsApp-Image-2026-09-14-at-2.01.10-PM.jpeg,https://krediautomzt.mx/wp-content/uploads/2026/09/WhatsApp-Image-2026-09-14-at-2.01.11-PM-1.jpeg,https://krediautomzt.mx/wp-content/uploads/2026/09/WhatsApp-Image-2026-09-14-at-2.01.11-PM-2.jpeg,https://krediautomzt.mx/wp-content/uploads/2026/09/WhatsApp-Image-2026-09-14-at-2.01.11-PM-3.jpeg,https://krediautomzt.mx/wp-content/uploads/2026/09/WhatsApp-Image-2026-09-14-at-2.01.11-PM-4.jpeg,https://krediautomzt.mx/wp-content/uploads/2026/09/WhatsApp-Image-2026-09-14-at-2.01.11-PM.jpeg,https://krediautomzt.mx/wp-content/uploads/2026/09/WhatsApp-Image-2026-09-14-at-2.01.12-PM.jpeg,https://krediautomzt.mx/wp-content/uploads/2026/09/WhatsApp-Image-2026-09-14-at-2.01.12-PM-2.jpeg,https://krediautomzt.mx/wp-content/uploads/2026/09/WhatsApp-Image-2026-09-14-at-2.01.12-PM-3.jpeg,,,,14,OK,krediauto-imagenes/imagenes/46231,309000.00,50000,2023,OK,EX PACK,Hatchback,Gasolina,4,Automatico,No Incluye,Interior de cuero; Quema cocos; Ventanas electricas; Control de AC; Radio; Bolsas de Aire; Control de tracción; Seguros Eléctricos,OK
46061,KIA RIO EX PACK AUT HB 2023,KIA,RIO,Mazatlán,https://krediautomzt.mx/wp-content/uploads/2026/09/WhatsApp-Image-2026-09-07-at-12.55.51-PM-2.jpeg,https://krediautomzt.mx/vehiculos/kia-rio-ex-pack-aut-hb-2023/,https://krediautomzt.mx/wp-content/uploads/2026/09/WhatsApp-Image-2026-09-07-at-12.55.51-PM-1.jpeg,https://krediautomzt.mx/wp-content/uploads/2026/09/WhatsApp-Image-2026-09-07-at-12.55.53-PM-3.jpeg,https://krediautomzt.mx/wp-content/uploads/2026/09/WhatsApp-Image-2026-09-07-at-12.55.51-PM.jpeg,https://krediautomzt.mx/wp-content/uploads/2026/09/WhatsApp-Image-2026-09-07-at-12.55.52-PM-1.jpeg,https://krediautomzt.mx/wp-content/uploads/2026/09/WhatsApp-Image-2026-09-07-at-12.55.52-PM-2.jpeg,https://krediautomzt.mx/wp-content/uploads/2026/09/WhatsApp-Image-2026-09-07-at-12.55.52-PM-3.jpeg,https://krediautomzt.mx/wp-content/uploads/2026/09/WhatsApp-Image-2026-09-07-at-12.55.52-PM.jpeg,https://krediautomzt.mx/wp-content/uploads/2026/09/WhatsApp-Image-2026-09-07-at-12.55.53-PM-1.jpeg,https://krediautomzt.mx/wp-content/uploads/2026/09/WhatsApp-Image-2026-09-07-at-12.55.53-PM-2.jpeg,https://krediautomzt.mx/wp-content/uploads/2026/09/WhatsApp-Image-2026-09-07-at-12.55.53-PM.jpeg,,,,,,,11,OK,krediauto-imagenes/imagenes/46061,309000.00,48000,2023,OK,EX PACK,Hatchback,Gasolina,4,Automatico,No Incluye,Interior de cuero; Quema cocos; Ventanas electricas; Control de AC; Boton de encedido; Radio; Bolsas de Aire; Control de tracción; Seguros Eléctricos,OK
45849,KIA SELTOS SX 2026 11 MIL KMS,—,—,—,https://krediautomzt.mx/wp-content/uploads/2026/08/6a8093f0-f9a3-4e03-a32f-29e875695f85.jpg,https://krediautomzt.mx/vehiculos/kia-seltos-sx-2026-11-mil-kms/,https://krediautomzt.mx/wp-content/uploads/2026/08/9f37b993-01bb-423f-ac41-a16dd1029a88.jpg,https://krediautomzt.mx/wp-content/uploads/2026/08/9a09a132-6acd-4469-bc44-6da97be5f2d2.jpg,https://krediautomzt.mx/wp-content/uploads/2026/08/cfc7312a-1eb1-45cb-b24b-64ea3b096383.jpg,https://krediautomzt.mx/wp-content/uploads/2026/08/86962ffa-564b-4067-9da4-53277413bbeb.jpg,https://krediautomzt.mx/wp-content/uploads/2026/08/90d83228-9ca7-4876-ac41-2c728556281e.jpg,https://krediautomzt.mx/wp-content/uploads/2026/08/f617ada3-a282-451b-852f-a238ab0575d3.jpg,https://krediautomzt.mx/wp-content/uploads/2026/08/6037c819-acc2-40d6-8984-8b25d41f012f.jpg,,,,,,,,,,8,OK,krediauto-imagenes/imagenes/45849,495000.00,11,2026,OK,Not set,SUV,Gasolina,,Automatico,No Incluye,,Característica faltante en ficha
46073,KIA SELTOS SX AUT 2024,KIA,SELTOS,Mazatlán,https://krediautomzt.mx/wp-content/uploads/2026/09/8de39eb2-00c3-4342-a0e5-b5a038326c26.jpg,https://krediautomzt.mx/vehiculos/kia-seltos-sx-aut-2024/,https://krediautomzt.mx/wp-content/uploads/2026/09/WhatsApp-Image-2026-09-08-at-11.08.06-AM.jpeg,https://krediautomzt.mx/wp-content/uploads/2026/09/WhatsApp-Image-2026-09-08-at-11.08.05-AM-2.jpeg,https://krediautomzt.mx/wp-content/uploads/2026/09/WhatsApp-Image-2026-09-08-at-11.08.05-AM-3.jpeg,https://krediautomzt.mx/wp-content/uploads/2026/09/WhatsApp-Image-2026-09-08-at-11.08.05-AM.jpeg,https://krediautomzt.mx/wp-content/uploads/2026/09/WhatsApp-Image-2026-09-08-at-11.08.06-AM-1.jpeg,https://krediautomzt.mx/wp-content/uploads/2026/09/WhatsApp-Image-2026-09-08-at-11.08.06-AM-2.jpeg,https://krediautomzt.mx/wp-content/uploads/2026/09/WhatsApp-Image-2026-09-08-at-11.08.06-AM-3.jpeg,https://krediautomzt.mx/wp-content/uploads/2026/09/WhatsApp-Image-2026-09-08-at-11.08.06-AM-4.jpeg,https://krediautomzt.mx/wp-content/uploads/2026/09/WhatsApp-Image-2026-09-08-at-11.08.06-AM-5.jpeg,https://krediautomzt.mx/wp-content/uploads/2026/09/WhatsApp-Image-2026-09-08-at-11.08.07-AM-1.jpeg,https://krediautomzt.mx/wp-content/uploads/2026/09/WhatsApp-Image-2026-09-08-at-11.08.07-AM.jpeg,,,,,,12,OK,krediauto-imagenes/imagenes/46073,399000.00,35000,2024,OK,SX,SUV,Gasolina,4,Automatico,No Incluye,Dirección Asistida; Interior de cuero; Quema cocos; Ventanas electricas; Control de AC; Boton de encedido; Radio; Bolsas de Aire; Control de tracción; Seguros Eléctricos,OK
44879,KIA SELTOS SXL AUT 2025,KIA,SELTOS,Mazatlán,https://krediautomzt.mx/wp-content/uploads/2026/07/5b545d8c-242a-48b5-ab5a-38ee884e6b11.jpg,https://krediautomzt.mx/vehiculos/kia-seltos-sxl-2025/,https://krediautomzt.mx/wp-content/uploads/2026/07/WhatsApp-Image-2026-07-08-at-9.23.44-AM.jpeg,https://krediautomzt.mx/wp-content/uploads/2026/07/WhatsApp-Image-2026-07-08-at-9.23.46-AM-1.jpeg,https://krediautomzt.mx/wp-content/uploads/2026/07/WhatsApp-Image-2026-07-08-at-9.23.45-AM.jpeg,https://krediautomzt.mx/wp-content/uploads/2026/07/WhatsApp-Image-2026-07-08-at-9.23.45-AM-1.jpeg,https://krediautomzt.mx/wp-content/uploads/2026/07/WhatsApp-Image-2026-07-08-at-9.23.45-AM-2.jpeg,https://krediautomzt.mx/wp-content/uploads/2026/07/WhatsApp-Image-2026-07-08-at-9.23.45-AM-3.jpeg,https://krediautomzt.mx/wp-content/uploads/2026/07/WhatsApp-Image-2026-07-08-at-9.23.46-AM.jpeg,https://krediautomzt.mx/wp-content/uploads/2026/07/WhatsApp-Image-2026-07-08-at-9.23.47-AM-1.jpeg,https://krediautomzt.mx/wp-content/uploads/2026/07/WhatsApp-Image-2026-07-08-at-9.23.46-AM-2.jpeg,,,,,,,,10,OK,krediauto-imagenes/imagenes/44879,503000.00,7400,2025,OK,SXL,SUV,Gasolina,4,Automatico,No Incluye,Interior de cuero; Ventanas electricas; Control de AC; Boton de encedido; Radio; Bolsas de Aire; Control de tracción; Seguros Eléctricos,OK
44240,KIA SOUL GT LINE AUT 2023,KIA,SOUL,Mazatlán,https://krediautomzt.mx/wp-content/uploads/2026/06/61404202-fbc8-46c9-9707-eac649feeedd.jpg,https://krediautomzt.mx/vehiculos/kia-soul-gt-line-aut-2023/,https://krediautomzt.mx/wp-content/uploads/2026/06/WhatsApp-Image-2026-07-07-at-11.31.40-AM.jpeg,https://krediautomzt.mx/wp-content/uploads/2026/06/WhatsApp-Image-2026-07-07-at-11.31.38-AM-1.jpeg,https://krediautomzt.mx/wp-content/uploads/2026/06/WhatsApp-Image-2026-07-07-at-11.31.38-AM-2.jpeg,https://krediautomzt.mx/wp-content/uploads/2026/06/WhatsApp-Image-2026-07-07-at-11.31.38-AM-3.jpeg,https://krediautomzt.mx/wp-content/uploads/2026/06/WhatsApp-Image-2026-07-07-at-11.31.38-AM.jpeg,https://krediautomzt.mx/wp-content/uploads/2026/06/WhatsApp-Image-2026-07-07-at-11.31.39-AM-1.jpeg,https://krediautomzt.mx/wp-content/uploads/2026/06/WhatsApp-Image-2026-07-07-at-11.31.39-AM-2.jpeg,https://krediautomzt.mx/wp-content/uploads/2026/06/WhatsApp-Image-2026-07-07-at-11.31.39-AM-3.jpeg,https://krediautomzt.mx/wp-content/uploads/2026/06/WhatsApp-Image-2026-07-07-at-11.31.39-AM.jpeg,,,,,,,,10,OK,krediauto-imagenes/imagenes/44240,329000.00,79000,2023,OK,GT LINE,SUV,Gasolina,4,Automatico,No Incluye,Ventanas electricas; Control de AC; Boton de encedido; Radio; Bolsas de Aire; Control de tracción; Seguros Eléctricos,OK
44480,KIA SOUL SX 2018,KIA,SOUL,Mazatlán,https://krediautomzt.mx/wp-content/uploads/2026/07/5fabd03a-d9b8-4229-be5c-6e76936f3df2-1.jpg,https://krediautomzt.mx/vehiculos/kia-soul-sx-2018/,https://krediautomzt.mx/wp-content/uploads/2026/07/WhatsApp-Image-2026-07-06-at-4.30.32-PM-1.jpeg,https://krediautomzt.mx/wp-content/uploads/2026/07/WhatsApp-Image-2026-07-06-at-4.30.32-PM-7.jpeg,https://krediautomzt.mx/wp-content/uploads/2026/07/WhatsApp-Image-2026-07-06-at-4.30.32-PM-2.jpeg,https://krediautomzt.mx/wp-content/uploads/2026/07/WhatsApp-Image-2026-07-06-at-4.30.32-PM-3.jpeg,https://krediautomzt.mx/wp-content/uploads/2026/07/WhatsApp-Image-2026-07-06-at-4.30.32-PM-4.jpeg,https://krediautomzt.mx/wp-content/uploads/2026/07/WhatsApp-Image-2026-07-06-at-4.30.32-PM-5.jpeg,https://krediautomzt.mx/wp-content/uploads/2026/07/WhatsApp-Image-2026-07-06-at-4.30.32-PM-6.jpeg,https://krediautomzt.mx/wp-content/uploads/2026/07/WhatsApp-Image-2026-07-06-at-4.30.32-PM.jpeg,https://krediautomzt.mx/wp-content/uploads/2026/07/WhatsApp-Image-2026-07-06-at-4.30.32-PM-8.jpeg,,,,,,,,10,OK,krediauto-imagenes/imagenes/44480,245000.00,123000,2018,OK,SX,SUV,Gasolina,4,Automatico,No Incluye,Interior de cuero; Ventanas electricas; Control de AC; Boton de encedido; Radio; Bolsas de Aire; Control de tracción; Seguros Eléctricos,OK
43295,KICKS PLATINUM CVT 2023,NISSAN,KICKS,Mazatlán,https://krediautomzt.mx/wp-content/uploads/2026/05/6b407c0b-4470-453d-91ef-100951fb06fe.jpg,https://krediautomzt.mx/vehiculos/kicks-platinum-cvt-2023/,https://krediautomzt.mx/wp-content/uploads/2026/05/WhatsApp-Image-2026-05-21-at-10.42.57-AM.jpeg,https://krediautomzt.mx/wp-content/uploads/2026/05/WhatsApp-Image-2026-05-21-at-10.42.57-AM-1.jpeg,https://krediautomzt.mx/wp-content/uploads/2026/05/WhatsApp-Image-2026-05-21-at-10.42.58-AM-4.jpeg,https://krediautomzt.mx/wp-content/uploads/2026/05/WhatsApp-Image-2026-05-21-at-10.42.57-AM-2.jpeg,https://krediautomzt.mx/wp-content/uploads/2026/05/WhatsApp-Image-2026-05-21-at-10.42.58-AM.jpeg,https://krediautomzt.mx/wp-content/uploads/2026/05/WhatsApp-Image-2026-05-21-at-10.42.58-AM-1.jpeg,https://krediautomzt.mx/wp-content/uploads/2026/05/WhatsApp-Image-2026-05-21-at-10.42.58-AM-2.jpeg,https://krediautomzt.mx/wp-content/uploads/2026/05/WhatsApp-Image-2026-05-21-at-10.42.58-AM-3.jpeg,https://krediautomzt.mx/wp-content/uploads/2026/05/WhatsApp-Image-2026-05-21-at-10.42.58-AM-5.jpeg,,,,,,,,10,OK,krediauto-imagenes/imagenes/43295,345000.00,96455,2023,OK,PLATINUM,SUV,Gasolina,4,Automatico,No Incluye,Interior de cuero; Ventanas electricas; Control de AC; Boton de encedido; Radio; Bolsas de Aire; Control de tracción; Seguros Eléctricos,OK
44679,KWID BITONO TM 2024,RENAULT,KWID,Mazatlán,https://krediautomzt.mx/wp-content/uploads/2026/07/a5b13b94-469d-4e67-83e7-4678edba471a.jpg,https://krediautomzt.mx/vehiculos/kwid-bitono-tm-2024/,https://krediautomzt.mx/wp-content/uploads/2026/07/WhatsApp-Image-2026-07-13-at-1.44.27-PM-1.jpeg,https://krediautomzt.mx/wp-content/uploads/2026/07/WhatsApp-Image-2026-07-13-at-1.44.26-PM.jpeg,https://krediautomzt.mx/wp-content/uploads/2026/07/WhatsApp-Image-2026-07-13-at-1.44.26-PM-1.jpeg,https://krediautomzt.mx/wp-content/uploads/2026/07/WhatsApp-Image-2026-07-13-at-1.44.27-PM.jpeg,https://krediautomzt.mx/wp-content/uploads/2026/07/WhatsApp-Image-2026-07-13-at-1.44.26-PM-2.jpeg,https://krediautomzt.mx/wp-content/uploads/2026/07/WhatsApp-Image-2026-07-13-at-1.44.27-PM-5.jpeg,https://krediautomzt.mx/wp-content/uploads/2026/07/WhatsApp-Image-2026-07-13-at-1.44.27-PM-2.jpeg,https://krediautomzt.mx/wp-content/uploads/2026/07/WhatsApp-Image-2026-07-13-at-1.44.27-PM-4.jpeg,,,,,,,,,9,OK,krediauto-imagenes/imagenes/44679,220000.00,5545,2024,OK,BITONO,Hatchback,Gasolina,4,Automatico,No Incluye,Control de AC; Radio; Bolsas de Aire; Control de tracción; Seguros Eléctricos,OK
46128,MAZDA 2 EDITION CARBON AUT 2023,MAZDA,MAZDA 2,Mazatlán,https://krediautomzt.mx/wp-content/uploads/2026/09/WhatsApp-Image-2026-09-09-at-11.23.30-AM.jpeg,https://krediautomzt.mx/vehiculos/mazda-2-edition-carbon-aut-2023/,https://krediautomzt.mx/wp-content/uploads/2026/09/WhatsApp-Image-2026-09-09-at-11.23.35-AM-1.jpeg,https://krediautomzt.mx/wp-content/uploads/2026/09/WhatsApp-Image-2026-09-09-at-11.23.30-AM-1.jpeg,https://krediautomzt.mx/wp-content/uploads/2026/09/WhatsApp-Image-2026-09-09-at-11.23.32-AM.jpeg,https://krediautomzt.mx/wp-content/uploads/2026/09/WhatsApp-Image-2026-09-09-at-11.23.33-AM-1.jpeg,https://krediautomzt.mx/wp-content/uploads/2026/09/WhatsApp-Image-2026-09-09-at-11.23.33-AM.jpeg,https://krediautomzt.mx/wp-content/uploads/2026/09/WhatsApp-Image-2026-09-09-at-11.23.34-AM-1.jpeg,https://krediautomzt.mx/wp-content/uploads/2026/09/WhatsApp-Image-2026-09-09-at-11.23.34-AM-2.jpeg,https://krediautomzt.mx/wp-content/uploads/2026/09/WhatsApp-Image-2026-09-09-at-11.23.34-AM.jpeg,,,,,,,,,9,OK,krediauto-imagenes/imagenes/46128,300000.00,41000,2023,OK,EDITION CARBON,Sedan,Gasolina,4,Automatico,No Incluye,Interior de cuero; Ventanas electricas; Control de AC; Boton de encedido; Radio; Bolsas de Aire; Control de tracción; Seguros Eléctricos,OK
45381,MAZDA 2 HB I SPORT AUTOMATICO 2023,MAZDA,MAZDA 2,Mazatlán,https://krediautomzt.mx/wp-content/uploads/2026/08/WhatsApp-Image-2026-08-15-at-1.30.46-PM-1.jpeg,https://krediautomzt.mx/vehiculos/mazda-2-hb-i-sport-automatico-2023/,https://krediautomzt.mx/wp-content/uploads/2026/08/WhatsApp-Image-2026-08-15-at-1.18.27-PM-1.jpeg,https://krediautomzt.mx/wp-content/uploads/2026/08/WhatsApp-Image-2026-08-15-at-1.25.42-PM.jpeg,https://krediautomzt.mx/wp-content/uploads/2026/08/WhatsApp-Image-2026-08-15-at-1.18.27-PM-2.jpeg,https://krediautomzt.mx/wp-content/uploads/2026/08/WhatsApp-Image-2026-08-15-at-1.18.27-PM.jpeg,https://krediautomzt.mx/wp-content/uploads/2026/08/WhatsApp-Image-2026-08-15-at-1.18.28-PM-1.jpeg,https://krediautomzt.mx/wp-content/uploads/2026/08/WhatsApp-Image-2026-08-15-at-1.18.28-PM.jpeg,https://krediautomzt.mx/wp-content/uploads/2026/08/WhatsApp-Image-2026-08-15-at-1.23.46-PM.jpeg,https://krediautomzt.mx/wp-content/uploads/2026/08/WhatsApp-Image-2026-08-15-at-1.24.10-PM.jpeg,https://krediautomzt.mx/wp-content/uploads/2026/08/WhatsApp-Image-2026-08-15-at-1.24.34-PM.jpeg,https://krediautomzt.mx/wp-content/uploads/2026/08/WhatsApp-Image-2026-08-15-at-1.24.57-PM.jpeg,https://krediautomzt.mx/wp-content/uploads/2026/08/WhatsApp-Image-2026-08-15-at-1.26.02-PM.jpeg,https://krediautomzt.mx/wp-content/uploads/2026/08/WhatsApp-Image-2026-08-15-at-1.30.46-PM.jpeg,,,,,13,OK,krediauto-imagenes/imagenes/45381,269000.00,40000,2023,OK,I SPORT,Hatchback,Gasolina,4,Automatico,No Incluye,Ventanas electricas; Control de AC; Boton de encedido; Radio; Bolsas de Aire; Control de tracción; Seguros Eléctricos,OK
44814,MAZDA 2 I SPORT 2024,MAZDA,MAZDA 2,Mazatlán,https://krediautomzt.mx/wp-content/uploads/2026/07/1cc108b5-589a-4da3-ac8e-ead9362d13d1.jpg,https://krediautomzt.mx/vehiculos/mazda-2-i-sport-2024/,https://krediautomzt.mx/wp-content/uploads/2026/07/WhatsApp-Image-2026-07-22-at-3.25.35-PM-5.jpeg,https://krediautomzt.mx/wp-content/uploads/2026/07/WhatsApp-Image-2026-07-22-at-3.25.34-PM-1.jpeg,https://krediautomzt.mx/wp-content/uploads/2026/07/WhatsApp-Image-2026-07-22-at-3.25.34-PM-2.jpeg,https://krediautomzt.mx/wp-content/uploads/2026/07/WhatsApp-Image-2026-07-22-at-3.25.34-PM-4.jpeg,https://krediautomzt.mx/wp-content/uploads/2026/07/WhatsApp-Image-2026-07-22-at-3.25.35-PM.jpeg,https://krediautomzt.mx/wp-content/uploads/2026/07/WhatsApp-Image-2026-07-22-at-3.25.35-PM-2.jpeg,https://krediautomzt.mx/wp-content/uploads/2026/07/WhatsApp-Image-2026-07-22-at-3.25.35-PM-4.jpeg,,,,,,,,,,8,OK,krediauto-imagenes/imagenes/44814,299000.00,17700,2024,OK,I SPORT,Sedan,Gasolina,4,Automatico,No Incluye,,OK
45122,MAZDA 2 I SPORT AUTOMATICO 2025,MAZDA,MAZDA 2,Mazatlán,https://krediautomzt.mx/wp-content/uploads/2026/08/fec3e8ef-fd14-472a-afc6-a5f06a558056.jpg,https://krediautomzt.mx/vehiculos/mazda-2-i-sport-automatico-2025/,https://krediautomzt.mx/wp-content/uploads/2026/08/WhatsApp-Image-2026-08-05-at-6.43.43-PM.jpeg,https://krediautomzt.mx/wp-content/uploads/2026/08/WhatsApp-Image-2026-08-05-at-6.43.44-PM-1.jpeg,https://krediautomzt.mx/wp-content/uploads/2026/08/WhatsApp-Image-2026-08-05-at-6.43.45-PM-1.jpeg,https://krediautomzt.mx/wp-content/uploads/2026/08/WhatsApp-Image-2026-08-05-at-6.43.44-PM-2.jpeg,https://krediautomzt.mx/wp-content/uploads/2026/08/WhatsApp-Image-2026-08-05-at-6.43.44-PM-3.jpeg,https://krediautomzt.mx/wp-content/uploads/2026/08/WhatsApp-Image-2026-08-05-at-6.43.44-PM-4.jpeg,https://krediautomzt.mx/wp-content/uploads/2026/08/WhatsApp-Image-2026-08-05-at-6.43.44-PM-5.jpeg,https://krediautomzt.mx/wp-content/uploads/2026/08/WhatsApp-Image-2026-08-05-at-6.43.44-PM.jpeg,https://krediautomzt.mx/wp-content/uploads/2026/08/WhatsApp-Image-2026-08-05-at-6.43.45-PM-4.jpeg,https://krediautomzt.mx/wp-content/uploads/2026/08/WhatsApp-Image-2026-08-05-at-6.43.45-PM-2.jpeg,https://krediautomzt.mx/wp-content/uploads/2026/08/WhatsApp-Image-2026-08-05-at-6.43.45-PM-3.jpeg,https://krediautomzt.mx/wp-content/uploads/2026/08/WhatsApp-Image-2026-08-05-at-6.43.45-PM.jpeg,,,,,13,OK,krediauto-imagenes/imagenes/45122,324000.00,24000,2025,OK,I SPORT,Sedan,Gasolina,4,Automatico,No Incluye,Ventanas electricas; Control de AC; Radio; Bolsas de Aire; Control de tracción; Seguros Eléctricos,OK
44645,MAZDA 2 I SPORT TM 2025,MAZDA,MAZDA 2,Mazatlán,https://krediautomzt.mx/wp-content/uploads/2026/07/WhatsApp-Image-2026-07-13-at-7.18.39-PM-7.jpeg,https://krediautomzt.mx/vehiculos/mazda-2-i-sport-tm-2025/,https://krediautomzt.mx/wp-content/uploads/2026/07/WhatsApp-Image-2026-07-13-at-7.18.39-PM-2.jpeg,https://krediautomzt.mx/wp-content/uploads/2026/07/WhatsApp-Image-2026-07-13-at-7.18.39-PM-1.jpeg,https://krediautomzt.mx/wp-content/uploads/2026/07/WhatsApp-Image-2026-07-13-at-7.18.39-PM-8.jpeg,https://krediautomzt.mx/wp-content/uploads/2026/07/WhatsApp-Image-2026-07-13-at-7.18.39-PM-3.jpeg,https://krediautomzt.mx/wp-content/uploads/2026/07/WhatsApp-Image-2026-07-13-at-7.18.39-PM-4.jpeg,https://krediautomzt.mx/wp-content/uploads/2026/07/WhatsApp-Image-2026-07-13-at-7.18.39-PM-5.jpeg,https://krediautomzt.mx/wp-content/uploads/2026/07/WhatsApp-Image-2026-07-13-at-7.18.39-PM-6.jpeg,https://krediautomzt.mx/wp-content/uploads/2026/07/WhatsApp-Image-2026-07-13-at-7.18.39-PM-9.jpeg,,,,,,,,,9,OK,krediauto-imagenes/imagenes/44645,315000.00,19000,2025,OK,I SPORT,Sedan,Gasolina,4,Automatico,No Incluye,,OK
45366,MAZDA 3 I GRAND TOURING AUT 2021,MAZDA,MAZDA 3,Mazatlán,https://krediautomzt.mx/wp-content/uploads/2026/08/8224e8f6-9e02-467f-9d4a-32ff167a3b2b.jpg,https://krediautomzt.mx/vehiculos/mazda-3-i-grand-touring-aut-2021/,https://krediautomzt.mx/wp-content/uploads/2026/08/WhatsApp-Image-2026-08-14-at-5.58.22-PM-1.jpeg,https://krediautomzt.mx/wp-content/uploads/2026/08/WhatsApp-Image-2026-08-14-at-5.58.24-PM-2.jpeg,https://krediautomzt.mx/wp-content/uploads/2026/08/WhatsApp-Image-2026-08-14-at-5.58.22-PM.jpeg,https://krediautomzt.mx/wp-content/uploads/2026/08/WhatsApp-Image-2026-08-14-at-5.58.23-PM-1.jpeg,https://krediautomzt.mx/wp-content/uploads/2026/08/WhatsApp-Image-2026-08-14-at-5.58.23-PM-2.jpeg,https://krediautomzt.mx/wp-content/uploads/2026/08/WhatsApp-Image-2026-08-14-at-5.58.23-PM.jpeg,https://krediautomzt.mx/wp-content/uploads/2026/08/WhatsApp-Image-2026-08-14-at-5.58.24-PM-1.jpeg,https://krediautomzt.mx/wp-content/uploads/2026/08/WhatsApp-Image-2026-08-14-at-5.58.25-PM-1.jpeg,https://krediautomzt.mx/wp-content/uploads/2026/08/WhatsApp-Image-2026-08-14-at-5.58.24-PM-3.jpeg,https://krediautomzt.mx/wp-content/uploads/2026/08/WhatsApp-Image-2026-08-14-at-5.58.24-PM.jpeg,https://krediautomzt.mx/wp-content/uploads/2026/08/WhatsApp-Image-2026-08-14-at-5.58.26-PM.jpeg,https://krediautomzt.mx/wp-content/uploads/2026/08/WhatsApp-Image-2026-08-14-at-5.58.25-PM.jpeg,https://krediautomzt.mx/wp-content/uploads/2026/08/WhatsApp-Image-2026-08-14-at-5.58.26-PM-1.jpeg,,,,14,OK,krediauto-imagenes/imagenes/45366,329000.00,68000,2021,OK,I GRAND TOURING,Sedan,Gasolina,4,Automatico,No Incluye,Interior de cuero; Quema cocos; Ventanas electricas; Control de AC; Boton de encedido; Radio; Bolsas de Aire; Control de tracción; Seguros Eléctricos,OK
43900,MAZDA CX-5/2021,MAZDA,CX-5,Mazatlán,https://krediautomzt.mx/wp-content/uploads/2026/06/6a2e8b7f-9b2c-40e9-a6b6-9181b166f050.jpg,https://krediautomzt.mx/vehiculos/mazda-cx-5-2021/,https://krediautomzt.mx/wp-content/uploads/2026/06/WhatsApp-Image-2026-06-10-at-2.48.33-PM-1.jpeg,https://krediautomzt.mx/wp-content/uploads/2026/06/WhatsApp-Image-2026-06-10-at-2.48.42-PM-1.jpeg,https://krediautomzt.mx/wp-content/uploads/2026/06/WhatsApp-Image-2026-06-10-at-2.48.50-PM-1.jpeg,https://krediautomzt.mx/wp-content/uploads/2026/06/WhatsApp-Image-2026-06-10-at-2.48.59-PM-1.jpeg,https://krediautomzt.mx/wp-content/uploads/2026/06/WhatsApp-Image-2026-06-10-at-2.49.08-PM-1.jpeg,https://krediautomzt.mx/wp-content/uploads/2026/06/WhatsApp-Image-2026-06-10-at-2.49.18-PM-1.jpeg,,,,,,,,,,,7,OK,krediauto-imagenes/imagenes/43900,430000.00,130000,2021,OK,CX-5,SUV,Gasolina,4,Automatico,No Incluye,Dirección Asistida; Interior de cuero; Quema cocos; Ventanas electricas; Control de AC; Boton de encedido; Radio; Bolsas de Aire; Control de tracción; Seguros Eléctricos,OK
46262,MAZDA CX30 SIGNATURE AUT 2024,MAZDA,CX 30,Mazatlán,https://krediautomzt.mx/wp-content/uploads/2026/09/WhatsApp-Image-2026-09-17-at-5.39.28-PM-1.jpeg,https://krediautomzt.mx/vehiculos/mazda-cx30-signature-aut-2024/,https://krediautomzt.mx/wp-content/uploads/2026/09/WhatsApp-Image-2026-09-17-at-5.39.27-PM-2.jpeg,https://krediautomzt.mx/wp-content/uploads/2026/09/WhatsApp-Image-2026-09-17-at-5.39.27-PM-4.jpeg,https://krediautomzt.mx/wp-content/uploads/2026/09/WhatsApp-Image-2026-09-17-at-5.39.27-PM.jpeg,https://krediautomzt.mx/wp-content/uploads/2026/09/WhatsApp-Image-2026-09-17-at-5.39.28-PM-6.jpeg,https://krediautomzt.mx/wp-content/uploads/2026/09/WhatsApp-Image-2026-09-17-at-5.39.28-PM-2.jpeg,https://krediautomzt.mx/wp-content/uploads/2026/09/WhatsApp-Image-2026-09-17-at-5.39.28-PM-3.jpeg,https://krediautomzt.mx/wp-content/uploads/2026/09/WhatsApp-Image-2026-09-17-at-5.39.28-PM-4.jpeg,https://krediautomzt.mx/wp-content/uploads/2026/09/WhatsApp-Image-2026-09-17-at-5.39.28-PM-5.jpeg,https://krediautomzt.mx/wp-content/uploads/2026/09/WhatsApp-Image-2026-09-17-at-5.39.28-PM.jpeg,https://krediautomzt.mx/wp-content/uploads/2026/09/WhatsApp-Image-2026-09-17-at-5.39.28-PM-7.jpeg,,,,,,,11,OK,krediauto-imagenes/imagenes/46262,424000.00,63000,2024,OK,SIGNATURE,SUV,Gasolina,4,Automatico,No Incluye,Interior de cuero; Quema cocos; Ventanas electricas; Control de AC; Boton de encedido; Radio; Bolsas de Aire; Control de tracción; Seguros Eléctricos,OK
43385,MAZDA CX50 SIGNATURE 2025,MAZDA,CX-5,Mazatlán,https://krediautomzt.mx/wp-content/uploads/2026/05/WhatsApp-Image-2026-05-13-at-6.31.04-PM.jpeg,https://krediautomzt.mx/vehiculos/mazda-cx50-signature-2025/,https://krediautomzt.mx/wp-content/uploads/2026/05/WhatsApp-Image-2026-05-13-at-6.31.07-PM-2.jpeg,https://krediautomzt.mx/wp-content/uploads/2026/05/WhatsApp-Image-2026-05-13-at-6.31.05-PM.jpeg,https://krediautomzt.mx/wp-content/uploads/2026/05/WhatsApp-Image-2026-05-13-at-6.31.05-PM-2.jpeg,https://krediautomzt.mx/wp-content/uploads/2026/05/WhatsApp-Image-2026-05-13-at-6.31.05-PM-3.jpeg,https://krediautomzt.mx/wp-content/uploads/2026/05/WhatsApp-Image-2026-05-13-at-6.31.07-PM.jpeg,https://krediautomzt.mx/wp-content/uploads/2026/05/WhatsApp-Image-2026-05-13-at-6.31.07-PM-1.jpeg,https://krediautomzt.mx/wp-content/uploads/2026/05/WhatsApp-Image-2026-05-13-at-6.31.07-PM-3.jpeg,https://krediautomzt.mx/wp-content/uploads/2026/05/WhatsApp-Image-2026-05-13-at-6.31.07-PM-4.jpeg,,,,,,,,,9,OK,krediauto-imagenes/imagenes/43385,639000.00,27000,2025,OK,SIGNATURE,SUV,Gasolina,4,Automatico,No Incluye,Interior de cuero; Quema cocos; Ventanas electricas; Control de AC; Boton de encedido; Radio; Bolsas de Aire; Control de tracción; Seguros Eléctricos,OK
45660,MAZDA3 HB GRAND TOURING AUT 2023,MAZDA,MAZDA 3,Mazatlán,https://krediautomzt.mx/wp-content/uploads/2026/08/efde83cc-d908-434a-b075-acfcde56575c.jpg,https://krediautomzt.mx/vehiculos/mazda3-hb-grand-touring-aut-2023/,https://krediautomzt.mx/wp-content/uploads/2026/08/WhatsApp-Image-2026-08-19-at-5.31.28-PM-1.jpeg,https://krediautomzt.mx/wp-content/uploads/2026/08/WhatsApp-Image-2026-08-19-at-5.31.25-PM.jpeg,https://krediautomzt.mx/wp-content/uploads/2026/08/WhatsApp-Image-2026-08-19-at-5.31.26-PM-1.jpeg,https://krediautomzt.mx/wp-content/uploads/2026/08/WhatsApp-Image-2026-08-19-at-5.31.26-PM-2.jpeg,https://krediautomzt.mx/wp-content/uploads/2026/08/WhatsApp-Image-2026-08-19-at-5.31.26-PM-3.jpeg,https://krediautomzt.mx/wp-content/uploads/2026/08/WhatsApp-Image-2026-08-19-at-5.31.26-PM.jpeg,https://krediautomzt.mx/wp-content/uploads/2026/08/WhatsApp-Image-2026-08-19-at-5.31.27-PM-1.jpeg,https://krediautomzt.mx/wp-content/uploads/2026/08/WhatsApp-Image-2026-08-19-at-5.31.27-PM-2.jpeg,https://krediautomzt.mx/wp-content/uploads/2026/08/WhatsApp-Image-2026-08-19-at-5.31.27-PM.jpeg,https://krediautomzt.mx/wp-content/uploads/2026/08/WhatsApp-Image-2026-08-19-at-5.31.28-PM.jpeg,,,,,,,11,OK,krediauto-imagenes/imagenes/45660,379000.00,53000,2023,OK,GRAND TOURING,Hatchback,Gasolina,4,Automatico,No Incluye,Interior de cuero; Quema cocos; Ventanas electricas; Control de AC; Boton de encedido; Radio; Bolsas de Aire; Control de tracción; Seguros Eléctricos,OK
45299,MERCEDES BENZ GLC 300 AUT 2021/,MERCEDES BENZ,GLC 300,Mazatlán,https://krediautomzt.mx/wp-content/uploads/2026/08/1a61d972-59a2-4ce7-8fae-73c496ddfa72.jpg,https://krediautomzt.mx/vehiculos/mercedes-benz-glc-300-aut-2021/,https://krediautomzt.mx/wp-content/uploads/2026/08/WhatsApp-Image-2026-05-18-at-3.26.13-PM-1.jpeg,https://krediautomzt.mx/wp-content/uploads/2026/08/WhatsApp-Image-2026-05-18-at-3.26.14-PM-3.jpeg,https://krediautomzt.mx/wp-content/uploads/2026/08/WhatsApp-Image-2026-05-18-at-3.26.13-PM-2.jpeg,https://krediautomzt.mx/wp-content/uploads/2026/08/WhatsApp-Image-2026-05-18-at-3.26.13-PM-3.jpeg,https://krediautomzt.mx/wp-content/uploads/2026/08/WhatsApp-Image-2026-05-18-at-3.26.13-PM.jpeg,https://krediautomzt.mx/wp-content/uploads/2026/08/WhatsApp-Image-2026-05-18-at-3.26.14-PM-1.jpeg,https://krediautomzt.mx/wp-content/uploads/2026/08/WhatsApp-Image-2026-05-18-at-3.26.14-PM-2.jpeg,https://krediautomzt.mx/wp-content/uploads/2026/08/WhatsApp-Image-2026-05-18-at-3.26.14-PM.jpeg,https://krediautomzt.mx/wp-content/uploads/2026/08/WhatsApp-Image-2026-05-18-at-3.26.14-PM-4.jpeg,,,,,,,,10,OK,krediauto-imagenes/imagenes/45299,534000.00,74000,2021,OK,GLC 300,SUV,Gasolina,4,Automatico,No Incluye,Interior de cuero; Ventanas electricas; Control de AC; Boton de encedido; Radio; Bolsas de Aire; Control de tracción; Seguros Eléctricos,OK
41825,MERCEDES BENZ GLC 300 COUPE 2023,MERCEDES BENZ,GLC 300,Mazatlán,https://krediautomzt.mx/wp-content/uploads/2026/02/a748efb7-e6a6-47f7-9ef1-810617bffdf5.jpg,https://krediautomzt.mx/vehiculos/mercedes-benz-glc-300-coupe-2023/,https://krediautomzt.mx/wp-content/uploads/2026/02/WhatsApp-Image-2026-05-07-at-12.19.57-PM.jpeg,https://krediautomzt.mx/wp-content/uploads/2026/02/WhatsApp-Image-2026-05-07-at-12.19.52-PM.jpeg,https://krediautomzt.mx/wp-content/uploads/2026/02/WhatsApp-Image-2026-05-07-at-12.19.53-PM.jpeg,https://krediautomzt.mx/wp-content/uploads/2026/02/WhatsApp-Image-2026-05-07-at-12.19.53-PM-1.jpeg,https://krediautomzt.mx/wp-content/uploads/2026/02/WhatsApp-Image-2026-05-07-at-12.19.53-PM-2.jpeg,https://krediautomzt.mx/wp-content/uploads/2026/02/WhatsApp-Image-2026-05-07-at-12.19.53-PM-3.jpeg,https://krediautomzt.mx/wp-content/uploads/2026/02/WhatsApp-Image-2026-05-07-at-12.19.54-PM.jpeg,https://krediautomzt.mx/wp-content/uploads/2026/02/WhatsApp-Image-2026-05-07-at-12.19.55-PM.jpeg,https://krediautomzt.mx/wp-content/uploads/2026/02/WhatsApp-Image-2026-05-07-at-12.19.56-PM.jpeg,,,,,,,,10,OK,krediauto-imagenes/imagenes/41825,895000.00,27000,2023,OK,4MATIC,Coupe,Gasolina,4,Automatico,No Incluye,Quema cocos; Ventanas electricas; Control de AC; Boton de encedido; Radio; Bolsas de Aire; Control de tracción; Seguros Eléctricos,OK
45323,MERCEDES BENZ GLC 43 4MATIC AUT 2023,MERCEDES BENZ,GLC 43,Mazatlán,https://krediautomzt.mx/wp-content/uploads/2026/08/9d14b7a4-3b40-40dd-9e5d-aeeb7c6e55ca.jpg,https://krediautomzt.mx/vehiculos/mercedes-benz-glc-43-4matic-aut-2023/,https://krediautomzt.mx/wp-content/uploads/2026/08/WhatsApp-Image-2026-08-13-at-5.34.25-PM.jpeg,https://krediautomzt.mx/wp-content/uploads/2026/08/WhatsApp-Image-2026-08-13-at-5.34.28-PM.jpeg,https://krediautomzt.mx/wp-content/uploads/2026/08/WhatsApp-Image-2026-08-13-at-5.34.26-PM-1.jpeg,https://krediautomzt.mx/wp-content/uploads/2026/08/WhatsApp-Image-2026-08-13-at-5.34.26-PM-2.jpeg,https://krediautomzt.mx/wp-content/uploads/2026/08/WhatsApp-Image-2026-08-13-at-5.34.26-PM.jpeg,https://krediautomzt.mx/wp-content/uploads/2026/08/WhatsApp-Image-2026-08-13-at-5.34.27-PM-1.jpeg,https://krediautomzt.mx/wp-content/uploads/2026/08/WhatsApp-Image-2026-08-13-at-5.34.27-PM-2.jpeg,https://krediautomzt.mx/wp-content/uploads/2026/08/WhatsApp-Image-2026-08-13-at-5.34.27-PM-3.jpeg,https://krediautomzt.mx/wp-content/uploads/2026/08/WhatsApp-Image-2026-08-13-at-5.34.27-PM-4.jpeg,https://krediautomzt.mx/wp-content/uploads/2026/08/WhatsApp-Image-2026-08-13-at-5.34.27-PM.jpeg,https://krediautomzt.mx/wp-content/uploads/2026/08/WhatsApp-Image-2026-08-13-at-5.34.28-PM-1.jpeg,https://krediautomzt.mx/wp-content/uploads/2026/08/WhatsApp-Image-2026-08-13-at-5.34.28-PM-2.jpeg,https://krediautomzt.mx/wp-content/uploads/2026/08/WhatsApp-Image-2026-08-13-at-5.34.28-PM-3.jpeg,https://krediautomzt.mx/wp-content/uploads/2026/08/WhatsApp-Image-2026-08-13-at-5.34.31-PM-scaled.jpeg,,,15,OK,krediauto-imagenes/imagenes/45323,980000.00,48063,2023,OK,4MATIC,Coupe,Gasolina,4,Automatico,No Incluye,Dirección Asistida; Interior de cuero; Quema cocos; Control de AC; Control Crusero; Boton de encedido; Sistema GPS; Radio; Bolsas de Aire; Control de tracción; Seguros Eléctricos,OK
45859,MERCEDES CLA 200 2025,MERCEDES BENZ,CLA 200,Mazatlán,https://krediautomzt.mx/wp-content/uploads/2026/08/fa81c0dc-c8ce-4d1a-8d7d-345ceaebb7bd.jpg,https://krediautomzt.mx/vehiculos/mercedes-cla-200-2025/,https://krediautomzt.mx/wp-content/uploads/2026/08/b1741b4d-3539-45fc-b885-8c5c9a17549f.jpg,https://krediautomzt.mx/wp-content/uploads/2026/08/fc3be5de-11d4-4fee-ad52-6eb0551578e2.jpg,https://krediautomzt.mx/wp-content/uploads/2026/08/53f20631-5323-4908-aff1-0a10d5fa91e4.jpg,https://krediautomzt.mx/wp-content/uploads/2026/08/62b66388-bf1c-4d57-ada3-846aeb85f25a.jpg,https://krediautomzt.mx/wp-content/uploads/2026/08/7bd04ac9-12e0-4f73-9c13-d2338ffeea0f.jpg,https://krediautomzt.mx/wp-content/uploads/2026/08/50f3feae-6004-4bf6-a3c2-b4337de46501.jpg,https://krediautomzt.mx/wp-content/uploads/2026/08/3b841791-130f-463a-ab6c-bd24b8bb371d.jpg,https://krediautomzt.mx/wp-content/uploads/2026/08/62c261f7-8a7a-4304-aad3-d2fccded1f8a.jpg,https://krediautomzt.mx/wp-content/uploads/2026/08/d15028a6-ffaf-4157-8cff-48e316011fe0.jpg,https://krediautomzt.mx/wp-content/uploads/2026/08/f63d402a-3ce5-455c-a78d-5c616abfdbaa.jpg,https://krediautomzt.mx/wp-content/uploads/2026/08/b79ddb33-ea22-4fb3-b6ca-c38587b41d3b.jpg,,,,,,12,OK,krediauto-imagenes/imagenes/45859,699000.00,15000,2025,OK,Not set,Sedan,Gasolina,,Automatico,No Incluye,,Característica faltante en ficha
44930,MERCEDES-BENZ GLC 300 2023,MERCEDES BENZ,GLC 300,Mazatlán,https://krediautomzt.mx/wp-content/uploads/2026/07/b3b0e196-2ee0-437c-86f1-460d37c49188.jpg,https://krediautomzt.mx/vehiculos/mercedes-benz-glc-300-2023/,https://krediautomzt.mx/wp-content/uploads/2026/07/WhatsApp-Image-2026-07-24-at-12.47.14-PM-1-1.jpeg,https://krediautomzt.mx/wp-content/uploads/2026/07/WhatsApp-Image-2026-07-24-at-12.47.15-PM-4-1.jpeg,https://krediautomzt.mx/wp-content/uploads/2026/07/WhatsApp-Image-2026-07-24-at-12.47.14-PM-2-1.jpeg,https://krediautomzt.mx/wp-content/uploads/2026/07/WhatsApp-Image-2026-07-24-at-12.47.14-PM-3-1.jpeg,https://krediautomzt.mx/wp-content/uploads/2026/07/WhatsApp-Image-2026-07-24-at-12.47.14-PM-4-1.jpeg,https://krediautomzt.mx/wp-content/uploads/2026/07/WhatsApp-Image-2026-07-24-at-12.47.14-PM-5-1.jpeg,https://krediautomzt.mx/wp-content/uploads/2026/07/WhatsApp-Image-2026-07-24-at-12.47.14-PM-6.jpeg,https://krediautomzt.mx/wp-content/uploads/2026/07/WhatsApp-Image-2026-07-24-at-12.47.15-PM-1-1.jpeg,https://krediautomzt.mx/wp-content/uploads/2026/07/WhatsApp-Image-2026-07-24-at-12.47.15-PM-2-1.jpeg,https://krediautomzt.mx/wp-content/uploads/2026/07/WhatsApp-Image-2026-07-24-at-12.47.15-PM-3-1.jpeg,https://krediautomzt.mx/wp-content/uploads/2026/07/WhatsApp-Image-2026-07-24-at-12.47.15-PM-6.jpeg,,,,,,12,OK,krediauto-imagenes/imagenes/44930,819000.00,38000,2023,OK,GLC 300,Coupe,Gasolina,4,Automatico,No Incluye,Interior de cuero; Ventanas electricas; Control de AC; Boton de encedido; Radio; Bolsas de Aire; Control de tracción; Seguros Eléctricos,OK
45835,MG RX5 SUV LUX ELEGANCE 2024 17 MIL KMS,—,—,—,https://krediautomzt.mx/wp-content/uploads/2026/08/7c382d58-3a08-4e93-a258-83ec3c63b518.jpg,https://krediautomzt.mx/vehiculos/mg-rx5-suv-lux-elegance-2024-17-mil-kms/,https://krediautomzt.mx/wp-content/uploads/2026/08/882f92ae-86cf-4afa-b6d9-7d5294826c1f-1.jpg,https://krediautomzt.mx/wp-content/uploads/2026/08/3bdae8c0-6f23-4adf-8fc3-38129f2002f4-1.jpg,https://krediautomzt.mx/wp-content/uploads/2026/08/d06bbe7a-36cb-48e5-a610-c862ee8ebeca.jpg,https://krediautomzt.mx/wp-content/uploads/2026/08/9215261d-ab56-4ca2-8164-edb2de12d0a9.jpg,https://krediautomzt.mx/wp-content/uploads/2026/08/94ae5f95-bcaf-4483-8856-b180aa516675.jpg,https://krediautomzt.mx/wp-content/uploads/2026/08/1320fa12-f8ad-42e8-a715-7f3b94ba01b9.jpg,https://krediautomzt.mx/wp-content/uploads/2026/08/34b18211-1f92-4eb9-be62-f779eb6cf135.jpg,https://krediautomzt.mx/wp-content/uploads/2026/08/4abef5d3-23db-49a5-8248-8173a669e594.jpg,https://krediautomzt.mx/wp-content/uploads/2026/08/aa5019d5-35a7-4b6a-96c7-aa2615cdfa45.jpg,https://krediautomzt.mx/wp-content/uploads/2026/08/a25b40ca-0541-4c47-85c8-fb246947c2ed.jpg,,,,,,,11,OK,krediauto-imagenes/imagenes/45835,349000.00,17000,2024,OK,Not set,SUV,Gasolina,,Automatico,No Incluye,,Característica faltante en ficha
44765,NISSAN FRONTIER DC DIESEL MANUAL 4X4 2023,NISSAN,FRONTIER,Mazatlán,https://krediautomzt.mx/wp-content/uploads/2026/07/79dc2750-cd14-4d22-b5ac-bcc73994eb2d.jpg,https://krediautomzt.mx/vehiculos/nissan-frontier-dc-diesel-manual-4x4-2023/,https://krediautomzt.mx/wp-content/uploads/2026/07/WhatsApp-Image-2026-07-20-at-4.48.38-PM-1.jpeg,https://krediautomzt.mx/wp-content/uploads/2026/07/WhatsApp-Image-2026-07-20-at-4.48.38-PM.jpeg,https://krediautomzt.mx/wp-content/uploads/2026/07/WhatsApp-Image-2026-07-20-at-4.48.32-PM.jpeg,https://krediautomzt.mx/wp-content/uploads/2026/07/WhatsApp-Image-2026-07-20-at-4.48.32-PM-1.jpeg,https://krediautomzt.mx/wp-content/uploads/2026/07/WhatsApp-Image-2026-07-20-at-4.48.32-PM-2.jpeg,https://krediautomzt.mx/wp-content/uploads/2026/07/WhatsApp-Image-2026-07-20-at-4.48.33-PM.jpeg,https://krediautomzt.mx/wp-content/uploads/2026/07/WhatsApp-Image-2026-07-20-at-4.48.34-PM.jpeg,https://krediautomzt.mx/wp-content/uploads/2026/07/WhatsApp-Image-2026-07-20-at-4.48.34-PM-1.jpeg,https://krediautomzt.mx/wp-content/uploads/2026/07/WhatsApp-Image-2026-07-20-at-4.48.36-PM.jpeg,https://krediautomzt.mx/wp-content/uploads/2026/07/WhatsApp-Image-2026-07-20-at-4.48.36-PM-1.jpeg,https://krediautomzt.mx/wp-content/uploads/2026/07/WhatsApp-Image-2026-07-20-at-4.48.37-PM.jpeg,,,,,,12,OK,krediauto-imagenes/imagenes/44765,454000.00,48000,2023,OK,DC DIESEL,Pickup,Gasolina,4,Estandar,No Incluye,,OK
45821,NISSAN FRONTIER LE AUT 2023,NISSAN,FRONTIER,Mazatlán,https://krediautomzt.mx/wp-content/uploads/2026/08/WhatsApp-Image-2026-08-27-at-5.45.44-PM-1.jpeg,https://krediautomzt.mx/vehiculos/nissan-frontier-le-aut-2023/,https://krediautomzt.mx/wp-content/uploads/2026/08/WhatsApp-Image-2026-08-27-at-5.45.51-PM.jpeg,https://krediautomzt.mx/wp-content/uploads/2026/08/WhatsApp-Image-2026-08-27-at-5.45.44-PM-2.jpeg,https://krediautomzt.mx/wp-content/uploads/2026/08/WhatsApp-Image-2026-08-27-at-5.45.44-PM.jpeg,https://krediautomzt.mx/wp-content/uploads/2026/08/WhatsApp-Image-2026-08-27-at-5.45.45-PM.jpeg,https://krediautomzt.mx/wp-content/uploads/2026/08/WhatsApp-Image-2026-08-27-at-5.45.46-PM.jpeg,https://krediautomzt.mx/wp-content/uploads/2026/08/WhatsApp-Image-2026-08-27-at-5.45.47-PM-1.jpeg,https://krediautomzt.mx/wp-content/uploads/2026/08/WhatsApp-Image-2026-08-27-at-5.45.47-PM.jpeg,https://krediautomzt.mx/wp-content/uploads/2026/08/WhatsApp-Image-2026-08-27-at-5.45.48-PM.jpeg,https://krediautomzt.mx/wp-content/uploads/2026/08/WhatsApp-Image-2026-08-27-at-5.45.49-PM.jpeg,https://krediautomzt.mx/wp-content/uploads/2026/08/WhatsApp-Image-2026-08-27-at-5.45.50-PM.jpeg,https://krediautomzt.mx/wp-content/uploads/2026/08/WhatsApp-Image-2026-08-27-at-5.45.51-PM-1.jpeg,,,,,,12,OK,krediauto-imagenes/imagenes/45821,489000.00,37000,2023,OK,LE,Pickup,Gasolina,4,Automatico,No Incluye,Ventanas electricas; Control de AC; Radio; Bolsas de Aire; Control de tracción; Seguros Eléctricos,OK
44918,NISSAN FRONTIER NP300 LE AUT 2022,NISSAN,FRONTIER,Mazatlán,https://krediautomzt.mx/wp-content/uploads/2026/07/9efaddfc-317c-42d4-ad51-dc2848837f78.jpg,https://krediautomzt.mx/vehiculos/nissan-frontier-np300-le-2022/,https://krediautomzt.mx/wp-content/uploads/2026/07/WhatsApp-Image-2026-07-21-at-10.28.16-AM.jpeg,https://krediautomzt.mx/wp-content/uploads/2026/07/WhatsApp-Image-2026-07-21-at-10.28.17-AM-4.jpeg,https://krediautomzt.mx/wp-content/uploads/2026/07/WhatsApp-Image-2026-07-21-at-10.28.16-AM-1.jpeg,https://krediautomzt.mx/wp-content/uploads/2026/07/WhatsApp-Image-2026-07-21-at-10.28.16-AM-2.jpeg,https://krediautomzt.mx/wp-content/uploads/2026/07/WhatsApp-Image-2026-07-21-at-10.28.16-AM-4.jpeg,https://krediautomzt.mx/wp-content/uploads/2026/07/WhatsApp-Image-2026-07-21-at-10.28.16-AM-5-1.jpeg,https://krediautomzt.mx/wp-content/uploads/2026/07/WhatsApp-Image-2026-07-21-at-10.28.16-AM-5.jpeg,https://krediautomzt.mx/wp-content/uploads/2026/07/WhatsApp-Image-2026-07-21-at-10.28.17-AM.jpeg,https://krediautomzt.mx/wp-content/uploads/2026/07/WhatsApp-Image-2026-07-21-at-10.28.17-AM-1.jpeg,https://krediautomzt.mx/wp-content/uploads/2026/07/WhatsApp-Image-2026-07-21-at-10.28.17-AM-3.jpeg,,,,,,,11,OK,krediauto-imagenes/imagenes/44918,459000.00,96500,2022,OK,LE,Pickup,Gasolina,4,Automatico,No Incluye,Ventanas electricas; Control de AC; Radio; Bolsas de Aire; Control de tracción; Seguros Eléctricos,OK
44667,NISSAN FRONTIER PLATINUM DIESEL AUT 2022,NISSAN,FRONTIER,Mazatlán,https://krediautomzt.mx/wp-content/uploads/2026/07/cbd1238b-916d-4067-90f1-1097ba71fbd2.jpg,https://krediautomzt.mx/vehiculos/nissan-frontier-platinum-diesel-2022/,https://krediautomzt.mx/wp-content/uploads/2026/07/WhatsApp-Image-2026-07-13-at-4.18.39-PM-7.jpeg,https://krediautomzt.mx/wp-content/uploads/2026/07/WhatsApp-Image-2026-07-13-at-4.18.37-PM.jpeg,https://krediautomzt.mx/wp-content/uploads/2026/07/WhatsApp-Image-2026-07-13-at-4.18.38-PM.jpeg,https://krediautomzt.mx/wp-content/uploads/2026/07/WhatsApp-Image-2026-07-13-at-4.18.38-PM-1.jpeg,https://krediautomzt.mx/wp-content/uploads/2026/07/WhatsApp-Image-2026-07-13-at-4.18.38-PM-2.jpeg,https://krediautomzt.mx/wp-content/uploads/2026/07/WhatsApp-Image-2026-07-13-at-4.18.38-PM-5.jpeg,https://krediautomzt.mx/wp-content/uploads/2026/07/WhatsApp-Image-2026-07-13-at-4.18.39-PM-1.jpeg,https://krediautomzt.mx/wp-content/uploads/2026/07/WhatsApp-Image-2026-07-13-at-4.18.39-PM-3.jpeg,https://krediautomzt.mx/wp-content/uploads/2026/07/WhatsApp-Image-2026-07-13-at-4.18.39-PM-5.jpeg,https://krediautomzt.mx/wp-content/uploads/2026/07/WhatsApp-Image-2026-07-13-at-4.18.39-PM-9.jpeg,,,,,,,11,OK,krediauto-imagenes/imagenes/44667,548000.00,50000,2022,OK,PLATINUM,Pickup,Gasolina,4,Automatico,No Incluye,Interior de cuero; Ventanas electricas; Control de AC; Boton de encedido; Radio; Bolsas de Aire; Control de tracción; Seguros Eléctricos,OK
45149,NISSAN KICKS ADVANCE AUT 2023,NISSAN,KICKS,Mazatlán,https://krediautomzt.mx/wp-content/uploads/2026/08/98ab25db-7dd4-4d07-9993-ea5a57cb2098.jpg,https://krediautomzt.mx/vehiculos/nissan-kicks-advance-aut-2023/,https://krediautomzt.mx/wp-content/uploads/2026/08/WhatsApp-Image-2026-08-06-at-5.03.10-PM-1.jpeg,https://krediautomzt.mx/wp-content/uploads/2026/08/WhatsApp-Image-2026-08-06-at-5.03.11-PM-2.jpeg,https://krediautomzt.mx/wp-content/uploads/2026/08/WhatsApp-Image-2026-08-06-at-5.03.10-PM-2.jpeg,https://krediautomzt.mx/wp-content/uploads/2026/08/WhatsApp-Image-2026-08-06-at-5.03.10-PM-3.jpeg,https://krediautomzt.mx/wp-content/uploads/2026/08/WhatsApp-Image-2026-08-06-at-5.03.10-PM-4.jpeg,https://krediautomzt.mx/wp-content/uploads/2026/08/WhatsApp-Image-2026-08-06-at-5.03.10-PM.jpeg,https://krediautomzt.mx/wp-content/uploads/2026/08/WhatsApp-Image-2026-08-06-at-5.03.11-PM-1.jpeg,https://krediautomzt.mx/wp-content/uploads/2026/08/WhatsApp-Image-2026-08-06-at-5.03.11-PM-3.jpeg,https://krediautomzt.mx/wp-content/uploads/2026/08/WhatsApp-Image-2026-08-06-at-5.03.11-PM-4.jpeg,https://krediautomzt.mx/wp-content/uploads/2026/08/WhatsApp-Image-2026-08-06-at-5.03.12-PM.jpeg,https://krediautomzt.mx/wp-content/uploads/2026/08/WhatsApp-Image-2026-08-06-at-5.03.11-PM.jpeg,,,,,,12,OK,krediauto-imagenes/imagenes/45149,330000.00,45000,2023,OK,ADVANCE,SUV,Gasolina,4,Automatico,No Incluye,Ventanas electricas; Control de AC; Boton de encedido; Radio; Bolsas de Aire; Control de tracción; Seguros Eléctricos,OK
46335,NISSAN MARCH EXCLUSIVE AUT 2020,NISSAN,MARCH,Mazatlán,https://krediautomzt.mx/wp-content/uploads/2026/09/WhatsApp-Image-2026-09-18-at-10.06.57-AM-2.jpeg,https://krediautomzt.mx/vehiculos/__trashed-2/,https://krediautomzt.mx/wp-content/uploads/2026/09/WhatsApp-Image-2026-09-18-at-10.06.57-AM.jpeg,https://krediautomzt.mx/wp-content/uploads/2026/09/WhatsApp-Image-2026-09-18-at-10.06.57-AM-6.jpeg,https://krediautomzt.mx/wp-content/uploads/2026/09/WhatsApp-Image-2026-09-18-at-10.06.57-AM-9.jpeg,https://krediautomzt.mx/wp-content/uploads/2026/09/WhatsApp-Image-2026-09-18-at-10.06.57-AM-10.jpeg,https://krediautomzt.mx/wp-content/uploads/2026/09/WhatsApp-Image-2026-09-18-at-10.06.57-AM-1.jpeg,https://krediautomzt.mx/wp-content/uploads/2026/09/WhatsApp-Image-2026-09-18-at-10.06.57-AM-3.jpeg,https://krediautomzt.mx/wp-content/uploads/2026/09/WhatsApp-Image-2026-09-18-at-10.06.57-AM-4.jpeg,https://krediautomzt.mx/wp-content/uploads/2026/09/WhatsApp-Image-2026-09-18-at-10.06.57-AM-5.jpeg,,,,,,,,,9,OK,krediauto-imagenes/imagenes/46335,240000.00,61161,2020,OK,EXCLUSIVE,Hatchback,Gasolina,4,Automatico,No Incluye,,OK
45781,NISSAN SENTRA ADVANCE AUT 2024,NISSAN,Sentra,Mazatlán,https://krediautomzt.mx/wp-content/uploads/2026/08/WhatsApp-Image-2026-08-26-at-6.01.32-PM-2.jpeg,https://krediautomzt.mx/vehiculos/nissan-sentra-advance-aut-2024/,https://krediautomzt.mx/wp-content/uploads/2026/08/WhatsApp-Image-2026-08-26-at-6.01.33-PM.jpeg,https://krediautomzt.mx/wp-content/uploads/2026/08/WhatsApp-Image-2026-08-26-at-6.01.32-PM-1.jpeg,https://krediautomzt.mx/wp-content/uploads/2026/08/WhatsApp-Image-2026-08-26-at-6.01.32-PM-3.jpeg,https://krediautomzt.mx/wp-content/uploads/2026/08/WhatsApp-Image-2026-08-26-at-6.01.32-PM-4.jpeg,https://krediautomzt.mx/wp-content/uploads/2026/08/WhatsApp-Image-2026-08-26-at-6.01.32-PM-5.jpeg,https://krediautomzt.mx/wp-content/uploads/2026/08/WhatsApp-Image-2026-08-26-at-6.01.32-PM-6.jpeg,https://krediautomzt.mx/wp-content/uploads/2026/08/WhatsApp-Image-2026-08-26-at-6.01.32-PM-7.jpeg,https://krediautomzt.mx/wp-content/uploads/2026/08/WhatsApp-Image-2026-08-26-at-6.01.32-PM.jpeg,https://krediautomzt.mx/wp-content/uploads/2026/08/WhatsApp-Image-2026-08-26-at-6.01.33-PM-1.jpeg,https://krediautomzt.mx/wp-content/uploads/2026/08/WhatsApp-Image-2026-08-26-at-6.01.33-PM-2.jpeg,https://krediautomzt.mx/wp-content/uploads/2026/08/WhatsApp-Image-2026-08-26-at-6.01.33-PM-3.jpeg,,,,,,12,OK,krediauto-imagenes/imagenes/45781,339000.00,23000,2024,OK,ADVANCE,Sedan,Gasolina,4,Automatico,No Incluye,Ventanas electricas; Control de AC; Boton de encedido; Radio; Bolsas de Aire; Control de tracción; Seguros Eléctricos,OK
45695,NISSAN SENTRA ADVANCE CVT 2021,NISSAN,Sentra,Mazatlán,https://krediautomzt.mx/wp-content/uploads/2026/08/6a4d440a-a604-48db-a054-1769ea781034.jpg,https://krediautomzt.mx/vehiculos/nissan-sentra-advance-cvt-2021/,https://krediautomzt.mx/wp-content/uploads/2026/08/WhatsApp-Image-2026-08-20-at-5.50.06-PM-1.jpeg,https://krediautomzt.mx/wp-content/uploads/2026/08/WhatsApp-Image-2026-08-20-at-5.50.06-PM-7.jpeg,https://krediautomzt.mx/wp-content/uploads/2026/08/WhatsApp-Image-2026-08-20-at-5.50.06-PM-2.jpeg,https://krediautomzt.mx/wp-content/uploads/2026/08/WhatsApp-Image-2026-08-20-at-5.50.06-PM-3.jpeg,https://krediautomzt.mx/wp-content/uploads/2026/08/WhatsApp-Image-2026-08-20-at-5.50.06-PM-4.jpeg,https://krediautomzt.mx/wp-content/uploads/2026/08/WhatsApp-Image-2026-08-20-at-5.50.06-PM-5.jpeg,https://krediautomzt.mx/wp-content/uploads/2026/08/WhatsApp-Image-2026-08-20-at-5.50.06-PM-6.jpeg,https://krediautomzt.mx/wp-content/uploads/2026/08/WhatsApp-Image-2026-08-20-at-5.50.06-PM.jpeg,https://krediautomzt.mx/wp-content/uploads/2026/08/WhatsApp-Image-2026-08-20-at-5.50.06-PM-8.jpeg,https://krediautomzt.mx/wp-content/uploads/2026/08/WhatsApp-Image-2026-08-20-at-5.50.06-PM-9.jpeg,,,,,,,11,OK,krediauto-imagenes/imagenes/45695,299000.00,62000,2021,OK,ADVANCE,Sedan,Gasolina,4,CVT,No Incluye,Ventanas electricas; Control de AC; Boton de encedido; Radio; Bolsas de Aire; Control de tracción; Seguros Eléctricos,OK
45965,NISSAN VERSA SENSE AUT 2024,NISSAN,VERSA,Mazatlán,https://krediautomzt.mx/wp-content/uploads/2026/09/WhatsApp-Image-2026-09-03-at-11.01.17-AM.jpeg,https://krediautomzt.mx/vehiculos/nissan-versa-sense-aut-2024/,https://krediautomzt.mx/wp-content/uploads/2026/09/WhatsApp-Image-2026-09-03-at-11.01.16-AM.jpeg,https://krediautomzt.mx/wp-content/uploads/2026/09/WhatsApp-Image-2026-09-03-at-11.01.19-AM-2.jpeg,https://krediautomzt.mx/wp-content/uploads/2026/09/WhatsApp-Image-2026-09-03-at-11.01.17-AM-1.jpeg,https://krediautomzt.mx/wp-content/uploads/2026/09/WhatsApp-Image-2026-09-03-at-11.01.17-AM-2.jpeg,https://krediautomzt.mx/wp-content/uploads/2026/09/WhatsApp-Image-2026-09-03-at-11.01.18-AM.jpeg,https://krediautomzt.mx/wp-content/uploads/2026/09/WhatsApp-Image-2026-09-03-at-11.01.18-AM-1.jpeg,https://krediautomzt.mx/wp-content/uploads/2026/09/WhatsApp-Image-2026-09-03-at-11.01.18-AM-2.jpeg,https://krediautomzt.mx/wp-content/uploads/2026/09/WhatsApp-Image-2026-09-03-at-11.01.19-AM.jpeg,https://krediautomzt.mx/wp-content/uploads/2026/09/WhatsApp-Image-2026-09-03-at-11.01.19-AM-1.jpeg,,,,,,,,10,OK,krediauto-imagenes/imagenes/45965,300000.00,51000,2024,OK,SENSE,Sedan,Gasolina,4,Automatico,No Incluye,,OK
46322,NISSAN VERSA SENSE TM 2023,NISSAN,VERSA,Mazatlán,https://krediautomzt.mx/wp-content/uploads/2026/09/07cee9de-264a-49d2-87dc-638fa16be317.jpg,https://krediautomzt.mx/vehiculos/nissan-versa-sense-tm-2023/,https://krediautomzt.mx/wp-content/uploads/2026/09/WhatsApp-Image-2026-09-18-at-10.39.23-AM-1.jpeg,https://krediautomzt.mx/wp-content/uploads/2026/09/WhatsApp-Image-2026-09-18-at-10.39.24-AM.jpeg,https://krediautomzt.mx/wp-content/uploads/2026/09/WhatsApp-Image-2026-09-18-at-10.39.23-AM.jpeg,https://krediautomzt.mx/wp-content/uploads/2026/09/WhatsApp-Image-2026-09-18-at-10.39.24-AM-1.jpeg,https://krediautomzt.mx/wp-content/uploads/2026/09/WhatsApp-Image-2026-09-18-at-10.39.24-AM-2.jpeg,https://krediautomzt.mx/wp-content/uploads/2026/09/WhatsApp-Image-2026-09-18-at-10.39.24-AM-3.jpeg,https://krediautomzt.mx/wp-content/uploads/2026/09/WhatsApp-Image-2026-09-18-at-10.39.24-AM-4.jpeg,https://krediautomzt.mx/wp-content/uploads/2026/09/WhatsApp-Image-2026-09-18-at-10.39.25-AM-3.jpeg,https://krediautomzt.mx/wp-content/uploads/2026/09/WhatsApp-Image-2026-09-18-at-10.39.25-AM-1.jpeg,https://krediautomzt.mx/wp-content/uploads/2026/09/WhatsApp-Image-2026-09-18-at-10.39.25-AM-2.jpeg,https://krediautomzt.mx/wp-content/uploads/2026/09/WhatsApp-Image-2026-09-18-at-10.39.25-AM.jpeg,,,,,,12,OK,krediauto-imagenes/imagenes/46322,289000.00,62000,2023,OK,SENSE,Sedan,Gasolina,4,Estandar,No Incluye,Ventanas electricas; Control de AC; Radio; Bolsas de Aire; Control de tracción; Seguros Eléctricos,OK
41287,PEUGEOT RIFTER ALLURE PACK 2024,PEUGEOT,—,Mazatlán,https://krediautomzt.mx/wp-content/uploads/2026/01/WhatsApp-Image-2026-01-27-at-11.55.19-AM-1.jpeg,https://krediautomzt.mx/vehiculos/peugeot-rifter-2024/,https://krediautomzt.mx/wp-content/uploads/2026/01/WhatsApp-Image-2026-01-27-at-11.55.19-AM-8.jpeg,https://krediautomzt.mx/wp-content/uploads/2026/01/WhatsApp-Image-2026-01-27-at-11.55.19-AM-2.jpeg,https://krediautomzt.mx/wp-content/uploads/2026/01/WhatsApp-Image-2026-01-27-at-11.55.19-AM-4.jpeg,https://krediautomzt.mx/wp-content/uploads/2026/01/WhatsApp-Image-2026-01-27-at-11.55.19-AM-5.jpeg,https://krediautomzt.mx/wp-content/uploads/2026/01/WhatsApp-Image-2026-01-27-at-11.55.19-AM-6.jpeg,https://krediautomzt.mx/wp-content/uploads/2026/01/WhatsApp-Image-2026-01-27-at-11.55.19-AM-7.jpeg,https://krediautomzt.mx/wp-content/uploads/2026/01/WhatsApp-Image-2026-01-27-at-11.55.19-AM-9.jpeg,https://krediautomzt.mx/wp-content/uploads/2026/01/WhatsApp-Image-2026-01-27-at-11.55.19-AM-10.jpeg,,,,,,,,,9,OK,krediauto-imagenes/imagenes/41287,395000.00,31000,2024,OK,RIFTER,Minivan,Gasolina,3,Automatico,No Incluye,,OK
42698,RAM 700 BIGHORN AUT 2025,DODGE,RAM 700,Mazatlán,https://krediautomzt.mx/wp-content/uploads/2026/04/792c3952-8ed6-4c2f-b798-5c0e68ef2cfe.jpg,https://krediautomzt.mx/vehiculos/ram-700-bighorn-aut-2025/,https://krediautomzt.mx/wp-content/uploads/2026/04/WhatsApp-Image-2026-04-01-at-9.42.20-AM-2.jpeg,https://krediautomzt.mx/wp-content/uploads/2026/04/WhatsApp-Image-2026-04-01-at-9.42.19-AM-1.jpeg,https://krediautomzt.mx/wp-content/uploads/2026/04/WhatsApp-Image-2026-04-01-at-9.42.19-AM-2.jpeg,https://krediautomzt.mx/wp-content/uploads/2026/04/WhatsApp-Image-2026-04-01-at-9.42.19-AM-4.jpeg,https://krediautomzt.mx/wp-content/uploads/2026/04/WhatsApp-Image-2026-04-01-at-9.42.19-AM-5.jpeg,https://krediautomzt.mx/wp-content/uploads/2026/04/WhatsApp-Image-2026-04-01-at-9.42.20-AM-1.jpeg,https://krediautomzt.mx/wp-content/uploads/2026/04/WhatsApp-Image-2026-04-01-at-9.42.20-AM.jpeg,https://krediautomzt.mx/wp-content/uploads/2026/04/WhatsApp-Image-2026-04-01-at-9.42.19-AM-3.jpeg,https://krediautomzt.mx/wp-content/uploads/2026/04/WhatsApp-Image-2026-04-01-at-9.42.19-AM.jpeg,,,,,,,,10,OK,krediauto-imagenes/imagenes/42698,415000.00,43000,2025,OK,BIGHORN,Pickup,Gasolina,4,Automatico,No Incluye,Ventanas electricas; Control de AC; Volante multifunción; Radio; Bolsas de Aire; Seguros Eléctricos,OK
45104,RAM 700 SLT CABINA SENCILLA STD 2023,RAM,RAM 700,Mazatlán,https://krediautomzt.mx/wp-content/uploads/2026/08/ace311f2-db97-4092-afc6-9bc75e572c47.jpg,https://krediautomzt.mx/vehiculos/ram-700-slt-cabina-sencilla-2023/,https://krediautomzt.mx/wp-content/uploads/2026/08/WhatsApp-Image-2026-07-31-at-11.39.59-AM-3.jpeg,https://krediautomzt.mx/wp-content/uploads/2026/08/WhatsApp-Image-2026-07-31-at-11.39.58-AM.jpeg,https://krediautomzt.mx/wp-content/uploads/2026/08/WhatsApp-Image-2026-07-31-at-11.39.58-AM-1.jpeg,https://krediautomzt.mx/wp-content/uploads/2026/08/WhatsApp-Image-2026-07-31-at-11.39.59-AM.jpeg,https://krediautomzt.mx/wp-content/uploads/2026/08/WhatsApp-Image-2026-07-31-at-11.39.59-AM-1.jpeg,https://krediautomzt.mx/wp-content/uploads/2026/08/WhatsApp-Image-2026-07-31-at-11.39.59-AM-2.jpeg,https://krediautomzt.mx/wp-content/uploads/2026/08/WhatsApp-Image-2026-07-31-at-11.39.59-AM-4.jpeg,https://krediautomzt.mx/wp-content/uploads/2026/08/WhatsApp-Image-2026-07-31-at-11.39.59-AM-5.jpeg,,,,,,,,,9,OK,krediauto-imagenes/imagenes/45104,259000.00,78974,2023,OK,SLT,Pickup,Gasolina,4,Estandar,No Incluye,,OK
45287,RENAULT KWID BITONO TM 2025,RENAULT,KWID,Mazatlán,https://krediautomzt.mx/wp-content/uploads/2026/08/4980a081-912d-41b5-a489-54c39132c6fe.jpg,https://krediautomzt.mx/vehiculos/renault-kwid-bitono-tm-2025/,https://krediautomzt.mx/wp-content/uploads/2026/08/WhatsApp-Image-2026-08-12-at-10.23.31-AM-4.jpeg,https://krediautomzt.mx/wp-content/uploads/2026/08/WhatsApp-Image-2026-08-12-at-10.23.31-AM.jpeg,https://krediautomzt.mx/wp-content/uploads/2026/08/WhatsApp-Image-2026-08-12-at-10.23.31-AM-1.jpeg,https://krediautomzt.mx/wp-content/uploads/2026/08/WhatsApp-Image-2026-08-12-at-10.23.31-AM-3.jpeg,https://krediautomzt.mx/wp-content/uploads/2026/08/WhatsApp-Image-2026-08-12-at-10.23.31-AM-2.jpeg,https://krediautomzt.mx/wp-content/uploads/2026/08/WhatsApp-Image-2026-08-12-at-10.23.32-AM-1.jpeg,https://krediautomzt.mx/wp-content/uploads/2026/08/WhatsApp-Image-2026-08-12-at-10.23.31-AM-5.jpeg,https://krediautomzt.mx/wp-content/uploads/2026/08/WhatsApp-Image-2026-08-12-at-10.23.32-AM.jpeg,https://krediautomzt.mx/wp-content/uploads/2026/08/WhatsApp-Image-2026-08-12-at-10.23.32-AM-3.jpeg,https://krediautomzt.mx/wp-content/uploads/2026/08/WhatsApp-Image-2026-08-12-at-10.23.32-AM-2.jpeg,,,,,,,11,OK,krediauto-imagenes/imagenes/45287,239000.00,19811,2025,OK,BITONO,Hatchback,Gasolina,3,Estandar,No Incluye,Ventanas electricas; Control de AC; Radio; Bolsas de Aire; Control de tracción; Seguros Eléctricos,OK
46345,RENAULT KWID ICONIC TM 2020,RENAULT,KWID,Mazatlán,https://krediautomzt.mx/wp-content/uploads/2026/09/WhatsApp-Image-2026-09-22-at-1.33.17-PM-1.jpeg,https://krediautomzt.mx/vehiculos/renault-kwid-iconic-tm-2020/,https://krediautomzt.mx/wp-content/uploads/2026/09/WhatsApp-Image-2026-09-22-at-1.33.17-PM.jpeg,https://krediautomzt.mx/wp-content/uploads/2026/09/WhatsApp-Image-2026-09-22-at-1.33.17-PM-2.jpeg,https://krediautomzt.mx/wp-content/uploads/2026/09/WhatsApp-Image-2026-09-22-at-1.33.17-PM-4.jpeg,https://krediautomzt.mx/wp-content/uploads/2026/09/WhatsApp-Image-2026-09-22-at-1.33.17-PM-3.jpeg,https://krediautomzt.mx/wp-content/uploads/2026/09/WhatsApp-Image-2026-09-22-at-1.33.19-PM-3.jpeg,https://krediautomzt.mx/wp-content/uploads/2026/09/WhatsApp-Image-2026-09-22-at-1.33.18-PM-1.jpeg,https://krediautomzt.mx/wp-content/uploads/2026/09/WhatsApp-Image-2026-09-22-at-1.33.18-PM-2.jpeg,https://krediautomzt.mx/wp-content/uploads/2026/09/WhatsApp-Image-2026-09-22-at-1.33.18-PM.jpeg,https://krediautomzt.mx/wp-content/uploads/2026/09/WhatsApp-Image-2026-09-22-at-1.33.19-PM-1.jpeg,https://krediautomzt.mx/wp-content/uploads/2026/09/WhatsApp-Image-2026-09-22-at-1.33.19-PM-2.jpeg,https://krediautomzt.mx/wp-content/uploads/2026/09/WhatsApp-Image-2026-09-22-at-1.33.19-PM.jpeg,,,,,,12,OK,krediauto-imagenes/imagenes/46345,190000.00,35000,2020,OK,ICONIC,Hatchback,Gasolina,3,Estandar,No Incluye,Ventanas electricas; Radio; Bolsas de Aire; Control de tracción; Seguros Eléctricos,OK
43582,RENAULT KWID OUTSIDER TM 2024,RENAULT,KWID,Mazatlán,https://krediautomzt.mx/wp-content/uploads/2026/05/5d91f843-19f7-4151-b204-342a9bec579b.jpg,https://krediautomzt.mx/vehiculos/renault-kwid-outsider-tm-2024/,https://krediautomzt.mx/wp-content/uploads/2026/05/WhatsApp-Image-2026-05-22-at-9.57.22-AM.jpeg,https://krediautomzt.mx/wp-content/uploads/2026/05/WhatsApp-Image-2026-05-22-at-9.57.23-AM-6.jpeg,https://krediautomzt.mx/wp-content/uploads/2026/05/WhatsApp-Image-2026-05-22-at-9.57.22-AM-1.jpeg,https://krediautomzt.mx/wp-content/uploads/2026/05/WhatsApp-Image-2026-05-22-at-9.57.23-AM-2.jpeg,https://krediautomzt.mx/wp-content/uploads/2026/05/WhatsApp-Image-2026-05-22-at-9.57.23-AM-3.jpeg,https://krediautomzt.mx/wp-content/uploads/2026/05/WhatsApp-Image-2026-05-22-at-9.57.23-AM-4.jpeg,https://krediautomzt.mx/wp-content/uploads/2026/05/WhatsApp-Image-2026-05-22-at-9.57.23-AM-5.jpeg,,,,,,,,,,8,OK,krediauto-imagenes/imagenes/43582,240000.00,30000,2024,OK,OUTSIDER,Hatchback,Gasolina,4,Estandar,No Incluye,Control de AC; Radio; Bolsas de Aire; Control de tracción,OK
45927,TERAMONT CROSS SPORT R LINE AUT 2024,VOLKSWAGEN,TERAMONT,Mazatlán,https://krediautomzt.mx/wp-content/uploads/2026/09/WhatsApp-Image-2026-09-01-at-5.32.47-PM-1.jpeg,https://krediautomzt.mx/vehiculos/teramont-cross-sport-r-line-aut-2024/,https://krediautomzt.mx/wp-content/uploads/2026/09/WhatsApp-Image-2026-09-01-at-5.32.50-PM-2.jpeg,https://krediautomzt.mx/wp-content/uploads/2026/09/WhatsApp-Image-2026-09-01-at-5.32.47-PM.jpeg,https://krediautomzt.mx/wp-content/uploads/2026/09/WhatsApp-Image-2026-09-01-at-5.32.48-PM-1.jpeg,https://krediautomzt.mx/wp-content/uploads/2026/09/WhatsApp-Image-2026-09-01-at-5.32.48-PM.jpeg,https://krediautomzt.mx/wp-content/uploads/2026/09/WhatsApp-Image-2026-09-01-at-5.32.49-PM-1.jpeg,https://krediautomzt.mx/wp-content/uploads/2026/09/WhatsApp-Image-2026-09-01-at-5.32.49-PM-2.jpeg,https://krediautomzt.mx/wp-content/uploads/2026/09/WhatsApp-Image-2026-09-01-at-5.32.49-PM-3.jpeg,https://krediautomzt.mx/wp-content/uploads/2026/09/WhatsApp-Image-2026-09-01-at-5.32.49-PM.jpeg,https://krediautomzt.mx/wp-content/uploads/2026/09/WhatsApp-Image-2026-09-01-at-5.32.50-PM-1.jpeg,https://krediautomzt.mx/wp-content/uploads/2026/09/WhatsApp-Image-2026-09-01-at-5.32.51-PM-1.jpeg,https://krediautomzt.mx/wp-content/uploads/2026/09/WhatsApp-Image-2026-09-01-at-5.32.50-PM-3.jpeg,https://krediautomzt.mx/wp-content/uploads/2026/09/WhatsApp-Image-2026-09-01-at-5.32.50-PM.jpeg,https://krediautomzt.mx/wp-content/uploads/2026/09/WhatsApp-Image-2026-09-01-at-5.32.51-PM-2.jpeg,https://krediautomzt.mx/wp-content/uploads/2026/09/WhatsApp-Image-2026-09-01-at-5.32.51-PM.jpeg,,,15,OK,krediauto-imagenes/imagenes/45927,794000.00,44000,2024,OK,CROSS SPORT R LINE,SUV,Gasolina,4,Automatico,No Incluye,,OK
44752,TOYOTA AVANZA XLE 2024,TOYOTA,avanza,Mazatlán,https://krediautomzt.mx/wp-content/uploads/2026/07/7cc04bed-05d1-465b-b4cb-d4d13260252f.jpg,https://krediautomzt.mx/vehiculos/toyota-avanza-xle-2024/,https://krediautomzt.mx/wp-content/uploads/2026/07/WhatsApp-Image-2026-07-09-at-9.50.41-AM.jpeg,https://krediautomzt.mx/wp-content/uploads/2026/07/WhatsApp-Image-2026-07-09-at-9.50.41-AM-1.jpeg,https://krediautomzt.mx/wp-content/uploads/2026/07/WhatsApp-Image-2026-07-09-at-9.50.42-AM-9.jpeg,https://krediautomzt.mx/wp-content/uploads/2026/07/WhatsApp-Image-2026-07-09-at-9.50.42-AM.jpeg,https://krediautomzt.mx/wp-content/uploads/2026/07/WhatsApp-Image-2026-07-09-at-9.50.42-AM-2.jpeg,https://krediautomzt.mx/wp-content/uploads/2026/07/WhatsApp-Image-2026-07-09-at-9.50.42-AM-3.jpeg,https://krediautomzt.mx/wp-content/uploads/2026/07/WhatsApp-Image-2026-07-09-at-9.50.42-AM-7.jpeg,https://krediautomzt.mx/wp-content/uploads/2026/07/WhatsApp-Image-2026-07-09-at-9.50.42-AM-8.jpeg,https://krediautomzt.mx/wp-content/uploads/2026/07/WhatsApp-Image-2026-07-09-at-9.50.43-AM.jpeg,https://krediautomzt.mx/wp-content/uploads/2026/07/WhatsApp-Image-2026-07-09-at-9.50.43-AM-1.jpeg,,,,,,,11,OK,krediauto-imagenes/imagenes/44752,370000.00,40000,2024,OK,XLE,SUV,Gasolina,4,Automatico,No Incluye,,OK
46148,TOYOTA RAIZE XLE AUT 2024,TOYOTA,RAIZE,Mazatlán,https://krediautomzt.mx/wp-content/uploads/2026/09/WhatsApp-Image-2026-09-09-at-5.17.01-PM-1.jpeg,https://krediautomzt.mx/vehiculos/toyota-raize-xle-aut-2023/,https://krediautomzt.mx/wp-content/uploads/2026/09/WhatsApp-Image-2026-09-09-at-5.17.01-PM-12.jpeg,https://krediautomzt.mx/wp-content/uploads/2026/09/WhatsApp-Image-2026-09-09-at-5.17.01-PM-2.jpeg,https://krediautomzt.mx/wp-content/uploads/2026/09/WhatsApp-Image-2026-09-09-at-5.17.01-PM-3.jpeg,https://krediautomzt.mx/wp-content/uploads/2026/09/WhatsApp-Image-2026-09-09-at-5.17.01-PM-5.jpeg,https://krediautomzt.mx/wp-content/uploads/2026/09/WhatsApp-Image-2026-09-09-at-5.17.01-PM-6.jpeg,https://krediautomzt.mx/wp-content/uploads/2026/09/WhatsApp-Image-2026-09-09-at-5.17.01-PM-8.jpeg,https://krediautomzt.mx/wp-content/uploads/2026/09/WhatsApp-Image-2026-09-09-at-5.17.01-PM-9.jpeg,https://krediautomzt.mx/wp-content/uploads/2026/09/WhatsApp-Image-2026-09-09-at-5.17.01-PM-10.jpeg,https://krediautomzt.mx/wp-content/uploads/2026/09/WhatsApp-Image-2026-09-09-at-5.17.01-PM-11.jpeg,,,,,,,,10,OK,krediauto-imagenes/imagenes/46148,339000.00,44000,2024,OK,XLE,SUV,Gasolina,4,Automatico,No Incluye,Ventanas electricas; Control de AC; Boton de encedido; Radio; Bolsas de Aire; Control de tracción; Seguros Eléctricos,OK
46161,TOYOTA RAV4 LIMITED HEV AUT 2023,TOYOTA,RAV 4,Mazatlán,https://krediautomzt.mx/wp-content/uploads/2026/09/WhatsApp-Image-2026-09-10-at-4.49.29-PM.jpeg,https://krediautomzt.mx/vehiculos/toyota-rav4-limited-hev-aut-2023/,https://krediautomzt.mx/wp-content/uploads/2026/09/WhatsApp-Image-2026-09-10-at-4.49.36-PM.jpeg,https://krediautomzt.mx/wp-content/uploads/2026/09/WhatsApp-Image-2026-09-10-at-4.49.30-PM.jpeg,https://krediautomzt.mx/wp-content/uploads/2026/09/WhatsApp-Image-2026-09-10-at-4.49.31-PM.jpeg,https://krediautomzt.mx/wp-content/uploads/2026/09/WhatsApp-Image-2026-09-10-at-4.49.34-PM.jpeg,https://krediautomzt.mx/wp-content/uploads/2026/09/WhatsApp-Image-2026-09-10-at-4.49.36-PM-1.jpeg,https://krediautomzt.mx/wp-content/uploads/2026/09/WhatsApp-Image-2026-09-10-at-4.49.31-PM-1.jpeg,https://krediautomzt.mx/wp-content/uploads/2026/09/WhatsApp-Image-2026-09-10-at-4.49.35-PM.jpeg,https://krediautomzt.mx/wp-content/uploads/2026/09/WhatsApp-Image-2026-09-10-at-4.49.42-PM.jpeg,https://krediautomzt.mx/wp-content/uploads/2026/09/WhatsApp-Image-2026-09-10-at-4.49.38-PM-1.jpeg,https://krediautomzt.mx/wp-content/uploads/2026/09/WhatsApp-Image-2026-09-10-at-4.49.38-PM.jpeg,https://krediautomzt.mx/wp-content/uploads/2026/09/WhatsApp-Image-2026-09-10-at-4.49.39-PM.jpeg,https://krediautomzt.mx/wp-content/uploads/2026/09/WhatsApp-Image-2026-09-10-at-4.49.40-PM-1.jpeg,https://krediautomzt.mx/wp-content/uploads/2026/09/WhatsApp-Image-2026-09-10-at-4.49.40-PM.jpeg,https://krediautomzt.mx/wp-content/uploads/2026/09/WhatsApp-Image-2026-09-10-at-4.49.41-PM-1.jpeg,https://krediautomzt.mx/wp-content/uploads/2026/09/WhatsApp-Image-2026-09-10-at-4.49.41-PM.jpeg,,16,OK,krediauto-imagenes/imagenes/46161,649000.00,36000,2023,OK,LIMITED HEV,SUV,Gasolina,4,Automatico,No Incluye,Interior de cuero; Quema cocos; Ventanas electricas; Control de AC; Boton de encedido; Radio; Bolsas de Aire; Control de tracción; Seguros Eléctricos,OK
42340,TOYOTA SIENNA LE 2018,TOYOTA,SIENNA,Mazatlán,https://krediautomzt.mx/wp-content/uploads/2026/03/WhatsApp-Image-2026-03-19-at-11.47.28-AM-1.jpeg,https://krediautomzt.mx/vehiculos/toyota-sienna-le-2018/,https://krediautomzt.mx/wp-content/uploads/2026/03/WhatsApp-Image-2026-03-19-at-11.47.31-AM-1-1.jpeg,https://krediautomzt.mx/wp-content/uploads/2026/03/WhatsApp-Image-2026-03-19-at-11.47.31-AM-1.jpeg,https://krediautomzt.mx/wp-content/uploads/2026/03/WhatsApp-Image-2026-03-19-at-11.47.30-AM-2.jpeg,https://krediautomzt.mx/wp-content/uploads/2026/03/WhatsApp-Image-2026-03-19-at-11.47.30-AM.jpeg,https://krediautomzt.mx/wp-content/uploads/2026/03/WhatsApp-Image-2026-03-19-at-11.47.30-AM-1.jpeg,https://krediautomzt.mx/wp-content/uploads/2026/03/WhatsApp-Image-2026-03-19-at-11.47.30-AM-1-1.jpeg,https://krediautomzt.mx/wp-content/uploads/2026/03/WhatsApp-Image-2026-03-19-at-11.47.31-AM-2.jpeg,,,,,,,,,,8,OK,krediauto-imagenes/imagenes/42340,370000.00,115000,2018,OK,LE,SUV,Gasolina,,Automatico,No Incluye,Ventanas electricas; Control de AC; Volante multifunción; Boton de encedido; Radio; Bolsas de Aire; Seguros Eléctricos,Característica faltante en ficha
39317,TOYOTA TACOMA TRD V6 2023 AUT,TOYOTA,TACOMA,Mazatlán,https://krediautomzt.mx/wp-content/uploads/2026/08/WhatsApp-Image-2025-07-25-at-5.02.00-PM-3-1.jpeg,https://krediautomzt.mx/vehiculos/toyota-tacoma-trd-v6-2023-aut/,https://krediautomzt.mx/wp-content/uploads/2026/08/WhatsApp-Image-2025-07-25-at-5.01.59-PM.jpeg,https://krediautomzt.mx/wp-content/uploads/2026/08/WhatsApp-Image-2025-07-25-at-5.01.59-PM-2-1.jpeg,https://krediautomzt.mx/wp-content/uploads/2026/08/WhatsApp-Image-2025-07-25-at-5.01.59-PM-3.jpeg,https://krediautomzt.mx/wp-content/uploads/2026/08/WhatsApp-Image-2025-07-25-at-5.01.59-PM-5.jpeg,https://krediautomzt.mx/wp-content/uploads/2026/08/WhatsApp-Image-2025-07-25-at-5.01.59-PM-6-1.jpeg,https://krediautomzt.mx/wp-content/uploads/2026/08/WhatsApp-Image-2025-07-25-at-5.02.00-PM-1.jpeg,https://krediautomzt.mx/wp-content/uploads/2026/08/WhatsApp-Image-2025-07-25-at-5.02.00-PM-1-1.jpeg,,,,,,,,,,8,OK,krediauto-imagenes/imagenes/39317,795000.00,13000,2023,OK,TRD V6,Pickup,Gasolina,6,Automatico,No Incluye,Interior de cuero; Ventanas electricas; Control de AC; Boton de encedido; Radio; Bolsas de Aire; Control de tracción; Seguros Eléctricos,OK
43880,VOLKSWAGEN NIVUS BLACK/2022,VOLKSWAGEN,NIVUS,Mazatlán,https://krediautomzt.mx/wp-content/uploads/2026/06/3020a1ed-ec44-492e-8206-1ff5ed03b93f.jpg,https://krediautomzt.mx/vehiculos/volkswagen-nivus-black-2022/,https://krediautomzt.mx/wp-content/uploads/2026/06/WhatsApp-Image-2026-06-10-at-12.16.57-PM.jpeg,https://krediautomzt.mx/wp-content/uploads/2026/06/WhatsApp-Image-2026-06-10-at-12.23.24-PM.jpeg,https://krediautomzt.mx/wp-content/uploads/2026/06/WhatsApp-Image-2026-06-10-at-12.22.48-PM.jpeg,https://krediautomzt.mx/wp-content/uploads/2026/06/WhatsApp-Image-2026-06-10-at-12.23.11-PM.jpeg,https://krediautomzt.mx/wp-content/uploads/2026/06/WhatsApp-Image-2026-06-10-at-12.23.47-PM.jpeg,https://krediautomzt.mx/wp-content/uploads/2026/06/WhatsApp-Image-2026-06-10-at-12.23.37-PM.jpeg,https://krediautomzt.mx/wp-content/uploads/2026/06/WhatsApp-Image-2026-06-10-at-12.23.37-PM-1.jpeg,https://krediautomzt.mx/wp-content/uploads/2026/06/WhatsApp-Image-2026-06-10-at-12.23.47-PM-1.jpeg,,,,,,,,,9,OK,krediauto-imagenes/imagenes/43880,344000.00,37700,2022,OK,BLACK,SUV,Gasolina,4,Automatico,No Incluye,Interior de cuero; Ventanas electricas; Control de AC; Radio; Bolsas de Aire; Control de tracción; Seguros Eléctricos,OK
43147,VOLKSWAGEN TIGUAN TRENDLINE AUT 2019,VOLKSWAGEN,TIGUAN,Mazatlán,https://krediautomzt.mx/wp-content/uploads/2026/04/WhatsApp-Image-2026-04-17-at-5.48.16-PM-2.jpeg,https://krediautomzt.mx/vehiculos/volkswagen-tiguan-trendline-aut-2019__trashed/,https://krediautomzt.mx/wp-content/uploads/2026/04/WhatsApp-Image-2026-04-17-at-5.48.16-PM-1.jpeg,https://krediautomzt.mx/wp-content/uploads/2026/04/WhatsApp-Image-2026-04-17-at-5.48.16-PM-4-1.jpeg,https://krediautomzt.mx/wp-content/uploads/2026/04/WhatsApp-Image-2026-04-17-at-5.48.16-PM-1-1.jpeg,https://krediautomzt.mx/wp-content/uploads/2026/04/WhatsApp-Image-2026-04-17-at-5.48.16-PM-3.jpeg,https://krediautomzt.mx/wp-content/uploads/2026/04/WhatsApp-Image-2026-04-17-at-5.48.16-PM-6.jpeg,https://krediautomzt.mx/wp-content/uploads/2026/04/WhatsApp-Image-2026-04-17-at-5.48.16-PM-7-1.jpeg,https://krediautomzt.mx/wp-content/uploads/2026/04/WhatsApp-Image-2026-04-17-at-5.48.16-PM-8.jpeg,https://krediautomzt.mx/wp-content/uploads/2026/04/WhatsApp-Image-2026-04-17-at-5.48.16-PM-7.jpeg,https://krediautomzt.mx/wp-content/uploads/2026/04/WhatsApp-Image-2026-04-17-at-5.48.16-PM-2-1.jpeg,,,,,,,,10,OK,krediauto-imagenes/imagenes/43147,285000.00,96000,2019,OK,TRENDLINE,SUV,Gasolina,4,Automatico,No Incluye,Ventanas electricas; Control de AC; Volante multifunción; Boton de encedido; Radio; Bolsas de Aire; Seguros Eléctricos,OK
42206,VW JETTA COMFORTLINE 2023,VOLKSWAGEN,JETTA,Mazatlán,https://krediautomzt.mx/wp-content/uploads/2026/03/WhatsApp-Image-2026-03-11-at-12.47.06-PM-1.jpeg,https://krediautomzt.mx/vehiculos/vw-jetta-comfortline-2023/,https://krediautomzt.mx/wp-content/uploads/2026/03/WhatsApp-Image-2026-03-11-at-12.47.06-PM-1-1.jpeg,https://krediautomzt.mx/wp-content/uploads/2026/03/WhatsApp-Image-2026-03-11-at-12.47.06-PM-3.jpeg,https://krediautomzt.mx/wp-content/uploads/2026/03/WhatsApp-Image-2026-03-11-at-12.47.06-PM-2.jpeg,https://krediautomzt.mx/wp-content/uploads/2026/03/WhatsApp-Image-2026-03-11-at-12.47.07-PM-1.jpeg,https://krediautomzt.mx/wp-content/uploads/2026/03/WhatsApp-Image-2026-03-11-at-12.47.07-PM.jpeg,https://krediautomzt.mx/wp-content/uploads/2026/03/WhatsApp-Image-2026-03-11-at-12.47.06-PM-4.jpeg,https://krediautomzt.mx/wp-content/uploads/2026/03/WhatsApp-Image-2026-03-11-at-12.47.07-PM-3.jpeg,https://krediautomzt.mx/wp-content/uploads/2026/03/WhatsApp-Image-2026-03-11-at-12.47.07-PM-2.jpeg,,,,,,,,,9,OK,krediauto-imagenes/imagenes/42206,349000.00,51000,2023,OK,COMFORTLINE,Sedan,Gasolina,4,Automatico,No Incluye,Ventanas electricas; Control de AC; Boton de encedido; Radio; Bolsas de Aire; Control de tracción; Seguros Eléctricos,OK
44047,VW VIRTUS HIGHLINE 2024,VOLKSWAGEN,VIRTUS,Mazatlán,https://krediautomzt.mx/wp-content/uploads/2026/06/b615ff02-3351-4b0f-bb59-eaa7e3d76070.jpg,https://krediautomzt.mx/vehiculos/vw-virtus-highline-2024/,https://krediautomzt.mx/wp-content/uploads/2026/06/WhatsApp-Image-2026-06-20-at-10.41.22-AM-3.jpeg,https://krediautomzt.mx/wp-content/uploads/2026/06/WhatsApp-Image-2026-06-20-at-10.41.21-AM-1.jpeg,https://krediautomzt.mx/wp-content/uploads/2026/06/WhatsApp-Image-2026-06-20-at-10.41.21-AM-2.jpeg,https://krediautomzt.mx/wp-content/uploads/2026/06/WhatsApp-Image-2026-06-20-at-10.41.21-AM.jpeg,https://krediautomzt.mx/wp-content/uploads/2026/06/WhatsApp-Image-2026-06-20-at-10.41.22-AM-1.jpeg,https://krediautomzt.mx/wp-content/uploads/2026/06/WhatsApp-Image-2026-06-20-at-10.41.22-AM-2.jpeg,https://krediautomzt.mx/wp-content/uploads/2026/06/WhatsApp-Image-2026-06-20-at-10.41.22-AM-6.jpeg,https://krediautomzt.mx/wp-content/uploads/2026/06/WhatsApp-Image-2026-06-20-at-10.41.22-AM-4.jpeg,https://krediautomzt.mx/wp-content/uploads/2026/06/WhatsApp-Image-2026-06-20-at-10.41.22-AM-5.jpeg,https://krediautomzt.mx/wp-content/uploads/2026/06/WhatsApp-Image-2026-06-20-at-10.41.22-AM.jpeg,,,,,,,11,OK,krediauto-imagenes/imagenes/44047,374000.00,59124,2024,OK,HIGHLINE,Sedan,Gasolina,4,Automatico,No Incluye,Dirección Asistida; Interior de cuero; Quema cocos; Ventanas electricas; Control de AC; Boton de encedido; Radio; Bolsas de Aire; Control de tracción; Seguros Eléctricos,OK
