ID,Vehículo,Orden,Destacada,URL origen,Archivo local,Estado descarga
39317,TOYOTA TACOMA TRD V6 2023 AUT,1,Sí,https://krediautomzt.mx/wp-content/uploads/2026/08/WhatsApp-Image-2025-07-25-at-5.02.00-PM-3-1.jpeg,krediauto-imagenes/imagenes/39317/39317_01.jpeg,Descargada
39317,TOYOTA TACOMA TRD V6 2023 AUT,2,No,https://krediautomzt.mx/wp-content/uploads/2026/08/WhatsApp-Image-2025-07-25-at-5.01.59-PM.jpeg,krediauto-imagenes/imagenes/39317/39317_02.jpeg,Descargada
39317,TOYOTA TACOMA TRD V6 2023 AUT,3,No,https://krediautomzt.mx/wp-content/uploads/2026/08/WhatsApp-Image-2025-07-25-at-5.01.59-PM-2-1.jpeg,krediauto-imagenes/imagenes/39317/39317_03.jpeg,Descargada
39317,TOYOTA TACOMA TRD V6 2023 AUT,4,No,https://krediautomzt.mx/wp-content/uploads/2026/08/WhatsApp-Image-2025-07-25-at-5.01.59-PM-3.jpeg,krediauto-imagenes/imagenes/39317/39317_04.jpeg,Descargada
39317,TOYOTA TACOMA TRD V6 2023 AUT,5,No,https://krediautomzt.mx/wp-content/uploads/2026/08/WhatsApp-Image-2025-07-25-at-5.01.59-PM-5.jpeg,krediauto-imagenes/imagenes/39317/39317_05.jpeg,Descargada
39317,TOYOTA TACOMA TRD V6 2023 AUT,6,No,https://krediautomzt.mx/wp-content/uploads/2026/08/WhatsApp-Image-2025-07-25-at-5.01.59-PM-6-1.jpeg,krediauto-imagenes/imagenes/39317/39317_06.jpeg,Descargada
39317,TOYOTA TACOMA TRD V6 2023 AUT,7,No,https://krediautomzt.mx/wp-content/uploads/2026/08/WhatsApp-Image-2025-07-25-at-5.02.00-PM-1.jpeg,krediauto-imagenes/imagenes/39317/39317_07.jpeg,Descargada
39317,TOYOTA TACOMA TRD V6 2023 AUT,8,No,https://krediautomzt.mx/wp-content/uploads/2026/08/WhatsApp-Image-2025-07-25-at-5.02.00-PM-1-1.jpeg,krediauto-imagenes/imagenes/39317/39317_08.jpeg,Descargada
40869,AUDI Q5 SPORTBACK ELITE HEV 2022,1,Sí,https://krediautomzt.mx/wp-content/uploads/2026/01/WhatsApp-Image-2026-01-06-at-6.52.14-PM-3.jpeg,krediauto-imagenes/imagenes/40869/40869_01.jpeg,Descargada
40869,AUDI Q5 SPORTBACK ELITE HEV 2022,2,No,https://krediautomzt.mx/wp-content/uploads/2026/01/WhatsApp-Image-2026-01-06-at-6.52.14-PM-4.jpeg,krediauto-imagenes/imagenes/40869/40869_02.jpeg,Descargada
40869,AUDI Q5 SPORTBACK ELITE HEV 2022,3,No,https://krediautomzt.mx/wp-content/uploads/2026/01/WhatsApp-Image-2026-01-06-at-6.52.14-PM-2.jpeg,krediauto-imagenes/imagenes/40869/40869_03.jpeg,Descargada
40869,AUDI Q5 SPORTBACK ELITE HEV 2022,4,No,https://krediautomzt.mx/wp-content/uploads/2026/01/WhatsApp-Image-2026-01-06-at-6.52.14-PM-1.jpeg,krediauto-imagenes/imagenes/40869/40869_04.jpeg,Descargada
40869,AUDI Q5 SPORTBACK ELITE HEV 2022,5,No,https://krediautomzt.mx/wp-content/uploads/2026/01/WhatsApp-Image-2026-01-06-at-6.52.15-PM-3.jpeg,krediauto-imagenes/imagenes/40869/40869_05.jpeg,Descargada
40869,AUDI Q5 SPORTBACK ELITE HEV 2022,6,No,https://krediautomzt.mx/wp-content/uploads/2026/01/WhatsApp-Image-2026-01-06-at-6.52.15-PM-1.jpeg,krediauto-imagenes/imagenes/40869/40869_06.jpeg,Descargada
40869,AUDI Q5 SPORTBACK ELITE HEV 2022,7,No,https://krediautomzt.mx/wp-content/uploads/2026/01/WhatsApp-Image-2026-01-06-at-6.52.15-PM-6.jpeg,krediauto-imagenes/imagenes/40869/40869_07.jpeg,Descargada
40869,AUDI Q5 SPORTBACK ELITE HEV 2022,8,No,https://krediautomzt.mx/wp-content/uploads/2026/01/WhatsApp-Image-2026-01-06-at-6.52.15-PM-5.jpeg,krediauto-imagenes/imagenes/40869/40869_08.jpeg,Descargada
41287,PEUGEOT RIFTER ALLURE PACK 2024,1,Sí,https://krediautomzt.mx/wp-content/uploads/2026/01/WhatsApp-Image-2026-01-27-at-11.55.19-AM-1.jpeg,krediauto-imagenes/imagenes/41287/41287_01.jpeg,Descargada
41287,PEUGEOT RIFTER ALLURE PACK 2024,2,No,https://krediautomzt.mx/wp-content/uploads/2026/01/WhatsApp-Image-2026-01-27-at-11.55.19-AM-8.jpeg,krediauto-imagenes/imagenes/41287/41287_02.jpeg,Descargada
41287,PEUGEOT RIFTER ALLURE PACK 2024,3,No,https://krediautomzt.mx/wp-content/uploads/2026/01/WhatsApp-Image-2026-01-27-at-11.55.19-AM-2.jpeg,krediauto-imagenes/imagenes/41287/41287_03.jpeg,Descargada
41287,PEUGEOT RIFTER ALLURE PACK 2024,4,No,https://krediautomzt.mx/wp-content/uploads/2026/01/WhatsApp-Image-2026-01-27-at-11.55.19-AM-4.jpeg,krediauto-imagenes/imagenes/41287/41287_04.jpeg,Descargada
41287,PEUGEOT RIFTER ALLURE PACK 2024,5,No,https://krediautomzt.mx/wp-content/uploads/2026/01/WhatsApp-Image-2026-01-27-at-11.55.19-AM-5.jpeg,krediauto-imagenes/imagenes/41287/41287_05.jpeg,Descargada
41287,PEUGEOT RIFTER ALLURE PACK 2024,6,No,https://krediautomzt.mx/wp-content/uploads/2026/01/WhatsApp-Image-2026-01-27-at-11.55.19-AM-6.jpeg,krediauto-imagenes/imagenes/41287/41287_06.jpeg,Descargada
41287,PEUGEOT RIFTER ALLURE PACK 2024,7,No,https://krediautomzt.mx/wp-content/uploads/2026/01/WhatsApp-Image-2026-01-27-at-11.55.19-AM-7.jpeg,krediauto-imagenes/imagenes/41287/41287_07.jpeg,Descargada
41287,PEUGEOT RIFTER ALLURE PACK 2024,8,No,https://krediautomzt.mx/wp-content/uploads/2026/01/WhatsApp-Image-2026-01-27-at-11.55.19-AM-9.jpeg,krediauto-imagenes/imagenes/41287/41287_08.jpeg,Descargada
41287,PEUGEOT RIFTER ALLURE PACK 2024,9,No,https://krediautomzt.mx/wp-content/uploads/2026/01/WhatsApp-Image-2026-01-27-at-11.55.19-AM-10.jpeg,krediauto-imagenes/imagenes/41287/41287_09.jpeg,Descargada
41370,JEEP SAHARA 4X4 2023,1,Sí,https://krediautomzt.mx/wp-content/uploads/2026/01/WhatsApp-Image-2026-08-18-at-1.45.37-PM.jpeg,krediauto-imagenes/imagenes/41370/41370_01.jpeg,Descargada
41370,JEEP SAHARA 4X4 2023,2,No,https://krediautomzt.mx/wp-content/uploads/2026/01/WhatsApp-Image-2026-01-29-at-10.40.29-AM-2.jpeg,krediauto-imagenes/imagenes/41370/41370_02.jpeg,Descargada
41370,JEEP SAHARA 4X4 2023,3,No,https://krediautomzt.mx/wp-content/uploads/2026/01/WhatsApp-Image-2026-01-29-at-10.40.28-AM.jpeg,krediauto-imagenes/imagenes/41370/41370_03.jpeg,Descargada
41370,JEEP SAHARA 4X4 2023,4,No,https://krediautomzt.mx/wp-content/uploads/2026/01/WhatsApp-Image-2026-01-29-at-10.40.28-AM-1.jpeg,krediauto-imagenes/imagenes/41370/41370_04.jpeg,Descargada
41370,JEEP SAHARA 4X4 2023,5,No,https://krediautomzt.mx/wp-content/uploads/2026/01/WhatsApp-Image-2026-01-29-at-10.40.28-AM-2.jpeg,krediauto-imagenes/imagenes/41370/41370_05.jpeg,Descargada
41370,JEEP SAHARA 4X4 2023,6,No,https://krediautomzt.mx/wp-content/uploads/2026/01/WhatsApp-Image-2026-01-29-at-10.40.29-AM.jpeg,krediauto-imagenes/imagenes/41370/41370_06.jpeg,Descargada
41370,JEEP SAHARA 4X4 2023,7,No,https://krediautomzt.mx/wp-content/uploads/2026/01/WhatsApp-Image-2026-01-29-at-10.40.29-AM-1.jpeg,krediauto-imagenes/imagenes/41370/41370_07.jpeg,Descargada
41370,JEEP SAHARA 4X4 2023,8,No,https://krediautomzt.mx/wp-content/uploads/2026/01/WhatsApp-Image-2026-01-29-at-10.40.29-AM-4.jpeg,krediauto-imagenes/imagenes/41370/41370_08.jpeg,Descargada
41370,JEEP SAHARA 4X4 2023,9,No,https://krediautomzt.mx/wp-content/uploads/2026/01/WhatsApp-Image-2026-01-29-at-10.40.29-AM-3.jpeg,krediauto-imagenes/imagenes/41370/41370_09.jpeg,Descargada
41825,MERCEDES BENZ GLC 300 COUPE 2023,1,Sí,https://krediautomzt.mx/wp-content/uploads/2026/02/a748efb7-e6a6-47f7-9ef1-810617bffdf5.jpg,krediauto-imagenes/imagenes/41825/41825_01.jpg,Descargada
41825,MERCEDES BENZ GLC 300 COUPE 2023,2,No,https://krediautomzt.mx/wp-content/uploads/2026/02/WhatsApp-Image-2026-05-07-at-12.19.57-PM.jpeg,krediauto-imagenes/imagenes/41825/41825_02.jpeg,Descargada
41825,MERCEDES BENZ GLC 300 COUPE 2023,3,No,https://krediautomzt.mx/wp-content/uploads/2026/02/WhatsApp-Image-2026-05-07-at-12.19.52-PM.jpeg,krediauto-imagenes/imagenes/41825/41825_03.jpeg,Descargada
41825,MERCEDES BENZ GLC 300 COUPE 2023,4,No,https://krediautomzt.mx/wp-content/uploads/2026/02/WhatsApp-Image-2026-05-07-at-12.19.53-PM.jpeg,krediauto-imagenes/imagenes/41825/41825_04.jpeg,Descargada
41825,MERCEDES BENZ GLC 300 COUPE 2023,5,No,https://krediautomzt.mx/wp-content/uploads/2026/02/WhatsApp-Image-2026-05-07-at-12.19.53-PM-1.jpeg,krediauto-imagenes/imagenes/41825/41825_05.jpeg,Descargada
41825,MERCEDES BENZ GLC 300 COUPE 2023,6,No,https://krediautomzt.mx/wp-content/uploads/2026/02/WhatsApp-Image-2026-05-07-at-12.19.53-PM-2.jpeg,krediauto-imagenes/imagenes/41825/41825_06.jpeg,Descargada
41825,MERCEDES BENZ GLC 300 COUPE 2023,7,No,https://krediautomzt.mx/wp-content/uploads/2026/02/WhatsApp-Image-2026-05-07-at-12.19.53-PM-3.jpeg,krediauto-imagenes/imagenes/41825/41825_07.jpeg,Descargada
41825,MERCEDES BENZ GLC 300 COUPE 2023,8,No,https://krediautomzt.mx/wp-content/uploads/2026/02/WhatsApp-Image-2026-05-07-at-12.19.54-PM.jpeg,krediauto-imagenes/imagenes/41825/41825_08.jpeg,Descargada
41825,MERCEDES BENZ GLC 300 COUPE 2023,9,No,https://krediautomzt.mx/wp-content/uploads/2026/02/WhatsApp-Image-2026-05-07-at-12.19.55-PM.jpeg,krediauto-imagenes/imagenes/41825/41825_09.jpeg,Descargada
41825,MERCEDES BENZ GLC 300 COUPE 2023,10,No,https://krediautomzt.mx/wp-content/uploads/2026/02/WhatsApp-Image-2026-05-07-at-12.19.56-PM.jpeg,krediauto-imagenes/imagenes/41825/41825_10.jpeg,Descargada
41888,AUDI A5 SLINE SPORTBACK QUATTRO 45 TFSI HEV,1,Sí,https://krediautomzt.mx/wp-content/uploads/2026/02/WhatsApp-Image-2026-02-25-at-4.50.38-PM-2.jpeg,krediauto-imagenes/imagenes/41888/41888_01.jpeg,Descargada
41888,AUDI A5 SLINE SPORTBACK QUATTRO 45 TFSI HEV,2,No,https://krediautomzt.mx/wp-content/uploads/2026/02/WhatsApp-Image-2026-02-25-at-4.50.33-PM.jpeg,krediauto-imagenes/imagenes/41888/41888_02.jpeg,Descargada
41888,AUDI A5 SLINE SPORTBACK QUATTRO 45 TFSI HEV,3,No,https://krediautomzt.mx/wp-content/uploads/2026/02/WhatsApp-Image-2026-02-25-at-4.50.36-PM.jpeg,krediauto-imagenes/imagenes/41888/41888_03.jpeg,Descargada
41888,AUDI A5 SLINE SPORTBACK QUATTRO 45 TFSI HEV,4,No,https://krediautomzt.mx/wp-content/uploads/2026/02/WhatsApp-Image-2026-02-25-at-4.50.35-PM.jpeg,krediauto-imagenes/imagenes/41888/41888_04.jpeg,Descargada
41888,AUDI A5 SLINE SPORTBACK QUATTRO 45 TFSI HEV,5,No,https://krediautomzt.mx/wp-content/uploads/2026/02/WhatsApp-Image-2026-02-25-at-4.50.33-PM-1.jpeg,krediauto-imagenes/imagenes/41888/41888_05.jpeg,Descargada
41888,AUDI A5 SLINE SPORTBACK QUATTRO 45 TFSI HEV,6,No,https://krediautomzt.mx/wp-content/uploads/2026/02/WhatsApp-Image-2026-02-25-at-4.50.37-PM.jpeg,krediauto-imagenes/imagenes/41888/41888_06.jpeg,Descargada
41888,AUDI A5 SLINE SPORTBACK QUATTRO 45 TFSI HEV,7,No,https://krediautomzt.mx/wp-content/uploads/2026/02/WhatsApp-Image-2026-02-25-at-4.50.36-PM-2.jpeg,krediauto-imagenes/imagenes/41888/41888_07.jpeg,Descargada
41888,AUDI A5 SLINE SPORTBACK QUATTRO 45 TFSI HEV,8,No,https://krediautomzt.mx/wp-content/uploads/2026/02/WhatsApp-Image-2026-02-25-at-4.50.36-PM-1.jpeg,krediauto-imagenes/imagenes/41888/41888_08.jpeg,Descargada
41888,AUDI A5 SLINE SPORTBACK QUATTRO 45 TFSI HEV,9,No,https://krediautomzt.mx/wp-content/uploads/2026/02/WhatsApp-Image-2026-02-25-at-4.50.39-PM-1.jpeg,krediauto-imagenes/imagenes/41888/41888_09.jpeg,Descargada
41888,AUDI A5 SLINE SPORTBACK QUATTRO 45 TFSI HEV,10,No,https://krediautomzt.mx/wp-content/uploads/2026/02/WhatsApp-Image-2026-02-25-at-4.50.38-PM-1.jpeg,krediauto-imagenes/imagenes/41888/41888_10.jpeg,Descargada
41888,AUDI A5 SLINE SPORTBACK QUATTRO 45 TFSI HEV,11,No,https://krediautomzt.mx/wp-content/uploads/2026/02/WhatsApp-Image-2026-02-25-at-4.50.40-PM.jpeg,krediauto-imagenes/imagenes/41888/41888_11.jpeg,Descargada
42206,VW JETTA COMFORTLINE 2023,1,Sí,https://krediautomzt.mx/wp-content/uploads/2026/03/WhatsApp-Image-2026-03-11-at-12.47.06-PM-1.jpeg,krediauto-imagenes/imagenes/42206/42206_01.jpeg,Descargada
42206,VW JETTA COMFORTLINE 2023,2,No,https://krediautomzt.mx/wp-content/uploads/2026/03/WhatsApp-Image-2026-03-11-at-12.47.06-PM-1-1.jpeg,krediauto-imagenes/imagenes/42206/42206_02.jpeg,Descargada
42206,VW JETTA COMFORTLINE 2023,3,No,https://krediautomzt.mx/wp-content/uploads/2026/03/WhatsApp-Image-2026-03-11-at-12.47.06-PM-3.jpeg,krediauto-imagenes/imagenes/42206/42206_03.jpeg,Descargada
42206,VW JETTA COMFORTLINE 2023,4,No,https://krediautomzt.mx/wp-content/uploads/2026/03/WhatsApp-Image-2026-03-11-at-12.47.06-PM-2.jpeg,krediauto-imagenes/imagenes/42206/42206_04.jpeg,Descargada
42206,VW JETTA COMFORTLINE 2023,5,No,https://krediautomzt.mx/wp-content/uploads/2026/03/WhatsApp-Image-2026-03-11-at-12.47.07-PM-1.jpeg,krediauto-imagenes/imagenes/42206/42206_05.jpeg,Descargada
42206,VW JETTA COMFORTLINE 2023,6,No,https://krediautomzt.mx/wp-content/uploads/2026/03/WhatsApp-Image-2026-03-11-at-12.47.07-PM.jpeg,krediauto-imagenes/imagenes/42206/42206_06.jpeg,Descargada
42206,VW JETTA COMFORTLINE 2023,7,No,https://krediautomzt.mx/wp-content/uploads/2026/03/WhatsApp-Image-2026-03-11-at-12.47.06-PM-4.jpeg,krediauto-imagenes/imagenes/42206/42206_07.jpeg,Descargada
42206,VW JETTA COMFORTLINE 2023,8,No,https://krediautomzt.mx/wp-content/uploads/2026/03/WhatsApp-Image-2026-03-11-at-12.47.07-PM-3.jpeg,krediauto-imagenes/imagenes/42206/42206_08.jpeg,Descargada
42206,VW JETTA COMFORTLINE 2023,9,No,https://krediautomzt.mx/wp-content/uploads/2026/03/WhatsApp-Image-2026-03-11-at-12.47.07-PM-2.jpeg,krediauto-imagenes/imagenes/42206/42206_09.jpeg,Descargada
42340,TOYOTA SIENNA LE 2018,1,Sí,https://krediautomzt.mx/wp-content/uploads/2026/03/WhatsApp-Image-2026-03-19-at-11.47.28-AM-1.jpeg,krediauto-imagenes/imagenes/42340/42340_01.jpeg,Descargada
42340,TOYOTA SIENNA LE 2018,2,No,https://krediautomzt.mx/wp-content/uploads/2026/03/WhatsApp-Image-2026-03-19-at-11.47.31-AM-1-1.jpeg,krediauto-imagenes/imagenes/42340/42340_02.jpeg,Descargada
42340,TOYOTA SIENNA LE 2018,3,No,https://krediautomzt.mx/wp-content/uploads/2026/03/WhatsApp-Image-2026-03-19-at-11.47.31-AM-1.jpeg,krediauto-imagenes/imagenes/42340/42340_03.jpeg,Descargada
42340,TOYOTA SIENNA LE 2018,4,No,https://krediautomzt.mx/wp-content/uploads/2026/03/WhatsApp-Image-2026-03-19-at-11.47.30-AM-2.jpeg,krediauto-imagenes/imagenes/42340/42340_04.jpeg,Descargada
42340,TOYOTA SIENNA LE 2018,5,No,https://krediautomzt.mx/wp-content/uploads/2026/03/WhatsApp-Image-2026-03-19-at-11.47.30-AM.jpeg,krediauto-imagenes/imagenes/42340/42340_05.jpeg,Descargada
42340,TOYOTA SIENNA LE 2018,6,No,https://krediautomzt.mx/wp-content/uploads/2026/03/WhatsApp-Image-2026-03-19-at-11.47.30-AM-1.jpeg,krediauto-imagenes/imagenes/42340/42340_06.jpeg,Descargada
42340,TOYOTA SIENNA LE 2018,7,No,https://krediautomzt.mx/wp-content/uploads/2026/03/WhatsApp-Image-2026-03-19-at-11.47.30-AM-1-1.jpeg,krediauto-imagenes/imagenes/42340/42340_07.jpeg,Descargada
42340,TOYOTA SIENNA LE 2018,8,No,https://krediautomzt.mx/wp-content/uploads/2026/03/WhatsApp-Image-2026-03-19-at-11.47.31-AM-2.jpeg,krediauto-imagenes/imagenes/42340/42340_08.jpeg,Descargada
42599,KIA FORTE L MANUAL 2023,1,Sí,https://krediautomzt.mx/wp-content/uploads/2026/03/deb7e3bf-c2ec-4d29-9bb9-c2812ae781b4.jpg,krediauto-imagenes/imagenes/42599/42599_01.jpg,Descargada
42599,KIA FORTE L MANUAL 2023,2,No,https://krediautomzt.mx/wp-content/uploads/2026/03/WhatsApp-Image-2026-03-27-at-9.27.29-AM-4.jpeg,krediauto-imagenes/imagenes/42599/42599_02.jpeg,Descargada
42599,KIA FORTE L MANUAL 2023,3,No,https://krediautomzt.mx/wp-content/uploads/2026/03/WhatsApp-Image-2026-03-27-at-9.27.29-AM.jpeg,krediauto-imagenes/imagenes/42599/42599_03.jpeg,Descargada
42599,KIA FORTE L MANUAL 2023,4,No,https://krediautomzt.mx/wp-content/uploads/2026/03/WhatsApp-Image-2026-03-27-at-9.27.29-AM-1.jpeg,krediauto-imagenes/imagenes/42599/42599_04.jpeg,Descargada
42599,KIA FORTE L MANUAL 2023,5,No,https://krediautomzt.mx/wp-content/uploads/2026/03/WhatsApp-Image-2026-03-27-at-9.27.29-AM-2.jpeg,krediauto-imagenes/imagenes/42599/42599_05.jpeg,Descargada
42599,KIA FORTE L MANUAL 2023,6,No,https://krediautomzt.mx/wp-content/uploads/2026/03/WhatsApp-Image-2026-03-27-at-9.27.29-AM-3.jpeg,krediauto-imagenes/imagenes/42599/42599_06.jpeg,Descargada
42599,KIA FORTE L MANUAL 2023,7,No,https://krediautomzt.mx/wp-content/uploads/2026/03/WhatsApp-Image-2026-03-27-at-9.27.30-AM.jpeg,krediauto-imagenes/imagenes/42599/42599_07.jpeg,Descargada
42599,KIA FORTE L MANUAL 2023,8,No,https://krediautomzt.mx/wp-content/uploads/2026/03/WhatsApp-Image-2026-03-27-at-9.27.29-AM-5.jpeg,krediauto-imagenes/imagenes/42599/42599_08.jpeg,Descargada
42599,KIA FORTE L MANUAL 2023,9,No,https://krediautomzt.mx/wp-content/uploads/2026/03/WhatsApp-Image-2026-03-27-at-9.27.29-AM-6.jpeg,krediauto-imagenes/imagenes/42599/42599_09.jpeg,Descargada
42698,RAM 700 BIGHORN AUT 2025,1,Sí,https://krediautomzt.mx/wp-content/uploads/2026/04/792c3952-8ed6-4c2f-b798-5c0e68ef2cfe.jpg,krediauto-imagenes/imagenes/42698/42698_01.jpg,Descargada
42698,RAM 700 BIGHORN AUT 2025,2,No,https://krediautomzt.mx/wp-content/uploads/2026/04/WhatsApp-Image-2026-04-01-at-9.42.20-AM-2.jpeg,krediauto-imagenes/imagenes/42698/42698_02.jpeg,Descargada
42698,RAM 700 BIGHORN AUT 2025,3,No,https://krediautomzt.mx/wp-content/uploads/2026/04/WhatsApp-Image-2026-04-01-at-9.42.19-AM-1.jpeg,krediauto-imagenes/imagenes/42698/42698_03.jpeg,Descargada
42698,RAM 700 BIGHORN AUT 2025,4,No,https://krediautomzt.mx/wp-content/uploads/2026/04/WhatsApp-Image-2026-04-01-at-9.42.19-AM-2.jpeg,krediauto-imagenes/imagenes/42698/42698_04.jpeg,Descargada
42698,RAM 700 BIGHORN AUT 2025,5,No,https://krediautomzt.mx/wp-content/uploads/2026/04/WhatsApp-Image-2026-04-01-at-9.42.19-AM-4.jpeg,krediauto-imagenes/imagenes/42698/42698_05.jpeg,Descargada
42698,RAM 700 BIGHORN AUT 2025,6,No,https://krediautomzt.mx/wp-content/uploads/2026/04/WhatsApp-Image-2026-04-01-at-9.42.19-AM-5.jpeg,krediauto-imagenes/imagenes/42698/42698_06.jpeg,Descargada
42698,RAM 700 BIGHORN AUT 2025,7,No,https://krediautomzt.mx/wp-content/uploads/2026/04/WhatsApp-Image-2026-04-01-at-9.42.20-AM-1.jpeg,krediauto-imagenes/imagenes/42698/42698_07.jpeg,Descargada
42698,RAM 700 BIGHORN AUT 2025,8,No,https://krediautomzt.mx/wp-content/uploads/2026/04/WhatsApp-Image-2026-04-01-at-9.42.20-AM.jpeg,krediauto-imagenes/imagenes/42698/42698_08.jpeg,Descargada
42698,RAM 700 BIGHORN AUT 2025,9,No,https://krediautomzt.mx/wp-content/uploads/2026/04/WhatsApp-Image-2026-04-01-at-9.42.19-AM-3.jpeg,krediauto-imagenes/imagenes/42698/42698_09.jpeg,Descargada
42698,RAM 700 BIGHORN AUT 2025,10,No,https://krediautomzt.mx/wp-content/uploads/2026/04/WhatsApp-Image-2026-04-01-at-9.42.19-AM.jpeg,krediauto-imagenes/imagenes/42698/42698_10.jpeg,Descargada
43106,CHEVROLET MONTANA RS AUT 2024*,1,Sí,https://krediautomzt.mx/wp-content/uploads/2026/04/WhatsApp-Image-2026-04-22-at-6.01.04-PM-1-1.jpeg,krediauto-imagenes/imagenes/43106/43106_01.jpeg,Descargada
43106,CHEVROLET MONTANA RS AUT 2024*,2,No,https://krediautomzt.mx/wp-content/uploads/2026/04/WhatsApp-Image-2026-04-22-at-6.12.20-PM-1.jpeg,krediauto-imagenes/imagenes/43106/43106_02.jpeg,Descargada
43106,CHEVROLET MONTANA RS AUT 2024*,3,No,https://krediautomzt.mx/wp-content/uploads/2026/04/WhatsApp-Image-2026-04-22-at-6.12.20-PM-2.jpeg,krediauto-imagenes/imagenes/43106/43106_03.jpeg,Descargada
43106,CHEVROLET MONTANA RS AUT 2024*,4,No,https://krediautomzt.mx/wp-content/uploads/2026/04/WhatsApp-Image-2026-04-22-at-6.12.21-PM-1.jpeg,krediauto-imagenes/imagenes/43106/43106_04.jpeg,Descargada
43106,CHEVROLET MONTANA RS AUT 2024*,5,No,https://krediautomzt.mx/wp-content/uploads/2026/04/WhatsApp-Image-2026-04-22-at-6.12.21-PM.jpeg,krediauto-imagenes/imagenes/43106/43106_05.jpeg,Descargada
43106,CHEVROLET MONTANA RS AUT 2024*,6,No,https://krediautomzt.mx/wp-content/uploads/2026/04/WhatsApp-Image-2026-04-22-at-6.12.23-PM.jpeg,krediauto-imagenes/imagenes/43106/43106_06.jpeg,Descargada
43106,CHEVROLET MONTANA RS AUT 2024*,7,No,https://krediautomzt.mx/wp-content/uploads/2026/04/WhatsApp-Image-2026-04-22-at-6.12.22-PM-1.jpeg,krediauto-imagenes/imagenes/43106/43106_07.jpeg,Descargada
43106,CHEVROLET MONTANA RS AUT 2024*,8,No,https://krediautomzt.mx/wp-content/uploads/2026/04/WhatsApp-Image-2026-04-22-at-6.12.22-PM.jpeg,krediauto-imagenes/imagenes/43106/43106_08.jpeg,Descargada
43147,VOLKSWAGEN TIGUAN TRENDLINE AUT 2019,1,Sí,https://krediautomzt.mx/wp-content/uploads/2026/04/WhatsApp-Image-2026-04-17-at-5.48.16-PM-2.jpeg,krediauto-imagenes/imagenes/43147/43147_01.jpeg,Descargada
43147,VOLKSWAGEN TIGUAN TRENDLINE AUT 2019,2,No,https://krediautomzt.mx/wp-content/uploads/2026/04/WhatsApp-Image-2026-04-17-at-5.48.16-PM-1.jpeg,krediauto-imagenes/imagenes/43147/43147_02.jpeg,Descargada
43147,VOLKSWAGEN TIGUAN TRENDLINE AUT 2019,3,No,https://krediautomzt.mx/wp-content/uploads/2026/04/WhatsApp-Image-2026-04-17-at-5.48.16-PM-4-1.jpeg,krediauto-imagenes/imagenes/43147/43147_03.jpeg,Descargada
43147,VOLKSWAGEN TIGUAN TRENDLINE AUT 2019,4,No,https://krediautomzt.mx/wp-content/uploads/2026/04/WhatsApp-Image-2026-04-17-at-5.48.16-PM-1-1.jpeg,krediauto-imagenes/imagenes/43147/43147_04.jpeg,Descargada
43147,VOLKSWAGEN TIGUAN TRENDLINE AUT 2019,5,No,https://krediautomzt.mx/wp-content/uploads/2026/04/WhatsApp-Image-2026-04-17-at-5.48.16-PM-3.jpeg,krediauto-imagenes/imagenes/43147/43147_05.jpeg,Descargada
43147,VOLKSWAGEN TIGUAN TRENDLINE AUT 2019,6,No,https://krediautomzt.mx/wp-content/uploads/2026/04/WhatsApp-Image-2026-04-17-at-5.48.16-PM-6.jpeg,krediauto-imagenes/imagenes/43147/43147_06.jpeg,Descargada
43147,VOLKSWAGEN TIGUAN TRENDLINE AUT 2019,7,No,https://krediautomzt.mx/wp-content/uploads/2026/04/WhatsApp-Image-2026-04-17-at-5.48.16-PM-7-1.jpeg,krediauto-imagenes/imagenes/43147/43147_07.jpeg,Descargada
43147,VOLKSWAGEN TIGUAN TRENDLINE AUT 2019,8,No,https://krediautomzt.mx/wp-content/uploads/2026/04/WhatsApp-Image-2026-04-17-at-5.48.16-PM-8.jpeg,krediauto-imagenes/imagenes/43147/43147_08.jpeg,Descargada
43147,VOLKSWAGEN TIGUAN TRENDLINE AUT 2019,9,No,https://krediautomzt.mx/wp-content/uploads/2026/04/WhatsApp-Image-2026-04-17-at-5.48.16-PM-7.jpeg,krediauto-imagenes/imagenes/43147/43147_09.jpeg,Descargada
43147,VOLKSWAGEN TIGUAN TRENDLINE AUT 2019,10,No,https://krediautomzt.mx/wp-content/uploads/2026/04/WhatsApp-Image-2026-04-17-at-5.48.16-PM-2-1.jpeg,krediauto-imagenes/imagenes/43147/43147_10.jpeg,Descargada
43295,KICKS PLATINUM CVT 2023,1,Sí,https://krediautomzt.mx/wp-content/uploads/2026/05/6b407c0b-4470-453d-91ef-100951fb06fe.jpg,krediauto-imagenes/imagenes/43295/43295_01.jpg,Descargada
43295,KICKS PLATINUM CVT 2023,2,No,https://krediautomzt.mx/wp-content/uploads/2026/05/WhatsApp-Image-2026-05-21-at-10.42.57-AM.jpeg,krediauto-imagenes/imagenes/43295/43295_02.jpeg,Descargada
43295,KICKS PLATINUM CVT 2023,3,No,https://krediautomzt.mx/wp-content/uploads/2026/05/WhatsApp-Image-2026-05-21-at-10.42.57-AM-1.jpeg,krediauto-imagenes/imagenes/43295/43295_03.jpeg,Descargada
43295,KICKS PLATINUM CVT 2023,4,No,https://krediautomzt.mx/wp-content/uploads/2026/05/WhatsApp-Image-2026-05-21-at-10.42.58-AM-4.jpeg,krediauto-imagenes/imagenes/43295/43295_04.jpeg,Descargada
43295,KICKS PLATINUM CVT 2023,5,No,https://krediautomzt.mx/wp-content/uploads/2026/05/WhatsApp-Image-2026-05-21-at-10.42.57-AM-2.jpeg,krediauto-imagenes/imagenes/43295/43295_05.jpeg,Descargada
43295,KICKS PLATINUM CVT 2023,6,No,https://krediautomzt.mx/wp-content/uploads/2026/05/WhatsApp-Image-2026-05-21-at-10.42.58-AM.jpeg,krediauto-imagenes/imagenes/43295/43295_06.jpeg,Descargada
43295,KICKS PLATINUM CVT 2023,7,No,https://krediautomzt.mx/wp-content/uploads/2026/05/WhatsApp-Image-2026-05-21-at-10.42.58-AM-1.jpeg,krediauto-imagenes/imagenes/43295/43295_07.jpeg,Descargada
43295,KICKS PLATINUM CVT 2023,8,No,https://krediautomzt.mx/wp-content/uploads/2026/05/WhatsApp-Image-2026-05-21-at-10.42.58-AM-2.jpeg,krediauto-imagenes/imagenes/43295/43295_08.jpeg,Descargada
43295,KICKS PLATINUM CVT 2023,9,No,https://krediautomzt.mx/wp-content/uploads/2026/05/WhatsApp-Image-2026-05-21-at-10.42.58-AM-3.jpeg,krediauto-imagenes/imagenes/43295/43295_09.jpeg,Descargada
43295,KICKS PLATINUM CVT 2023,10,No,https://krediautomzt.mx/wp-content/uploads/2026/05/WhatsApp-Image-2026-05-21-at-10.42.58-AM-5.jpeg,krediauto-imagenes/imagenes/43295/43295_10.jpeg,Descargada
43346,HONDA CRV TURBO PLUS 2019,1,Sí,https://krediautomzt.mx/wp-content/uploads/2026/05/WhatsApp-Image-2026-05-12-at-11.33.31-AM.jpeg,krediauto-imagenes/imagenes/43346/43346_01.jpeg,Descargada
43346,HONDA CRV TURBO PLUS 2019,2,No,https://krediautomzt.mx/wp-content/uploads/2026/05/WhatsApp-Image-2026-05-12-at-11.33.31-AM-4.jpeg,krediauto-imagenes/imagenes/43346/43346_02.jpeg,Descargada
43346,HONDA CRV TURBO PLUS 2019,3,No,https://krediautomzt.mx/wp-content/uploads/2026/05/WhatsApp-Image-2026-05-12-at-11.33.31-AM-1.jpeg,krediauto-imagenes/imagenes/43346/43346_03.jpeg,Descargada
43346,HONDA CRV TURBO PLUS 2019,4,No,https://krediautomzt.mx/wp-content/uploads/2026/05/WhatsApp-Image-2026-05-12-at-11.33.31-AM-3.jpeg,krediauto-imagenes/imagenes/43346/43346_04.jpeg,Descargada
43346,HONDA CRV TURBO PLUS 2019,5,No,https://krediautomzt.mx/wp-content/uploads/2026/05/WhatsApp-Image-2026-05-12-at-11.33.31-AM-2.jpeg,krediauto-imagenes/imagenes/43346/43346_05.jpeg,Descargada
43346,HONDA CRV TURBO PLUS 2019,6,No,https://krediautomzt.mx/wp-content/uploads/2026/05/WhatsApp-Image-2026-05-12-at-11.33.32-AM-1.jpeg,krediauto-imagenes/imagenes/43346/43346_06.jpeg,Descargada
43346,HONDA CRV TURBO PLUS 2019,7,No,https://krediautomzt.mx/wp-content/uploads/2026/05/WhatsApp-Image-2026-05-12-at-11.33.31-AM-5.jpeg,krediauto-imagenes/imagenes/43346/43346_07.jpeg,Descargada
43346,HONDA CRV TURBO PLUS 2019,8,No,https://krediautomzt.mx/wp-content/uploads/2026/05/WhatsApp-Image-2026-05-12-at-11.33.32-AM.jpeg,krediauto-imagenes/imagenes/43346/43346_08.jpeg,Descargada
43346,HONDA CRV TURBO PLUS 2019,9,No,https://krediautomzt.mx/wp-content/uploads/2026/05/WhatsApp-Image-2026-05-12-at-11.33.32-AM-2.jpeg,krediauto-imagenes/imagenes/43346/43346_09.jpeg,Descargada
43385,MAZDA CX50 SIGNATURE 2025,1,Sí,https://krediautomzt.mx/wp-content/uploads/2026/05/WhatsApp-Image-2026-05-13-at-6.31.04-PM.jpeg,krediauto-imagenes/imagenes/43385/43385_01.jpeg,Descargada
43385,MAZDA CX50 SIGNATURE 2025,2,No,https://krediautomzt.mx/wp-content/uploads/2026/05/WhatsApp-Image-2026-05-13-at-6.31.07-PM-2.jpeg,krediauto-imagenes/imagenes/43385/43385_02.jpeg,Descargada
43385,MAZDA CX50 SIGNATURE 2025,3,No,https://krediautomzt.mx/wp-content/uploads/2026/05/WhatsApp-Image-2026-05-13-at-6.31.05-PM.jpeg,krediauto-imagenes/imagenes/43385/43385_03.jpeg,Descargada
43385,MAZDA CX50 SIGNATURE 2025,4,No,https://krediautomzt.mx/wp-content/uploads/2026/05/WhatsApp-Image-2026-05-13-at-6.31.05-PM-2.jpeg,krediauto-imagenes/imagenes/43385/43385_04.jpeg,Descargada
43385,MAZDA CX50 SIGNATURE 2025,5,No,https://krediautomzt.mx/wp-content/uploads/2026/05/WhatsApp-Image-2026-05-13-at-6.31.05-PM-3.jpeg,krediauto-imagenes/imagenes/43385/43385_05.jpeg,Descargada
43385,MAZDA CX50 SIGNATURE 2025,6,No,https://krediautomzt.mx/wp-content/uploads/2026/05/WhatsApp-Image-2026-05-13-at-6.31.07-PM.jpeg,krediauto-imagenes/imagenes/43385/43385_06.jpeg,Descargada
43385,MAZDA CX50 SIGNATURE 2025,7,No,https://krediautomzt.mx/wp-content/uploads/2026/05/WhatsApp-Image-2026-05-13-at-6.31.07-PM-1.jpeg,krediauto-imagenes/imagenes/43385/43385_07.jpeg,Descargada
43385,MAZDA CX50 SIGNATURE 2025,8,No,https://krediautomzt.mx/wp-content/uploads/2026/05/WhatsApp-Image-2026-05-13-at-6.31.07-PM-3.jpeg,krediauto-imagenes/imagenes/43385/43385_08.jpeg,Descargada
43385,MAZDA CX50 SIGNATURE 2025,9,No,https://krediautomzt.mx/wp-content/uploads/2026/05/WhatsApp-Image-2026-05-13-at-6.31.07-PM-4.jpeg,krediauto-imagenes/imagenes/43385/43385_09.jpeg,Descargada
43416,JETTA SPORTLINE AUT 2024,1,Sí,https://krediautomzt.mx/wp-content/uploads/2026/05/4c23d16f-1599-40a7-b392-19a9389669d7.jpg,krediauto-imagenes/imagenes/43416/43416_01.jpg,Descargada
43416,JETTA SPORTLINE AUT 2024,2,No,https://krediautomzt.mx/wp-content/uploads/2026/05/WhatsApp-Image-2026-05-14-at-10.55.04-AM.jpeg,krediauto-imagenes/imagenes/43416/43416_02.jpeg,Descargada
43416,JETTA SPORTLINE AUT 2024,3,No,https://krediautomzt.mx/wp-content/uploads/2026/05/WhatsApp-Image-2026-05-14-at-10.55.04-AM-1.jpeg,krediauto-imagenes/imagenes/43416/43416_03.jpeg,Descargada
43416,JETTA SPORTLINE AUT 2024,4,No,https://krediautomzt.mx/wp-content/uploads/2026/05/WhatsApp-Image-2026-05-14-at-10.55.04-AM-4.jpeg,krediauto-imagenes/imagenes/43416/43416_04.jpeg,Descargada
43416,JETTA SPORTLINE AUT 2024,5,No,https://krediautomzt.mx/wp-content/uploads/2026/05/WhatsApp-Image-2026-05-14-at-10.55.04-AM-3.jpeg,krediauto-imagenes/imagenes/43416/43416_05.jpeg,Descargada
43416,JETTA SPORTLINE AUT 2024,6,No,https://krediautomzt.mx/wp-content/uploads/2026/05/WhatsApp-Image-2026-05-14-at-10.55.04-AM-2.jpeg,krediauto-imagenes/imagenes/43416/43416_06.jpeg,Descargada
43416,JETTA SPORTLINE AUT 2024,7,No,https://krediautomzt.mx/wp-content/uploads/2026/05/WhatsApp-Image-2026-05-14-at-10.55.04-AM-5.jpeg,krediauto-imagenes/imagenes/43416/43416_07.jpeg,Descargada
43416,JETTA SPORTLINE AUT 2024,8,No,https://krediautomzt.mx/wp-content/uploads/2026/05/WhatsApp-Image-2026-05-14-at-10.55.05-AM.jpeg,krediauto-imagenes/imagenes/43416/43416_08.jpeg,Descargada
43416,JETTA SPORTLINE AUT 2024,9,No,https://krediautomzt.mx/wp-content/uploads/2026/05/WhatsApp-Image-2026-05-14-at-10.55.05-AM-2.jpeg,krediauto-imagenes/imagenes/43416/43416_09.jpeg,Descargada
43582,RENAULT KWID OUTSIDER TM 2024,1,Sí,https://krediautomzt.mx/wp-content/uploads/2026/05/5d91f843-19f7-4151-b204-342a9bec579b.jpg,krediauto-imagenes/imagenes/43582/43582_01.jpg,Descargada
43582,RENAULT KWID OUTSIDER TM 2024,2,No,https://krediautomzt.mx/wp-content/uploads/2026/05/WhatsApp-Image-2026-05-22-at-9.57.22-AM.jpeg,krediauto-imagenes/imagenes/43582/43582_02.jpeg,Descargada
43582,RENAULT KWID OUTSIDER TM 2024,3,No,https://krediautomzt.mx/wp-content/uploads/2026/05/WhatsApp-Image-2026-05-22-at-9.57.23-AM-6.jpeg,krediauto-imagenes/imagenes/43582/43582_03.jpeg,Descargada
43582,RENAULT KWID OUTSIDER TM 2024,4,No,https://krediautomzt.mx/wp-content/uploads/2026/05/WhatsApp-Image-2026-05-22-at-9.57.22-AM-1.jpeg,krediauto-imagenes/imagenes/43582/43582_04.jpeg,Descargada
43582,RENAULT KWID OUTSIDER TM 2024,5,No,https://krediautomzt.mx/wp-content/uploads/2026/05/WhatsApp-Image-2026-05-22-at-9.57.23-AM-2.jpeg,krediauto-imagenes/imagenes/43582/43582_05.jpeg,Descargada
43582,RENAULT KWID OUTSIDER TM 2024,6,No,https://krediautomzt.mx/wp-content/uploads/2026/05/WhatsApp-Image-2026-05-22-at-9.57.23-AM-3.jpeg,krediauto-imagenes/imagenes/43582/43582_06.jpeg,Descargada
43582,RENAULT KWID OUTSIDER TM 2024,7,No,https://krediautomzt.mx/wp-content/uploads/2026/05/WhatsApp-Image-2026-05-22-at-9.57.23-AM-4.jpeg,krediauto-imagenes/imagenes/43582/43582_07.jpeg,Descargada
43582,RENAULT KWID OUTSIDER TM 2024,8,No,https://krediautomzt.mx/wp-content/uploads/2026/05/WhatsApp-Image-2026-05-22-at-9.57.23-AM-5.jpeg,krediauto-imagenes/imagenes/43582/43582_08.jpeg,Descargada
43880,VOLKSWAGEN NIVUS BLACK/2022,1,Sí,https://krediautomzt.mx/wp-content/uploads/2026/06/3020a1ed-ec44-492e-8206-1ff5ed03b93f.jpg,krediauto-imagenes/imagenes/43880/43880_01.jpg,Descargada
43880,VOLKSWAGEN NIVUS BLACK/2022,2,No,https://krediautomzt.mx/wp-content/uploads/2026/06/WhatsApp-Image-2026-06-10-at-12.16.57-PM.jpeg,krediauto-imagenes/imagenes/43880/43880_02.jpeg,Descargada
43880,VOLKSWAGEN NIVUS BLACK/2022,3,No,https://krediautomzt.mx/wp-content/uploads/2026/06/WhatsApp-Image-2026-06-10-at-12.23.24-PM.jpeg,krediauto-imagenes/imagenes/43880/43880_03.jpeg,Descargada
43880,VOLKSWAGEN NIVUS BLACK/2022,4,No,https://krediautomzt.mx/wp-content/uploads/2026/06/WhatsApp-Image-2026-06-10-at-12.22.48-PM.jpeg,krediauto-imagenes/imagenes/43880/43880_04.jpeg,Descargada
43880,VOLKSWAGEN NIVUS BLACK/2022,5,No,https://krediautomzt.mx/wp-content/uploads/2026/06/WhatsApp-Image-2026-06-10-at-12.23.11-PM.jpeg,krediauto-imagenes/imagenes/43880/43880_05.jpeg,Descargada
43880,VOLKSWAGEN NIVUS BLACK/2022,6,No,https://krediautomzt.mx/wp-content/uploads/2026/06/WhatsApp-Image-2026-06-10-at-12.23.47-PM.jpeg,krediauto-imagenes/imagenes/43880/43880_06.jpeg,Descargada
43880,VOLKSWAGEN NIVUS BLACK/2022,7,No,https://krediautomzt.mx/wp-content/uploads/2026/06/WhatsApp-Image-2026-06-10-at-12.23.37-PM.jpeg,krediauto-imagenes/imagenes/43880/43880_07.jpeg,Descargada
43880,VOLKSWAGEN NIVUS BLACK/2022,8,No,https://krediautomzt.mx/wp-content/uploads/2026/06/WhatsApp-Image-2026-06-10-at-12.23.37-PM-1.jpeg,krediauto-imagenes/imagenes/43880/43880_08.jpeg,Descargada
43880,VOLKSWAGEN NIVUS BLACK/2022,9,No,https://krediautomzt.mx/wp-content/uploads/2026/06/WhatsApp-Image-2026-06-10-at-12.23.47-PM-1.jpeg,krediauto-imagenes/imagenes/43880/43880_09.jpeg,Descargada
43900,MAZDA CX-5/2021,1,Sí,https://krediautomzt.mx/wp-content/uploads/2026/06/6a2e8b7f-9b2c-40e9-a6b6-9181b166f050.jpg,krediauto-imagenes/imagenes/43900/43900_01.jpg,Descargada
43900,MAZDA CX-5/2021,2,No,https://krediautomzt.mx/wp-content/uploads/2026/06/WhatsApp-Image-2026-06-10-at-2.48.33-PM-1.jpeg,krediauto-imagenes/imagenes/43900/43900_02.jpeg,Descargada
43900,MAZDA CX-5/2021,3,No,https://krediautomzt.mx/wp-content/uploads/2026/06/WhatsApp-Image-2026-06-10-at-2.48.42-PM-1.jpeg,krediauto-imagenes/imagenes/43900/43900_03.jpeg,Descargada
43900,MAZDA CX-5/2021,4,No,https://krediautomzt.mx/wp-content/uploads/2026/06/WhatsApp-Image-2026-06-10-at-2.48.50-PM-1.jpeg,krediauto-imagenes/imagenes/43900/43900_04.jpeg,Descargada
43900,MAZDA CX-5/2021,5,No,https://krediautomzt.mx/wp-content/uploads/2026/06/WhatsApp-Image-2026-06-10-at-2.48.59-PM-1.jpeg,krediauto-imagenes/imagenes/43900/43900_05.jpeg,Descargada
43900,MAZDA CX-5/2021,6,No,https://krediautomzt.mx/wp-content/uploads/2026/06/WhatsApp-Image-2026-06-10-at-2.49.08-PM-1.jpeg,krediauto-imagenes/imagenes/43900/43900_06.jpeg,Descargada
43900,MAZDA CX-5/2021,7,No,https://krediautomzt.mx/wp-content/uploads/2026/06/WhatsApp-Image-2026-06-10-at-2.49.18-PM-1.jpeg,krediauto-imagenes/imagenes/43900/43900_07.jpeg,Descargada
44005,FORD TERRITORY TREND/2025,1,Sí,https://krediautomzt.mx/wp-content/uploads/2026/06/WhatsApp-Image-2026-06-19-at-9.41.38-AM-4.jpeg,krediauto-imagenes/imagenes/44005/44005_01.jpeg,Descargada
44005,FORD TERRITORY TREND/2025,2,No,https://krediautomzt.mx/wp-content/uploads/2026/06/WhatsApp-Image-2026-06-19-at-9.41.38-AM-1.jpeg,krediauto-imagenes/imagenes/44005/44005_02.jpeg,Descargada
44005,FORD TERRITORY TREND/2025,3,No,https://krediautomzt.mx/wp-content/uploads/2026/06/WhatsApp-Image-2026-06-19-at-9.41.38-AM-2.jpeg,krediauto-imagenes/imagenes/44005/44005_03.jpeg,Descargada
44005,FORD TERRITORY TREND/2025,4,No,https://krediautomzt.mx/wp-content/uploads/2026/06/WhatsApp-Image-2026-06-19-at-9.41.38-AM-3.jpeg,krediauto-imagenes/imagenes/44005/44005_04.jpeg,Descargada
44005,FORD TERRITORY TREND/2025,5,No,https://krediautomzt.mx/wp-content/uploads/2026/06/WhatsApp-Image-2026-06-19-at-9.41.38-AM-5.jpeg,krediauto-imagenes/imagenes/44005/44005_05.jpeg,Descargada
44005,FORD TERRITORY TREND/2025,6,No,https://krediautomzt.mx/wp-content/uploads/2026/06/WhatsApp-Image-2026-06-19-at-9.41.38-AM-6.jpeg,krediauto-imagenes/imagenes/44005/44005_06.jpeg,Descargada
44005,FORD TERRITORY TREND/2025,7,No,https://krediautomzt.mx/wp-content/uploads/2026/06/WhatsApp-Image-2026-06-19-at-9.41.38-AM-7.jpeg,krediauto-imagenes/imagenes/44005/44005_07.jpeg,Descargada
44005,FORD TERRITORY TREND/2025,8,No,https://krediautomzt.mx/wp-content/uploads/2026/06/WhatsApp-Image-2026-06-19-at-9.41.38-AM-8.jpeg,krediauto-imagenes/imagenes/44005/44005_08.jpeg,Descargada
44005,FORD TERRITORY TREND/2025,9,No,https://krediautomzt.mx/wp-content/uploads/2026/06/WhatsApp-Image-2026-06-19-at-9.41.39-AM.jpeg,krediauto-imagenes/imagenes/44005/44005_09.jpeg,Descargada
44047,VW VIRTUS HIGHLINE 2024,1,Sí,https://krediautomzt.mx/wp-content/uploads/2026/06/b615ff02-3351-4b0f-bb59-eaa7e3d76070.jpg,krediauto-imagenes/imagenes/44047/44047_01.jpg,Descargada
44047,VW VIRTUS HIGHLINE 2024,2,No,https://krediautomzt.mx/wp-content/uploads/2026/06/WhatsApp-Image-2026-06-20-at-10.41.22-AM-3.jpeg,krediauto-imagenes/imagenes/44047/44047_02.jpeg,Descargada
44047,VW VIRTUS HIGHLINE 2024,3,No,https://krediautomzt.mx/wp-content/uploads/2026/06/WhatsApp-Image-2026-06-20-at-10.41.21-AM-1.jpeg,krediauto-imagenes/imagenes/44047/44047_03.jpeg,Descargada
44047,VW VIRTUS HIGHLINE 2024,4,No,https://krediautomzt.mx/wp-content/uploads/2026/06/WhatsApp-Image-2026-06-20-at-10.41.21-AM-2.jpeg,krediauto-imagenes/imagenes/44047/44047_04.jpeg,Descargada
44047,VW VIRTUS HIGHLINE 2024,5,No,https://krediautomzt.mx/wp-content/uploads/2026/06/WhatsApp-Image-2026-06-20-at-10.41.21-AM.jpeg,krediauto-imagenes/imagenes/44047/44047_05.jpeg,Descargada
44047,VW VIRTUS HIGHLINE 2024,6,No,https://krediautomzt.mx/wp-content/uploads/2026/06/WhatsApp-Image-2026-06-20-at-10.41.22-AM-1.jpeg,krediauto-imagenes/imagenes/44047/44047_06.jpeg,Descargada
44047,VW VIRTUS HIGHLINE 2024,7,No,https://krediautomzt.mx/wp-content/uploads/2026/06/WhatsApp-Image-2026-06-20-at-10.41.22-AM-2.jpeg,krediauto-imagenes/imagenes/44047/44047_07.jpeg,Descargada
44047,VW VIRTUS HIGHLINE 2024,8,No,https://krediautomzt.mx/wp-content/uploads/2026/06/WhatsApp-Image-2026-06-20-at-10.41.22-AM-6.jpeg,krediauto-imagenes/imagenes/44047/44047_08.jpeg,Descargada
44047,VW VIRTUS HIGHLINE 2024,9,No,https://krediautomzt.mx/wp-content/uploads/2026/06/WhatsApp-Image-2026-06-20-at-10.41.22-AM-4.jpeg,krediauto-imagenes/imagenes/44047/44047_09.jpeg,Descargada
44047,VW VIRTUS HIGHLINE 2024,10,No,https://krediautomzt.mx/wp-content/uploads/2026/06/WhatsApp-Image-2026-06-20-at-10.41.22-AM-5.jpeg,krediauto-imagenes/imagenes/44047/44047_10.jpeg,Descargada
44047,VW VIRTUS HIGHLINE 2024,11,No,https://krediautomzt.mx/wp-content/uploads/2026/06/WhatsApp-Image-2026-06-20-at-10.41.22-AM.jpeg,krediauto-imagenes/imagenes/44047/44047_11.jpeg,Descargada
44068,KIA FORTE EX 2021 AUT,1,Sí,https://krediautomzt.mx/wp-content/uploads/2026/06/WhatsApp-Image-2026-06-23-at-6.06.53-PM-1.jpeg,krediauto-imagenes/imagenes/44068/44068_01.jpeg,Descargada
44068,KIA FORTE EX 2021 AUT,2,No,https://krediautomzt.mx/wp-content/uploads/2026/06/WhatsApp-Image-2026-06-23-at-6.06.55-PM-2.jpeg,krediauto-imagenes/imagenes/44068/44068_02.jpeg,Descargada
44068,KIA FORTE EX 2021 AUT,3,No,https://krediautomzt.mx/wp-content/uploads/2026/06/WhatsApp-Image-2026-06-23-at-6.06.53-PM.jpeg,krediauto-imagenes/imagenes/44068/44068_03.jpeg,Descargada
44068,KIA FORTE EX 2021 AUT,4,No,https://krediautomzt.mx/wp-content/uploads/2026/06/WhatsApp-Image-2026-06-23-at-6.06.54-PM-1.jpeg,krediauto-imagenes/imagenes/44068/44068_04.jpeg,Descargada
44068,KIA FORTE EX 2021 AUT,5,No,https://krediautomzt.mx/wp-content/uploads/2026/06/WhatsApp-Image-2026-06-23-at-6.06.54-PM.jpeg,krediauto-imagenes/imagenes/44068/44068_05.jpeg,Descargada
44068,KIA FORTE EX 2021 AUT,6,No,https://krediautomzt.mx/wp-content/uploads/2026/06/WhatsApp-Image-2026-06-23-at-6.06.55-PM-1.jpeg,krediauto-imagenes/imagenes/44068/44068_06.jpeg,Descargada
44068,KIA FORTE EX 2021 AUT,7,No,https://krediautomzt.mx/wp-content/uploads/2026/06/WhatsApp-Image-2026-06-23-at-6.06.56-PM.jpeg,krediauto-imagenes/imagenes/44068/44068_07.jpeg,Descargada
44068,KIA FORTE EX 2021 AUT,8,No,https://krediautomzt.mx/wp-content/uploads/2026/06/WhatsApp-Image-2026-06-23-at-6.06.55-PM.jpeg,krediauto-imagenes/imagenes/44068/44068_08.jpeg,Descargada
44068,KIA FORTE EX 2021 AUT,9,No,https://krediautomzt.mx/wp-content/uploads/2026/06/WhatsApp-Image-2026-06-23-at-6.06.56-PM-1.jpeg,krediauto-imagenes/imagenes/44068/44068_09.jpeg,Descargada
44240,KIA SOUL GT LINE AUT 2023,1,Sí,https://krediautomzt.mx/wp-content/uploads/2026/06/61404202-fbc8-46c9-9707-eac649feeedd.jpg,krediauto-imagenes/imagenes/44240/44240_01.jpg,Descargada
44240,KIA SOUL GT LINE AUT 2023,2,No,https://krediautomzt.mx/wp-content/uploads/2026/06/WhatsApp-Image-2026-07-07-at-11.31.40-AM.jpeg,krediauto-imagenes/imagenes/44240/44240_02.jpeg,Descargada
44240,KIA SOUL GT LINE AUT 2023,3,No,https://krediautomzt.mx/wp-content/uploads/2026/06/WhatsApp-Image-2026-07-07-at-11.31.38-AM-1.jpeg,krediauto-imagenes/imagenes/44240/44240_03.jpeg,Descargada
44240,KIA SOUL GT LINE AUT 2023,4,No,https://krediautomzt.mx/wp-content/uploads/2026/06/WhatsApp-Image-2026-07-07-at-11.31.38-AM-2.jpeg,krediauto-imagenes/imagenes/44240/44240_04.jpeg,Descargada
44240,KIA SOUL GT LINE AUT 2023,5,No,https://krediautomzt.mx/wp-content/uploads/2026/06/WhatsApp-Image-2026-07-07-at-11.31.38-AM-3.jpeg,krediauto-imagenes/imagenes/44240/44240_05.jpeg,Descargada
44240,KIA SOUL GT LINE AUT 2023,6,No,https://krediautomzt.mx/wp-content/uploads/2026/06/WhatsApp-Image-2026-07-07-at-11.31.38-AM.jpeg,krediauto-imagenes/imagenes/44240/44240_06.jpeg,Descargada
44240,KIA SOUL GT LINE AUT 2023,7,No,https://krediautomzt.mx/wp-content/uploads/2026/06/WhatsApp-Image-2026-07-07-at-11.31.39-AM-1.jpeg,krediauto-imagenes/imagenes/44240/44240_07.jpeg,Descargada
44240,KIA SOUL GT LINE AUT 2023,8,No,https://krediautomzt.mx/wp-content/uploads/2026/06/WhatsApp-Image-2026-07-07-at-11.31.39-AM-2.jpeg,krediauto-imagenes/imagenes/44240/44240_08.jpeg,Descargada
44240,KIA SOUL GT LINE AUT 2023,9,No,https://krediautomzt.mx/wp-content/uploads/2026/06/WhatsApp-Image-2026-07-07-at-11.31.39-AM-3.jpeg,krediauto-imagenes/imagenes/44240/44240_09.jpeg,Descargada
44240,KIA SOUL GT LINE AUT 2023,10,No,https://krediautomzt.mx/wp-content/uploads/2026/06/WhatsApp-Image-2026-07-07-at-11.31.39-AM.jpeg,krediauto-imagenes/imagenes/44240/44240_10.jpeg,Descargada
44270,CHEVROLET CAVALIER LS AUT 2024,1,Sí,https://krediautomzt.mx/wp-content/uploads/2026/07/8ebc2ff7-99f0-480d-bbde-6abb702c8961.jpg,krediauto-imagenes/imagenes/44270/44270_01.jpg,Descargada
44270,CHEVROLET CAVALIER LS AUT 2024,2,No,https://krediautomzt.mx/wp-content/uploads/2026/07/WhatsApp-Image-2026-07-01-at-9.40.17-AM-4.jpeg,krediauto-imagenes/imagenes/44270/44270_02.jpeg,Descargada
44270,CHEVROLET CAVALIER LS AUT 2024,3,No,https://krediautomzt.mx/wp-content/uploads/2026/07/WhatsApp-Image-2026-07-01-at-9.40.16-AM-1.jpeg,krediauto-imagenes/imagenes/44270/44270_03.jpeg,Descargada
44270,CHEVROLET CAVALIER LS AUT 2024,4,No,https://krediautomzt.mx/wp-content/uploads/2026/07/WhatsApp-Image-2026-07-01-at-9.40.16-AM.jpeg,krediauto-imagenes/imagenes/44270/44270_04.jpeg,Descargada
44270,CHEVROLET CAVALIER LS AUT 2024,5,No,https://krediautomzt.mx/wp-content/uploads/2026/07/WhatsApp-Image-2026-07-01-at-9.40.17-AM-1.jpeg,krediauto-imagenes/imagenes/44270/44270_05.jpeg,Descargada
44270,CHEVROLET CAVALIER LS AUT 2024,6,No,https://krediautomzt.mx/wp-content/uploads/2026/07/WhatsApp-Image-2026-07-01-at-9.40.17-AM-2.jpeg,krediauto-imagenes/imagenes/44270/44270_06.jpeg,Descargada
44270,CHEVROLET CAVALIER LS AUT 2024,7,No,https://krediautomzt.mx/wp-content/uploads/2026/07/WhatsApp-Image-2026-07-01-at-9.40.17-AM-3.jpeg,krediauto-imagenes/imagenes/44270/44270_07.jpeg,Descargada
44270,CHEVROLET CAVALIER LS AUT 2024,8,No,https://krediautomzt.mx/wp-content/uploads/2026/07/WhatsApp-Image-2026-07-01-at-9.40.17-AM.jpeg,krediauto-imagenes/imagenes/44270/44270_08.jpeg,Descargada
44270,CHEVROLET CAVALIER LS AUT 2024,9,No,https://krediautomzt.mx/wp-content/uploads/2026/07/WhatsApp-Image-2026-07-01-at-10.23.44-AM.jpeg,krediauto-imagenes/imagenes/44270/44270_09.jpeg,Descargada
44308,GMC TERRAIN AT4 2023,1,Sí,https://krediautomzt.mx/wp-content/uploads/2026/07/d7a52b8d-7af2-4fd0-aee9-abe654c27f26.jpg,krediauto-imagenes/imagenes/44308/44308_01.jpg,Descargada
44308,GMC TERRAIN AT4 2023,2,No,https://krediautomzt.mx/wp-content/uploads/2026/07/WhatsApp-Image-2026-06-26-at-11.29.13-AM-3.jpeg,krediauto-imagenes/imagenes/44308/44308_02.jpeg,Descargada
44308,GMC TERRAIN AT4 2023,3,No,https://krediautomzt.mx/wp-content/uploads/2026/07/WhatsApp-Image-2026-06-26-at-11.29.13-AM-3-1.jpeg,krediauto-imagenes/imagenes/44308/44308_03.jpeg,Descargada
44308,GMC TERRAIN AT4 2023,4,No,https://krediautomzt.mx/wp-content/uploads/2026/07/WhatsApp-Image-2026-06-26-at-11.29.11-AM-1.jpeg,krediauto-imagenes/imagenes/44308/44308_04.jpeg,Descargada
44308,GMC TERRAIN AT4 2023,5,No,https://krediautomzt.mx/wp-content/uploads/2026/07/WhatsApp-Image-2026-06-26-at-11.29.11-AM-2.jpeg,krediauto-imagenes/imagenes/44308/44308_05.jpeg,Descargada
44308,GMC TERRAIN AT4 2023,6,No,https://krediautomzt.mx/wp-content/uploads/2026/07/WhatsApp-Image-2026-06-26-at-11.29.11-AM.jpeg,krediauto-imagenes/imagenes/44308/44308_06.jpeg,Descargada
44308,GMC TERRAIN AT4 2023,7,No,https://krediautomzt.mx/wp-content/uploads/2026/07/WhatsApp-Image-2026-06-26-at-11.29.12-AM-1.jpeg,krediauto-imagenes/imagenes/44308/44308_07.jpeg,Descargada
44308,GMC TERRAIN AT4 2023,8,No,https://krediautomzt.mx/wp-content/uploads/2026/07/WhatsApp-Image-2026-06-26-at-11.29.12-AM-2.jpeg,krediauto-imagenes/imagenes/44308/44308_08.jpeg,Descargada
44308,GMC TERRAIN AT4 2023,9,No,https://krediautomzt.mx/wp-content/uploads/2026/07/WhatsApp-Image-2026-06-26-at-11.29.12-AM-3.jpeg,krediauto-imagenes/imagenes/44308/44308_09.jpeg,Descargada
44308,GMC TERRAIN AT4 2023,10,No,https://krediautomzt.mx/wp-content/uploads/2026/07/WhatsApp-Image-2026-06-26-at-11.29.12-AM-4.jpeg,krediauto-imagenes/imagenes/44308/44308_10.jpeg,Descargada
44308,GMC TERRAIN AT4 2023,11,No,https://krediautomzt.mx/wp-content/uploads/2026/07/WhatsApp-Image-2026-06-26-at-11.29.12-AM-5.jpeg,krediauto-imagenes/imagenes/44308/44308_11.jpeg,Descargada
44308,GMC TERRAIN AT4 2023,12,No,https://krediautomzt.mx/wp-content/uploads/2026/07/WhatsApp-Image-2026-06-26-at-11.29.12-AM.jpeg,krediauto-imagenes/imagenes/44308/44308_12.jpeg,Descargada
44308,GMC TERRAIN AT4 2023,13,No,https://krediautomzt.mx/wp-content/uploads/2026/07/WhatsApp-Image-2026-06-26-at-11.29.13-AM-1.jpeg,krediauto-imagenes/imagenes/44308/44308_13.jpeg,Descargada
44308,GMC TERRAIN AT4 2023,14,No,https://krediautomzt.mx/wp-content/uploads/2026/07/WhatsApp-Image-2026-06-26-at-11.29.13-AM-2.jpeg,krediauto-imagenes/imagenes/44308/44308_14.jpeg,Descargada
44308,GMC TERRAIN AT4 2023,15,No,https://krediautomzt.mx/wp-content/uploads/2026/07/WhatsApp-Image-2026-06-26-at-11.29.13-AM.jpeg,krediauto-imagenes/imagenes/44308/44308_15.jpeg,Descargada
44377,FORD EXPEDITION 2024,1,Sí,https://krediautomzt.mx/wp-content/uploads/2026/07/366bfb34-006f-4e64-9dfd-065b968ec12b.jpg,krediauto-imagenes/imagenes/44377/44377_01.jpg,Descargada
44377,FORD EXPEDITION 2024,2,No,https://krediautomzt.mx/wp-content/uploads/2026/07/WhatsApp-Image-2026-07-04-at-11.39.42-AM-3.jpeg,krediauto-imagenes/imagenes/44377/44377_02.jpeg,Descargada
44377,FORD EXPEDITION 2024,3,No,https://krediautomzt.mx/wp-content/uploads/2026/07/WhatsApp-Image-2026-07-04-at-11.39.39-AM.jpeg,krediauto-imagenes/imagenes/44377/44377_03.jpeg,Descargada
44377,FORD EXPEDITION 2024,4,No,https://krediautomzt.mx/wp-content/uploads/2026/07/WhatsApp-Image-2026-07-04-at-11.39.39-AM-2.jpeg,krediauto-imagenes/imagenes/44377/44377_04.jpeg,Descargada
44377,FORD EXPEDITION 2024,5,No,https://krediautomzt.mx/wp-content/uploads/2026/07/WhatsApp-Image-2026-07-04-at-11.39.40-AM.jpeg,krediauto-imagenes/imagenes/44377/44377_05.jpeg,Descargada
44377,FORD EXPEDITION 2024,6,No,https://krediautomzt.mx/wp-content/uploads/2026/07/WhatsApp-Image-2026-07-04-at-11.39.40-AM-1.jpeg,krediauto-imagenes/imagenes/44377/44377_06.jpeg,Descargada
44377,FORD EXPEDITION 2024,7,No,https://krediautomzt.mx/wp-content/uploads/2026/07/WhatsApp-Image-2026-07-04-at-11.39.40-AM-2.jpeg,krediauto-imagenes/imagenes/44377/44377_07.jpeg,Descargada
44377,FORD EXPEDITION 2024,8,No,https://krediautomzt.mx/wp-content/uploads/2026/07/WhatsApp-Image-2026-07-04-at-11.39.41-AM.jpeg,krediauto-imagenes/imagenes/44377/44377_08.jpeg,Descargada
44377,FORD EXPEDITION 2024,9,No,https://krediautomzt.mx/wp-content/uploads/2026/07/WhatsApp-Image-2026-07-04-at-11.39.41-AM-1.jpeg,krediauto-imagenes/imagenes/44377/44377_09.jpeg,Descargada
44377,FORD EXPEDITION 2024,10,No,https://krediautomzt.mx/wp-content/uploads/2026/07/WhatsApp-Image-2026-07-04-at-11.39.41-AM-2.jpeg,krediauto-imagenes/imagenes/44377/44377_10.jpeg,Descargada
44377,FORD EXPEDITION 2024,11,No,https://krediautomzt.mx/wp-content/uploads/2026/07/WhatsApp-Image-2026-07-04-at-11.39.42-AM.jpeg,krediauto-imagenes/imagenes/44377/44377_11.jpeg,Descargada
44377,FORD EXPEDITION 2024,12,No,https://krediautomzt.mx/wp-content/uploads/2026/07/WhatsApp-Image-2026-07-04-at-11.39.42-AM-1.jpeg,krediauto-imagenes/imagenes/44377/44377_12.jpeg,Descargada
44377,FORD EXPEDITION 2024,13,No,https://krediautomzt.mx/wp-content/uploads/2026/07/WhatsApp-Image-2026-07-04-at-11.39.42-AM-2.jpeg,krediauto-imagenes/imagenes/44377/44377_13.jpeg,Descargada
44412,CHRYSLER PACIFICA LIMITED AUT 2019,1,Sí,https://krediautomzt.mx/wp-content/uploads/2026/07/fcc6c572-ab08-41a4-960f-0c3f8c41da38.jpg,krediauto-imagenes/imagenes/44412/44412_01.jpg,Descargada
44412,CHRYSLER PACIFICA LIMITED AUT 2019,2,No,https://krediautomzt.mx/wp-content/uploads/2026/07/WhatsApp-Image-2026-07-06-at-3.54.53-PM.jpeg,krediauto-imagenes/imagenes/44412/44412_02.jpeg,Descargada
44412,CHRYSLER PACIFICA LIMITED AUT 2019,3,No,https://krediautomzt.mx/wp-content/uploads/2026/07/WhatsApp-Image-2026-07-06-at-3.54.54-PM.jpeg,krediauto-imagenes/imagenes/44412/44412_03.jpeg,Descargada
44412,CHRYSLER PACIFICA LIMITED AUT 2019,4,No,https://krediautomzt.mx/wp-content/uploads/2026/07/WhatsApp-Image-2026-07-06-at-3.54.55-PM.jpeg,krediauto-imagenes/imagenes/44412/44412_04.jpeg,Descargada
44412,CHRYSLER PACIFICA LIMITED AUT 2019,5,No,https://krediautomzt.mx/wp-content/uploads/2026/07/WhatsApp-Image-2026-07-06-at-3.54.55-PM-1.jpeg,krediauto-imagenes/imagenes/44412/44412_05.jpeg,Descargada
44412,CHRYSLER PACIFICA LIMITED AUT 2019,6,No,https://krediautomzt.mx/wp-content/uploads/2026/07/WhatsApp-Image-2026-07-06-at-3.54.55-PM-2.jpeg,krediauto-imagenes/imagenes/44412/44412_06.jpeg,Descargada
44412,CHRYSLER PACIFICA LIMITED AUT 2019,7,No,https://krediautomzt.mx/wp-content/uploads/2026/07/WhatsApp-Image-2026-07-06-at-3.54.55-PM-3.jpeg,krediauto-imagenes/imagenes/44412/44412_07.jpeg,Descargada
44412,CHRYSLER PACIFICA LIMITED AUT 2019,8,No,https://krediautomzt.mx/wp-content/uploads/2026/07/WhatsApp-Image-2026-07-06-at-3.54.55-PM-4.jpeg,krediauto-imagenes/imagenes/44412/44412_08.jpeg,Descargada
44412,CHRYSLER PACIFICA LIMITED AUT 2019,9,No,https://krediautomzt.mx/wp-content/uploads/2026/07/WhatsApp-Image-2026-07-06-at-3.54.55-PM-5.jpeg,krediauto-imagenes/imagenes/44412/44412_09.jpeg,Descargada
44412,CHRYSLER PACIFICA LIMITED AUT 2019,10,No,https://krediautomzt.mx/wp-content/uploads/2026/07/WhatsApp-Image-2026-07-06-at-3.54.56-PM-3.jpeg,krediauto-imagenes/imagenes/44412/44412_10.jpeg,Descargada
44412,CHRYSLER PACIFICA LIMITED AUT 2019,11,No,https://krediautomzt.mx/wp-content/uploads/2026/07/WhatsApp-Image-2026-07-06-at-3.54.56-PM-1.jpeg,krediauto-imagenes/imagenes/44412/44412_11.jpeg,Descargada
44412,CHRYSLER PACIFICA LIMITED AUT 2019,12,No,https://krediautomzt.mx/wp-content/uploads/2026/07/WhatsApp-Image-2026-07-06-at-3.54.56-PM-2.jpeg,krediauto-imagenes/imagenes/44412/44412_12.jpeg,Descargada
44412,CHRYSLER PACIFICA LIMITED AUT 2019,13,No,https://krediautomzt.mx/wp-content/uploads/2026/07/WhatsApp-Image-2026-07-06-at-3.54.56-PM-6.jpeg,krediauto-imagenes/imagenes/44412/44412_13.jpeg,Descargada
44412,CHRYSLER PACIFICA LIMITED AUT 2019,14,No,https://krediautomzt.mx/wp-content/uploads/2026/07/WhatsApp-Image-2026-07-06-at-3.54.56-PM-4.jpeg,krediauto-imagenes/imagenes/44412/44412_14.jpeg,Descargada
44412,CHRYSLER PACIFICA LIMITED AUT 2019,15,No,https://krediautomzt.mx/wp-content/uploads/2026/07/WhatsApp-Image-2026-07-06-at-3.54.56-PM-5.jpeg,krediauto-imagenes/imagenes/44412/44412_15.jpeg,Descargada
44412,CHRYSLER PACIFICA LIMITED AUT 2019,16,No,https://krediautomzt.mx/wp-content/uploads/2026/07/WhatsApp-Image-2026-07-06-at-3.54.56-PM.jpeg,krediauto-imagenes/imagenes/44412/44412_16.jpeg,Descargada
44480,KIA SOUL SX 2018,1,Sí,https://krediautomzt.mx/wp-content/uploads/2026/07/5fabd03a-d9b8-4229-be5c-6e76936f3df2-1.jpg,krediauto-imagenes/imagenes/44480/44480_01.jpg,Descargada
44480,KIA SOUL SX 2018,2,No,https://krediautomzt.mx/wp-content/uploads/2026/07/WhatsApp-Image-2026-07-06-at-4.30.32-PM-1.jpeg,krediauto-imagenes/imagenes/44480/44480_02.jpeg,Descargada
44480,KIA SOUL SX 2018,3,No,https://krediautomzt.mx/wp-content/uploads/2026/07/WhatsApp-Image-2026-07-06-at-4.30.32-PM-7.jpeg,krediauto-imagenes/imagenes/44480/44480_03.jpeg,Descargada
44480,KIA SOUL SX 2018,4,No,https://krediautomzt.mx/wp-content/uploads/2026/07/WhatsApp-Image-2026-07-06-at-4.30.32-PM-2.jpeg,krediauto-imagenes/imagenes/44480/44480_04.jpeg,Descargada
44480,KIA SOUL SX 2018,5,No,https://krediautomzt.mx/wp-content/uploads/2026/07/WhatsApp-Image-2026-07-06-at-4.30.32-PM-3.jpeg,krediauto-imagenes/imagenes/44480/44480_05.jpeg,Descargada
44480,KIA SOUL SX 2018,6,No,https://krediautomzt.mx/wp-content/uploads/2026/07/WhatsApp-Image-2026-07-06-at-4.30.32-PM-4.jpeg,krediauto-imagenes/imagenes/44480/44480_06.jpeg,Descargada
44480,KIA SOUL SX 2018,7,No,https://krediautomzt.mx/wp-content/uploads/2026/07/WhatsApp-Image-2026-07-06-at-4.30.32-PM-5.jpeg,krediauto-imagenes/imagenes/44480/44480_07.jpeg,Descargada
44480,KIA SOUL SX 2018,8,No,https://krediautomzt.mx/wp-content/uploads/2026/07/WhatsApp-Image-2026-07-06-at-4.30.32-PM-6.jpeg,krediauto-imagenes/imagenes/44480/44480_08.jpeg,Descargada
44480,KIA SOUL SX 2018,9,No,https://krediautomzt.mx/wp-content/uploads/2026/07/WhatsApp-Image-2026-07-06-at-4.30.32-PM.jpeg,krediauto-imagenes/imagenes/44480/44480_09.jpeg,Descargada
44480,KIA SOUL SX 2018,10,No,https://krediautomzt.mx/wp-content/uploads/2026/07/WhatsApp-Image-2026-07-06-at-4.30.32-PM-8.jpeg,krediauto-imagenes/imagenes/44480/44480_10.jpeg,Descargada
44575,CHEVROLET SUBURBAN LT 2023,1,Sí,https://krediautomzt.mx/wp-content/uploads/2026/07/f4c08825-02f1-432a-ab0b-8b373da69fd1.jpg,krediauto-imagenes/imagenes/44575/44575_01.jpg,Descargada
44575,CHEVROLET SUBURBAN LT 2023,2,No,https://krediautomzt.mx/wp-content/uploads/2026/07/WhatsApp-Image-2026-07-09-at-10.24.38-AM.jpeg,krediauto-imagenes/imagenes/44575/44575_02.jpeg,Descargada
44575,CHEVROLET SUBURBAN LT 2023,3,No,https://krediautomzt.mx/wp-content/uploads/2026/07/WhatsApp-Image-2026-07-09-at-10.24.39-AM-5.jpeg,krediauto-imagenes/imagenes/44575/44575_03.jpeg,Descargada
44575,CHEVROLET SUBURBAN LT 2023,4,No,https://krediautomzt.mx/wp-content/uploads/2026/07/WhatsApp-Image-2026-07-09-at-10.24.40-AM-3.jpeg,krediauto-imagenes/imagenes/44575/44575_04.jpeg,Descargada
44575,CHEVROLET SUBURBAN LT 2023,5,No,https://krediautomzt.mx/wp-content/uploads/2026/07/WhatsApp-Image-2026-07-09-at-10.24.39-AM-6.jpeg,krediauto-imagenes/imagenes/44575/44575_05.jpeg,Descargada
44575,CHEVROLET SUBURBAN LT 2023,6,No,https://krediautomzt.mx/wp-content/uploads/2026/07/WhatsApp-Image-2026-07-09-at-10.24.39-AM-7.jpeg,krediauto-imagenes/imagenes/44575/44575_06.jpeg,Descargada
44575,CHEVROLET SUBURBAN LT 2023,7,No,https://krediautomzt.mx/wp-content/uploads/2026/07/WhatsApp-Image-2026-07-09-at-10.24.40-AM.jpeg,krediauto-imagenes/imagenes/44575/44575_07.jpeg,Descargada
44575,CHEVROLET SUBURBAN LT 2023,8,No,https://krediautomzt.mx/wp-content/uploads/2026/07/WhatsApp-Image-2026-07-09-at-10.24.40-AM-1.jpeg,krediauto-imagenes/imagenes/44575/44575_08.jpeg,Descargada
44575,CHEVROLET SUBURBAN LT 2023,9,No,https://krediautomzt.mx/wp-content/uploads/2026/07/WhatsApp-Image-2026-07-09-at-10.24.40-AM-2.jpeg,krediauto-imagenes/imagenes/44575/44575_09.jpeg,Descargada
44645,MAZDA 2 I SPORT TM 2025,1,Sí,https://krediautomzt.mx/wp-content/uploads/2026/07/WhatsApp-Image-2026-07-13-at-7.18.39-PM-7.jpeg,krediauto-imagenes/imagenes/44645/44645_01.jpeg,Descargada
44645,MAZDA 2 I SPORT TM 2025,2,No,https://krediautomzt.mx/wp-content/uploads/2026/07/WhatsApp-Image-2026-07-13-at-7.18.39-PM-2.jpeg,krediauto-imagenes/imagenes/44645/44645_02.jpeg,Descargada
44645,MAZDA 2 I SPORT TM 2025,3,No,https://krediautomzt.mx/wp-content/uploads/2026/07/WhatsApp-Image-2026-07-13-at-7.18.39-PM-1.jpeg,krediauto-imagenes/imagenes/44645/44645_03.jpeg,Descargada
44645,MAZDA 2 I SPORT TM 2025,4,No,https://krediautomzt.mx/wp-content/uploads/2026/07/WhatsApp-Image-2026-07-13-at-7.18.39-PM-8.jpeg,krediauto-imagenes/imagenes/44645/44645_04.jpeg,Descargada
44645,MAZDA 2 I SPORT TM 2025,5,No,https://krediautomzt.mx/wp-content/uploads/2026/07/WhatsApp-Image-2026-07-13-at-7.18.39-PM-3.jpeg,krediauto-imagenes/imagenes/44645/44645_05.jpeg,Descargada
44645,MAZDA 2 I SPORT TM 2025,6,No,https://krediautomzt.mx/wp-content/uploads/2026/07/WhatsApp-Image-2026-07-13-at-7.18.39-PM-4.jpeg,krediauto-imagenes/imagenes/44645/44645_06.jpeg,Descargada
44645,MAZDA 2 I SPORT TM 2025,7,No,https://krediautomzt.mx/wp-content/uploads/2026/07/WhatsApp-Image-2026-07-13-at-7.18.39-PM-5.jpeg,krediauto-imagenes/imagenes/44645/44645_07.jpeg,Descargada
44645,MAZDA 2 I SPORT TM 2025,8,No,https://krediautomzt.mx/wp-content/uploads/2026/07/WhatsApp-Image-2026-07-13-at-7.18.39-PM-6.jpeg,krediauto-imagenes/imagenes/44645/44645_08.jpeg,Descargada
44645,MAZDA 2 I SPORT TM 2025,9,No,https://krediautomzt.mx/wp-content/uploads/2026/07/WhatsApp-Image-2026-07-13-at-7.18.39-PM-9.jpeg,krediauto-imagenes/imagenes/44645/44645_09.jpeg,Descargada
44667,NISSAN FRONTIER PLATINUM DIESEL AUT 2022,1,Sí,https://krediautomzt.mx/wp-content/uploads/2026/07/cbd1238b-916d-4067-90f1-1097ba71fbd2.jpg,krediauto-imagenes/imagenes/44667/44667_01.jpg,Descargada
44667,NISSAN FRONTIER PLATINUM DIESEL AUT 2022,2,No,https://krediautomzt.mx/wp-content/uploads/2026/07/WhatsApp-Image-2026-07-13-at-4.18.39-PM-7.jpeg,krediauto-imagenes/imagenes/44667/44667_02.jpeg,Descargada
44667,NISSAN FRONTIER PLATINUM DIESEL AUT 2022,3,No,https://krediautomzt.mx/wp-content/uploads/2026/07/WhatsApp-Image-2026-07-13-at-4.18.37-PM.jpeg,krediauto-imagenes/imagenes/44667/44667_03.jpeg,Descargada
44667,NISSAN FRONTIER PLATINUM DIESEL AUT 2022,4,No,https://krediautomzt.mx/wp-content/uploads/2026/07/WhatsApp-Image-2026-07-13-at-4.18.38-PM.jpeg,krediauto-imagenes/imagenes/44667/44667_04.jpeg,Descargada
44667,NISSAN FRONTIER PLATINUM DIESEL AUT 2022,5,No,https://krediautomzt.mx/wp-content/uploads/2026/07/WhatsApp-Image-2026-07-13-at-4.18.38-PM-1.jpeg,krediauto-imagenes/imagenes/44667/44667_05.jpeg,Descargada
44667,NISSAN FRONTIER PLATINUM DIESEL AUT 2022,6,No,https://krediautomzt.mx/wp-content/uploads/2026/07/WhatsApp-Image-2026-07-13-at-4.18.38-PM-2.jpeg,krediauto-imagenes/imagenes/44667/44667_06.jpeg,Descargada
44667,NISSAN FRONTIER PLATINUM DIESEL AUT 2022,7,No,https://krediautomzt.mx/wp-content/uploads/2026/07/WhatsApp-Image-2026-07-13-at-4.18.38-PM-5.jpeg,krediauto-imagenes/imagenes/44667/44667_07.jpeg,Descargada
44667,NISSAN FRONTIER PLATINUM DIESEL AUT 2022,8,No,https://krediautomzt.mx/wp-content/uploads/2026/07/WhatsApp-Image-2026-07-13-at-4.18.39-PM-1.jpeg,krediauto-imagenes/imagenes/44667/44667_08.jpeg,Descargada
44667,NISSAN FRONTIER PLATINUM DIESEL AUT 2022,9,No,https://krediautomzt.mx/wp-content/uploads/2026/07/WhatsApp-Image-2026-07-13-at-4.18.39-PM-3.jpeg,krediauto-imagenes/imagenes/44667/44667_09.jpeg,Descargada
44667,NISSAN FRONTIER PLATINUM DIESEL AUT 2022,10,No,https://krediautomzt.mx/wp-content/uploads/2026/07/WhatsApp-Image-2026-07-13-at-4.18.39-PM-5.jpeg,krediauto-imagenes/imagenes/44667/44667_10.jpeg,Descargada
44667,NISSAN FRONTIER PLATINUM DIESEL AUT 2022,11,No,https://krediautomzt.mx/wp-content/uploads/2026/07/WhatsApp-Image-2026-07-13-at-4.18.39-PM-9.jpeg,krediauto-imagenes/imagenes/44667/44667_11.jpeg,Descargada
44679,KWID BITONO TM 2024,1,Sí,https://krediautomzt.mx/wp-content/uploads/2026/07/a5b13b94-469d-4e67-83e7-4678edba471a.jpg,krediauto-imagenes/imagenes/44679/44679_01.jpg,Descargada
44679,KWID BITONO TM 2024,2,No,https://krediautomzt.mx/wp-content/uploads/2026/07/WhatsApp-Image-2026-07-13-at-1.44.27-PM-1.jpeg,krediauto-imagenes/imagenes/44679/44679_02.jpeg,Descargada
44679,KWID BITONO TM 2024,3,No,https://krediautomzt.mx/wp-content/uploads/2026/07/WhatsApp-Image-2026-07-13-at-1.44.26-PM.jpeg,krediauto-imagenes/imagenes/44679/44679_03.jpeg,Descargada
44679,KWID BITONO TM 2024,4,No,https://krediautomzt.mx/wp-content/uploads/2026/07/WhatsApp-Image-2026-07-13-at-1.44.26-PM-1.jpeg,krediauto-imagenes/imagenes/44679/44679_04.jpeg,Descargada
44679,KWID BITONO TM 2024,5,No,https://krediautomzt.mx/wp-content/uploads/2026/07/WhatsApp-Image-2026-07-13-at-1.44.27-PM.jpeg,krediauto-imagenes/imagenes/44679/44679_05.jpeg,Descargada
44679,KWID BITONO TM 2024,6,No,https://krediautomzt.mx/wp-content/uploads/2026/07/WhatsApp-Image-2026-07-13-at-1.44.26-PM-2.jpeg,krediauto-imagenes/imagenes/44679/44679_06.jpeg,Descargada
44679,KWID BITONO TM 2024,7,No,https://krediautomzt.mx/wp-content/uploads/2026/07/WhatsApp-Image-2026-07-13-at-1.44.27-PM-5.jpeg,krediauto-imagenes/imagenes/44679/44679_07.jpeg,Descargada
44679,KWID BITONO TM 2024,8,No,https://krediautomzt.mx/wp-content/uploads/2026/07/WhatsApp-Image-2026-07-13-at-1.44.27-PM-2.jpeg,krediauto-imagenes/imagenes/44679/44679_08.jpeg,Descargada
44679,KWID BITONO TM 2024,9,No,https://krediautomzt.mx/wp-content/uploads/2026/07/WhatsApp-Image-2026-07-13-at-1.44.27-PM-4.jpeg,krediauto-imagenes/imagenes/44679/44679_09.jpeg,Descargada
44703,KIA K3 LX TM HB 2024,1,Sí,https://krediautomzt.mx/wp-content/uploads/2026/07/e910bbaf-bd47-47a0-92a7-2ce305cf26f5.jpg,krediauto-imagenes/imagenes/44703/44703_01.jpg,Descargada
44703,KIA K3 LX TM HB 2024,2,No,https://krediautomzt.mx/wp-content/uploads/2026/07/WhatsApp-Image-2026-07-09-at-1.23.37-PM.jpeg,krediauto-imagenes/imagenes/44703/44703_02.jpeg,Descargada
44703,KIA K3 LX TM HB 2024,3,No,https://krediautomzt.mx/wp-content/uploads/2026/07/WhatsApp-Image-2026-07-09-at-1.23.38-PM.jpeg,krediauto-imagenes/imagenes/44703/44703_03.jpeg,Descargada
44703,KIA K3 LX TM HB 2024,4,No,https://krediautomzt.mx/wp-content/uploads/2026/07/WhatsApp-Image-2026-07-09-at-1.23.37-PM-1.jpeg,krediauto-imagenes/imagenes/44703/44703_04.jpeg,Descargada
44703,KIA K3 LX TM HB 2024,5,No,https://krediautomzt.mx/wp-content/uploads/2026/07/WhatsApp-Image-2026-07-09-at-1.23.37-PM-2.jpeg,krediauto-imagenes/imagenes/44703/44703_05.jpeg,Descargada
44703,KIA K3 LX TM HB 2024,6,No,https://krediautomzt.mx/wp-content/uploads/2026/07/WhatsApp-Image-2026-07-09-at-1.23.37-PM-3.jpeg,krediauto-imagenes/imagenes/44703/44703_06.jpeg,Descargada
44703,KIA K3 LX TM HB 2024,7,No,https://krediautomzt.mx/wp-content/uploads/2026/07/WhatsApp-Image-2026-07-09-at-1.23.37-PM-4.jpeg,krediauto-imagenes/imagenes/44703/44703_07.jpeg,Descargada
44703,KIA K3 LX TM HB 2024,8,No,https://krediautomzt.mx/wp-content/uploads/2026/07/WhatsApp-Image-2026-07-09-at-1.23.37-PM-5.jpeg,krediauto-imagenes/imagenes/44703/44703_08.jpeg,Descargada
44703,KIA K3 LX TM HB 2024,9,No,https://krediautomzt.mx/wp-content/uploads/2026/07/WhatsApp-Image-2026-07-09-at-1.23.38-PM-3.jpeg,krediauto-imagenes/imagenes/44703/44703_09.jpeg,Descargada
44703,KIA K3 LX TM HB 2024,10,No,https://krediautomzt.mx/wp-content/uploads/2026/07/WhatsApp-Image-2026-07-09-at-1.23.38-PM-1.jpeg,krediauto-imagenes/imagenes/44703/44703_10.jpeg,Descargada
44703,KIA K3 LX TM HB 2024,11,No,https://krediautomzt.mx/wp-content/uploads/2026/07/WhatsApp-Image-2026-07-09-at-1.23.38-PM-2.jpeg,krediauto-imagenes/imagenes/44703/44703_11.jpeg,Descargada
44752,TOYOTA AVANZA XLE 2024,1,Sí,https://krediautomzt.mx/wp-content/uploads/2026/07/7cc04bed-05d1-465b-b4cb-d4d13260252f.jpg,krediauto-imagenes/imagenes/44752/44752_01.jpg,Descargada
44752,TOYOTA AVANZA XLE 2024,2,No,https://krediautomzt.mx/wp-content/uploads/2026/07/WhatsApp-Image-2026-07-09-at-9.50.41-AM.jpeg,krediauto-imagenes/imagenes/44752/44752_02.jpeg,Descargada
44752,TOYOTA AVANZA XLE 2024,3,No,https://krediautomzt.mx/wp-content/uploads/2026/07/WhatsApp-Image-2026-07-09-at-9.50.41-AM-1.jpeg,krediauto-imagenes/imagenes/44752/44752_03.jpeg,Descargada
44752,TOYOTA AVANZA XLE 2024,4,No,https://krediautomzt.mx/wp-content/uploads/2026/07/WhatsApp-Image-2026-07-09-at-9.50.42-AM-9.jpeg,krediauto-imagenes/imagenes/44752/44752_04.jpeg,Descargada
44752,TOYOTA AVANZA XLE 2024,5,No,https://krediautomzt.mx/wp-content/uploads/2026/07/WhatsApp-Image-2026-07-09-at-9.50.42-AM.jpeg,krediauto-imagenes/imagenes/44752/44752_05.jpeg,Descargada
44752,TOYOTA AVANZA XLE 2024,6,No,https://krediautomzt.mx/wp-content/uploads/2026/07/WhatsApp-Image-2026-07-09-at-9.50.42-AM-2.jpeg,krediauto-imagenes/imagenes/44752/44752_06.jpeg,Descargada
44752,TOYOTA AVANZA XLE 2024,7,No,https://krediautomzt.mx/wp-content/uploads/2026/07/WhatsApp-Image-2026-07-09-at-9.50.42-AM-3.jpeg,krediauto-imagenes/imagenes/44752/44752_07.jpeg,Descargada
44752,TOYOTA AVANZA XLE 2024,8,No,https://krediautomzt.mx/wp-content/uploads/2026/07/WhatsApp-Image-2026-07-09-at-9.50.42-AM-7.jpeg,krediauto-imagenes/imagenes/44752/44752_08.jpeg,Descargada
44752,TOYOTA AVANZA XLE 2024,9,No,https://krediautomzt.mx/wp-content/uploads/2026/07/WhatsApp-Image-2026-07-09-at-9.50.42-AM-8.jpeg,krediauto-imagenes/imagenes/44752/44752_09.jpeg,Descargada
44752,TOYOTA AVANZA XLE 2024,10,No,https://krediautomzt.mx/wp-content/uploads/2026/07/WhatsApp-Image-2026-07-09-at-9.50.43-AM.jpeg,krediauto-imagenes/imagenes/44752/44752_10.jpeg,Descargada
44752,TOYOTA AVANZA XLE 2024,11,No,https://krediautomzt.mx/wp-content/uploads/2026/07/WhatsApp-Image-2026-07-09-at-9.50.43-AM-1.jpeg,krediauto-imagenes/imagenes/44752/44752_11.jpeg,Descargada
44765,NISSAN FRONTIER DC DIESEL MANUAL 4X4 2023,1,Sí,https://krediautomzt.mx/wp-content/uploads/2026/07/79dc2750-cd14-4d22-b5ac-bcc73994eb2d.jpg,krediauto-imagenes/imagenes/44765/44765_01.jpg,Descargada
44765,NISSAN FRONTIER DC DIESEL MANUAL 4X4 2023,2,No,https://krediautomzt.mx/wp-content/uploads/2026/07/WhatsApp-Image-2026-07-20-at-4.48.38-PM-1.jpeg,krediauto-imagenes/imagenes/44765/44765_02.jpeg,Descargada
44765,NISSAN FRONTIER DC DIESEL MANUAL 4X4 2023,3,No,https://krediautomzt.mx/wp-content/uploads/2026/07/WhatsApp-Image-2026-07-20-at-4.48.38-PM.jpeg,krediauto-imagenes/imagenes/44765/44765_03.jpeg,Descargada
44765,NISSAN FRONTIER DC DIESEL MANUAL 4X4 2023,4,No,https://krediautomzt.mx/wp-content/uploads/2026/07/WhatsApp-Image-2026-07-20-at-4.48.32-PM.jpeg,krediauto-imagenes/imagenes/44765/44765_04.jpeg,Descargada
44765,NISSAN FRONTIER DC DIESEL MANUAL 4X4 2023,5,No,https://krediautomzt.mx/wp-content/uploads/2026/07/WhatsApp-Image-2026-07-20-at-4.48.32-PM-1.jpeg,krediauto-imagenes/imagenes/44765/44765_05.jpeg,Descargada
44765,NISSAN FRONTIER DC DIESEL MANUAL 4X4 2023,6,No,https://krediautomzt.mx/wp-content/uploads/2026/07/WhatsApp-Image-2026-07-20-at-4.48.32-PM-2.jpeg,krediauto-imagenes/imagenes/44765/44765_06.jpeg,Descargada
44765,NISSAN FRONTIER DC DIESEL MANUAL 4X4 2023,7,No,https://krediautomzt.mx/wp-content/uploads/2026/07/WhatsApp-Image-2026-07-20-at-4.48.33-PM.jpeg,krediauto-imagenes/imagenes/44765/44765_07.jpeg,Descargada
44765,NISSAN FRONTIER DC DIESEL MANUAL 4X4 2023,8,No,https://krediautomzt.mx/wp-content/uploads/2026/07/WhatsApp-Image-2026-07-20-at-4.48.34-PM.jpeg,krediauto-imagenes/imagenes/44765/44765_08.jpeg,Descargada
44765,NISSAN FRONTIER DC DIESEL MANUAL 4X4 2023,9,No,https://krediautomzt.mx/wp-content/uploads/2026/07/WhatsApp-Image-2026-07-20-at-4.48.34-PM-1.jpeg,krediauto-imagenes/imagenes/44765/44765_09.jpeg,Descargada
44765,NISSAN FRONTIER DC DIESEL MANUAL 4X4 2023,10,No,https://krediautomzt.mx/wp-content/uploads/2026/07/WhatsApp-Image-2026-07-20-at-4.48.36-PM.jpeg,krediauto-imagenes/imagenes/44765/44765_10.jpeg,Descargada
44765,NISSAN FRONTIER DC DIESEL MANUAL 4X4 2023,11,No,https://krediautomzt.mx/wp-content/uploads/2026/07/WhatsApp-Image-2026-07-20-at-4.48.36-PM-1.jpeg,krediauto-imagenes/imagenes/44765/44765_11.jpeg,Descargada
44765,NISSAN FRONTIER DC DIESEL MANUAL 4X4 2023,12,No,https://krediautomzt.mx/wp-content/uploads/2026/07/WhatsApp-Image-2026-07-20-at-4.48.37-PM.jpeg,krediauto-imagenes/imagenes/44765/44765_12.jpeg,Descargada
44814,MAZDA 2 I SPORT 2024,1,Sí,https://krediautomzt.mx/wp-content/uploads/2026/07/1cc108b5-589a-4da3-ac8e-ead9362d13d1.jpg,krediauto-imagenes/imagenes/44814/44814_01.jpg,Descargada
44814,MAZDA 2 I SPORT 2024,2,No,https://krediautomzt.mx/wp-content/uploads/2026/07/WhatsApp-Image-2026-07-22-at-3.25.35-PM-5.jpeg,krediauto-imagenes/imagenes/44814/44814_02.jpeg,Descargada
44814,MAZDA 2 I SPORT 2024,3,No,https://krediautomzt.mx/wp-content/uploads/2026/07/WhatsApp-Image-2026-07-22-at-3.25.34-PM-1.jpeg,krediauto-imagenes/imagenes/44814/44814_03.jpeg,Descargada
44814,MAZDA 2 I SPORT 2024,4,No,https://krediautomzt.mx/wp-content/uploads/2026/07/WhatsApp-Image-2026-07-22-at-3.25.34-PM-2.jpeg,krediauto-imagenes/imagenes/44814/44814_04.jpeg,Descargada
44814,MAZDA 2 I SPORT 2024,5,No,https://krediautomzt.mx/wp-content/uploads/2026/07/WhatsApp-Image-2026-07-22-at-3.25.34-PM-4.jpeg,krediauto-imagenes/imagenes/44814/44814_05.jpeg,Descargada
44814,MAZDA 2 I SPORT 2024,6,No,https://krediautomzt.mx/wp-content/uploads/2026/07/WhatsApp-Image-2026-07-22-at-3.25.35-PM.jpeg,krediauto-imagenes/imagenes/44814/44814_06.jpeg,Descargada
44814,MAZDA 2 I SPORT 2024,7,No,https://krediautomzt.mx/wp-content/uploads/2026/07/WhatsApp-Image-2026-07-22-at-3.25.35-PM-2.jpeg,krediauto-imagenes/imagenes/44814/44814_07.jpeg,Descargada
44814,MAZDA 2 I SPORT 2024,8,No,https://krediautomzt.mx/wp-content/uploads/2026/07/WhatsApp-Image-2026-07-22-at-3.25.35-PM-4.jpeg,krediauto-imagenes/imagenes/44814/44814_08.jpeg,Descargada
44823,AUDI A3 SELECT 2.0 2023,1,Sí,https://krediautomzt.mx/wp-content/uploads/2026/07/449d2479-b051-4a25-89ca-08e20ea26677.jpg,krediauto-imagenes/imagenes/44823/44823_01.jpg,Descargada
44823,AUDI A3 SELECT 2.0 2023,2,No,https://krediautomzt.mx/wp-content/uploads/2026/07/WhatsApp-Image-2026-07-23-at-5.46.08-PM-1.jpeg,krediauto-imagenes/imagenes/44823/44823_02.jpeg,Descargada
44823,AUDI A3 SELECT 2.0 2023,3,No,https://krediautomzt.mx/wp-content/uploads/2026/07/WhatsApp-Image-2026-07-23-at-5.46.10-PM-3.jpeg,krediauto-imagenes/imagenes/44823/44823_03.jpeg,Descargada
44823,AUDI A3 SELECT 2.0 2023,4,No,https://krediautomzt.mx/wp-content/uploads/2026/07/WhatsApp-Image-2026-07-23-at-5.46.08-PM-2.jpeg,krediauto-imagenes/imagenes/44823/44823_04.jpeg,Descargada
44823,AUDI A3 SELECT 2.0 2023,5,No,https://krediautomzt.mx/wp-content/uploads/2026/07/WhatsApp-Image-2026-07-23-at-5.46.08-PM-3.jpeg,krediauto-imagenes/imagenes/44823/44823_05.jpeg,Descargada
44823,AUDI A3 SELECT 2.0 2023,6,No,https://krediautomzt.mx/wp-content/uploads/2026/07/WhatsApp-Image-2026-07-23-at-5.46.08-PM.jpeg,krediauto-imagenes/imagenes/44823/44823_06.jpeg,Descargada
44823,AUDI A3 SELECT 2.0 2023,7,No,https://krediautomzt.mx/wp-content/uploads/2026/07/WhatsApp-Image-2026-07-23-at-5.46.09-PM-1.jpeg,krediauto-imagenes/imagenes/44823/44823_07.jpeg,Descargada
44823,AUDI A3 SELECT 2.0 2023,8,No,https://krediautomzt.mx/wp-content/uploads/2026/07/WhatsApp-Image-2026-07-23-at-5.46.09-PM-2.jpeg,krediauto-imagenes/imagenes/44823/44823_08.jpeg,Descargada
44823,AUDI A3 SELECT 2.0 2023,9,No,https://krediautomzt.mx/wp-content/uploads/2026/07/WhatsApp-Image-2026-07-23-at-5.46.09-PM-3.jpeg,krediauto-imagenes/imagenes/44823/44823_09.jpeg,Descargada
44823,AUDI A3 SELECT 2.0 2023,10,No,https://krediautomzt.mx/wp-content/uploads/2026/07/WhatsApp-Image-2026-07-23-at-5.46.09-PM-4.jpeg,krediauto-imagenes/imagenes/44823/44823_10.jpeg,Descargada
44823,AUDI A3 SELECT 2.0 2023,11,No,https://krediautomzt.mx/wp-content/uploads/2026/07/WhatsApp-Image-2026-07-23-at-5.46.09-PM-5.jpeg,krediauto-imagenes/imagenes/44823/44823_11.jpeg,Descargada
44823,AUDI A3 SELECT 2.0 2023,12,No,https://krediautomzt.mx/wp-content/uploads/2026/07/WhatsApp-Image-2026-07-23-at-5.46.09-PM.jpeg,krediauto-imagenes/imagenes/44823/44823_12.jpeg,Descargada
44823,AUDI A3 SELECT 2.0 2023,13,No,https://krediautomzt.mx/wp-content/uploads/2026/07/WhatsApp-Image-2026-07-23-at-5.46.10-PM-1.jpeg,krediauto-imagenes/imagenes/44823/44823_13.jpeg,Descargada
44823,AUDI A3 SELECT 2.0 2023,14,No,https://krediautomzt.mx/wp-content/uploads/2026/07/WhatsApp-Image-2026-07-23-at-5.46.10-PM-2.jpeg,krediauto-imagenes/imagenes/44823/44823_14.jpeg,Descargada
44823,AUDI A3 SELECT 2.0 2023,15,No,https://krediautomzt.mx/wp-content/uploads/2026/07/WhatsApp-Image-2026-07-23-at-5.46.10-PM.jpeg,krediauto-imagenes/imagenes/44823/44823_15.jpeg,Descargada
44879,KIA SELTOS SXL AUT 2025,1,Sí,https://krediautomzt.mx/wp-content/uploads/2026/07/5b545d8c-242a-48b5-ab5a-38ee884e6b11.jpg,krediauto-imagenes/imagenes/44879/44879_01.jpg,Descargada
44879,KIA SELTOS SXL AUT 2025,2,No,https://krediautomzt.mx/wp-content/uploads/2026/07/WhatsApp-Image-2026-07-08-at-9.23.44-AM.jpeg,krediauto-imagenes/imagenes/44879/44879_02.jpeg,Descargada
44879,KIA SELTOS SXL AUT 2025,3,No,https://krediautomzt.mx/wp-content/uploads/2026/07/WhatsApp-Image-2026-07-08-at-9.23.46-AM-1.jpeg,krediauto-imagenes/imagenes/44879/44879_03.jpeg,Descargada
44879,KIA SELTOS SXL AUT 2025,4,No,https://krediautomzt.mx/wp-content/uploads/2026/07/WhatsApp-Image-2026-07-08-at-9.23.45-AM.jpeg,krediauto-imagenes/imagenes/44879/44879_04.jpeg,Descargada
44879,KIA SELTOS SXL AUT 2025,5,No,https://krediautomzt.mx/wp-content/uploads/2026/07/WhatsApp-Image-2026-07-08-at-9.23.45-AM-1.jpeg,krediauto-imagenes/imagenes/44879/44879_05.jpeg,Descargada
44879,KIA SELTOS SXL AUT 2025,6,No,https://krediautomzt.mx/wp-content/uploads/2026/07/WhatsApp-Image-2026-07-08-at-9.23.45-AM-2.jpeg,krediauto-imagenes/imagenes/44879/44879_06.jpeg,Descargada
44879,KIA SELTOS SXL AUT 2025,7,No,https://krediautomzt.mx/wp-content/uploads/2026/07/WhatsApp-Image-2026-07-08-at-9.23.45-AM-3.jpeg,krediauto-imagenes/imagenes/44879/44879_07.jpeg,Descargada
44879,KIA SELTOS SXL AUT 2025,8,No,https://krediautomzt.mx/wp-content/uploads/2026/07/WhatsApp-Image-2026-07-08-at-9.23.46-AM.jpeg,krediauto-imagenes/imagenes/44879/44879_08.jpeg,Descargada
44879,KIA SELTOS SXL AUT 2025,9,No,https://krediautomzt.mx/wp-content/uploads/2026/07/WhatsApp-Image-2026-07-08-at-9.23.47-AM-1.jpeg,krediauto-imagenes/imagenes/44879/44879_09.jpeg,Descargada
44879,KIA SELTOS SXL AUT 2025,10,No,https://krediautomzt.mx/wp-content/uploads/2026/07/WhatsApp-Image-2026-07-08-at-9.23.46-AM-2.jpeg,krediauto-imagenes/imagenes/44879/44879_10.jpeg,Descargada
44918,NISSAN FRONTIER NP300 LE AUT 2022,1,Sí,https://krediautomzt.mx/wp-content/uploads/2026/07/9efaddfc-317c-42d4-ad51-dc2848837f78.jpg,krediauto-imagenes/imagenes/44918/44918_01.jpg,Descargada
44918,NISSAN FRONTIER NP300 LE AUT 2022,2,No,https://krediautomzt.mx/wp-content/uploads/2026/07/WhatsApp-Image-2026-07-21-at-10.28.16-AM.jpeg,krediauto-imagenes/imagenes/44918/44918_02.jpeg,Descargada
44918,NISSAN FRONTIER NP300 LE AUT 2022,3,No,https://krediautomzt.mx/wp-content/uploads/2026/07/WhatsApp-Image-2026-07-21-at-10.28.17-AM-4.jpeg,krediauto-imagenes/imagenes/44918/44918_03.jpeg,Descargada
44918,NISSAN FRONTIER NP300 LE AUT 2022,4,No,https://krediautomzt.mx/wp-content/uploads/2026/07/WhatsApp-Image-2026-07-21-at-10.28.16-AM-1.jpeg,krediauto-imagenes/imagenes/44918/44918_04.jpeg,Descargada
44918,NISSAN FRONTIER NP300 LE AUT 2022,5,No,https://krediautomzt.mx/wp-content/uploads/2026/07/WhatsApp-Image-2026-07-21-at-10.28.16-AM-2.jpeg,krediauto-imagenes/imagenes/44918/44918_05.jpeg,Descargada
44918,NISSAN FRONTIER NP300 LE AUT 2022,6,No,https://krediautomzt.mx/wp-content/uploads/2026/07/WhatsApp-Image-2026-07-21-at-10.28.16-AM-4.jpeg,krediauto-imagenes/imagenes/44918/44918_06.jpeg,Descargada
44918,NISSAN FRONTIER NP300 LE AUT 2022,7,No,https://krediautomzt.mx/wp-content/uploads/2026/07/WhatsApp-Image-2026-07-21-at-10.28.16-AM-5-1.jpeg,krediauto-imagenes/imagenes/44918/44918_07.jpeg,Descargada
44918,NISSAN FRONTIER NP300 LE AUT 2022,8,No,https://krediautomzt.mx/wp-content/uploads/2026/07/WhatsApp-Image-2026-07-21-at-10.28.16-AM-5.jpeg,krediauto-imagenes/imagenes/44918/44918_08.jpeg,Descargada
44918,NISSAN FRONTIER NP300 LE AUT 2022,9,No,https://krediautomzt.mx/wp-content/uploads/2026/07/WhatsApp-Image-2026-07-21-at-10.28.17-AM.jpeg,krediauto-imagenes/imagenes/44918/44918_09.jpeg,Descargada
44918,NISSAN FRONTIER NP300 LE AUT 2022,10,No,https://krediautomzt.mx/wp-content/uploads/2026/07/WhatsApp-Image-2026-07-21-at-10.28.17-AM-1.jpeg,krediauto-imagenes/imagenes/44918/44918_10.jpeg,Descargada
44918,NISSAN FRONTIER NP300 LE AUT 2022,11,No,https://krediautomzt.mx/wp-content/uploads/2026/07/WhatsApp-Image-2026-07-21-at-10.28.17-AM-3.jpeg,krediauto-imagenes/imagenes/44918/44918_11.jpeg,Descargada
44930,MERCEDES-BENZ GLC 300 2023,1,Sí,https://krediautomzt.mx/wp-content/uploads/2026/07/b3b0e196-2ee0-437c-86f1-460d37c49188.jpg,krediauto-imagenes/imagenes/44930/44930_01.jpg,Descargada
44930,MERCEDES-BENZ GLC 300 2023,2,No,https://krediautomzt.mx/wp-content/uploads/2026/07/WhatsApp-Image-2026-07-24-at-12.47.14-PM-1-1.jpeg,krediauto-imagenes/imagenes/44930/44930_02.jpeg,Descargada
44930,MERCEDES-BENZ GLC 300 2023,3,No,https://krediautomzt.mx/wp-content/uploads/2026/07/WhatsApp-Image-2026-07-24-at-12.47.15-PM-4-1.jpeg,krediauto-imagenes/imagenes/44930/44930_03.jpeg,Descargada
44930,MERCEDES-BENZ GLC 300 2023,4,No,https://krediautomzt.mx/wp-content/uploads/2026/07/WhatsApp-Image-2026-07-24-at-12.47.14-PM-2-1.jpeg,krediauto-imagenes/imagenes/44930/44930_04.jpeg,Descargada
44930,MERCEDES-BENZ GLC 300 2023,5,No,https://krediautomzt.mx/wp-content/uploads/2026/07/WhatsApp-Image-2026-07-24-at-12.47.14-PM-3-1.jpeg,krediauto-imagenes/imagenes/44930/44930_05.jpeg,Descargada
44930,MERCEDES-BENZ GLC 300 2023,6,No,https://krediautomzt.mx/wp-content/uploads/2026/07/WhatsApp-Image-2026-07-24-at-12.47.14-PM-4-1.jpeg,krediauto-imagenes/imagenes/44930/44930_06.jpeg,Descargada
44930,MERCEDES-BENZ GLC 300 2023,7,No,https://krediautomzt.mx/wp-content/uploads/2026/07/WhatsApp-Image-2026-07-24-at-12.47.14-PM-5-1.jpeg,krediauto-imagenes/imagenes/44930/44930_07.jpeg,Descargada
44930,MERCEDES-BENZ GLC 300 2023,8,No,https://krediautomzt.mx/wp-content/uploads/2026/07/WhatsApp-Image-2026-07-24-at-12.47.14-PM-6.jpeg,krediauto-imagenes/imagenes/44930/44930_08.jpeg,Descargada
44930,MERCEDES-BENZ GLC 300 2023,9,No,https://krediautomzt.mx/wp-content/uploads/2026/07/WhatsApp-Image-2026-07-24-at-12.47.15-PM-1-1.jpeg,krediauto-imagenes/imagenes/44930/44930_09.jpeg,Descargada
44930,MERCEDES-BENZ GLC 300 2023,10,No,https://krediautomzt.mx/wp-content/uploads/2026/07/WhatsApp-Image-2026-07-24-at-12.47.15-PM-2-1.jpeg,krediauto-imagenes/imagenes/44930/44930_10.jpeg,Descargada
44930,MERCEDES-BENZ GLC 300 2023,11,No,https://krediautomzt.mx/wp-content/uploads/2026/07/WhatsApp-Image-2026-07-24-at-12.47.15-PM-3-1.jpeg,krediauto-imagenes/imagenes/44930/44930_11.jpeg,Descargada
44930,MERCEDES-BENZ GLC 300 2023,12,No,https://krediautomzt.mx/wp-content/uploads/2026/07/WhatsApp-Image-2026-07-24-at-12.47.15-PM-6.jpeg,krediauto-imagenes/imagenes/44930/44930_12.jpeg,Descargada
44969,DODGE JOURNEY GT PLUS 2024,1,Sí,https://krediautomzt.mx/wp-content/uploads/2026/07/1ec46aa3-c987-4f51-96c0-5d1ebf6fd484.jpg,krediauto-imagenes/imagenes/44969/44969_01.jpg,Descargada
44969,DODGE JOURNEY GT PLUS 2024,2,No,https://krediautomzt.mx/wp-content/uploads/2026/07/WhatsApp-Image-2026-07-23-at-5.44.37-PM.jpeg,krediauto-imagenes/imagenes/44969/44969_02.jpeg,Descargada
44969,DODGE JOURNEY GT PLUS 2024,3,No,https://krediautomzt.mx/wp-content/uploads/2026/07/WhatsApp-Image-2026-07-23-at-5.44.39-PM.jpeg,krediauto-imagenes/imagenes/44969/44969_03.jpeg,Descargada
44969,DODGE JOURNEY GT PLUS 2024,4,No,https://krediautomzt.mx/wp-content/uploads/2026/07/WhatsApp-Image-2026-07-23-at-5.44.37-PM-1.jpeg,krediauto-imagenes/imagenes/44969/44969_04.jpeg,Descargada
44969,DODGE JOURNEY GT PLUS 2024,5,No,https://krediautomzt.mx/wp-content/uploads/2026/07/WhatsApp-Image-2026-07-23-at-5.44.38-PM-1.jpeg,krediauto-imagenes/imagenes/44969/44969_05.jpeg,Descargada
44969,DODGE JOURNEY GT PLUS 2024,6,No,https://krediautomzt.mx/wp-content/uploads/2026/07/WhatsApp-Image-2026-07-23-at-5.44.38-PM-2.jpeg,krediauto-imagenes/imagenes/44969/44969_06.jpeg,Descargada
44969,DODGE JOURNEY GT PLUS 2024,7,No,https://krediautomzt.mx/wp-content/uploads/2026/07/WhatsApp-Image-2026-07-23-at-5.44.38-PM-4.jpeg,krediauto-imagenes/imagenes/44969/44969_07.jpeg,Descargada
44969,DODGE JOURNEY GT PLUS 2024,8,No,https://krediautomzt.mx/wp-content/uploads/2026/07/WhatsApp-Image-2026-07-23-at-5.44.38-PM-5.jpeg,krediauto-imagenes/imagenes/44969/44969_08.jpeg,Descargada
44969,DODGE JOURNEY GT PLUS 2024,9,No,https://krediautomzt.mx/wp-content/uploads/2026/07/WhatsApp-Image-2026-07-23-at-5.44.39-PM-1.jpeg,krediauto-imagenes/imagenes/44969/44969_09.jpeg,Descargada
45065,CHEVROLET AVEO LT AUT 2024,1,Sí,https://krediautomzt.mx/wp-content/uploads/2026/07/3942ba8b-b65f-4e88-a8b6-d3207db0059e.jpg,krediauto-imagenes/imagenes/45065/45065_01.jpg,Descargada
45065,CHEVROLET AVEO LT AUT 2024,2,No,https://krediautomzt.mx/wp-content/uploads/2026/07/WhatsApp-Image-2026-07-20-at-10.40.13-AM-5.jpeg,krediauto-imagenes/imagenes/45065/45065_02.jpeg,Descargada
45065,CHEVROLET AVEO LT AUT 2024,3,No,https://krediautomzt.mx/wp-content/uploads/2026/07/WhatsApp-Image-2026-07-20-at-10.40.13-AM-2.jpeg,krediauto-imagenes/imagenes/45065/45065_03.jpeg,Descargada
45065,CHEVROLET AVEO LT AUT 2024,4,No,https://krediautomzt.mx/wp-content/uploads/2026/07/WhatsApp-Image-2026-07-20-at-10.40.13-AM-3.jpeg,krediauto-imagenes/imagenes/45065/45065_04.jpeg,Descargada
45065,CHEVROLET AVEO LT AUT 2024,5,No,https://krediautomzt.mx/wp-content/uploads/2026/07/WhatsApp-Image-2026-07-20-at-10.40.13-AM-4.jpeg,krediauto-imagenes/imagenes/45065/45065_05.jpeg,Descargada
45065,CHEVROLET AVEO LT AUT 2024,6,No,https://krediautomzt.mx/wp-content/uploads/2026/07/WhatsApp-Image-2026-07-20-at-10.40.14-AM.jpeg,krediauto-imagenes/imagenes/45065/45065_06.jpeg,Descargada
45065,CHEVROLET AVEO LT AUT 2024,7,No,https://krediautomzt.mx/wp-content/uploads/2026/07/5ebb79ca-77f0-49c2-be79-43bf291db16c.jpg,krediauto-imagenes/imagenes/45065/45065_07.jpg,Descargada
45065,CHEVROLET AVEO LT AUT 2024,8,No,https://krediautomzt.mx/wp-content/uploads/2026/07/3942ba8b-b65f-4e88-a8b6-d3207db0059e-1.jpg,krediauto-imagenes/imagenes/45065/45065_08.jpg,Descargada
45104,RAM 700 SLT CABINA SENCILLA STD 2023,1,Sí,https://krediautomzt.mx/wp-content/uploads/2026/08/ace311f2-db97-4092-afc6-9bc75e572c47.jpg,krediauto-imagenes/imagenes/45104/45104_01.jpg,Descargada
45104,RAM 700 SLT CABINA SENCILLA STD 2023,2,No,https://krediautomzt.mx/wp-content/uploads/2026/08/WhatsApp-Image-2026-07-31-at-11.39.59-AM-3.jpeg,krediauto-imagenes/imagenes/45104/45104_02.jpeg,Descargada
45104,RAM 700 SLT CABINA SENCILLA STD 2023,3,No,https://krediautomzt.mx/wp-content/uploads/2026/08/WhatsApp-Image-2026-07-31-at-11.39.58-AM.jpeg,krediauto-imagenes/imagenes/45104/45104_03.jpeg,Descargada
45104,RAM 700 SLT CABINA SENCILLA STD 2023,4,No,https://krediautomzt.mx/wp-content/uploads/2026/08/WhatsApp-Image-2026-07-31-at-11.39.58-AM-1.jpeg,krediauto-imagenes/imagenes/45104/45104_04.jpeg,Descargada
45104,RAM 700 SLT CABINA SENCILLA STD 2023,5,No,https://krediautomzt.mx/wp-content/uploads/2026/08/WhatsApp-Image-2026-07-31-at-11.39.59-AM.jpeg,krediauto-imagenes/imagenes/45104/45104_05.jpeg,Descargada
45104,RAM 700 SLT CABINA SENCILLA STD 2023,6,No,https://krediautomzt.mx/wp-content/uploads/2026/08/WhatsApp-Image-2026-07-31-at-11.39.59-AM-1.jpeg,krediauto-imagenes/imagenes/45104/45104_06.jpeg,Descargada
45104,RAM 700 SLT CABINA SENCILLA STD 2023,7,No,https://krediautomzt.mx/wp-content/uploads/2026/08/WhatsApp-Image-2026-07-31-at-11.39.59-AM-2.jpeg,krediauto-imagenes/imagenes/45104/45104_07.jpeg,Descargada
45104,RAM 700 SLT CABINA SENCILLA STD 2023,8,No,https://krediautomzt.mx/wp-content/uploads/2026/08/WhatsApp-Image-2026-07-31-at-11.39.59-AM-4.jpeg,krediauto-imagenes/imagenes/45104/45104_08.jpeg,Descargada
45104,RAM 700 SLT CABINA SENCILLA STD 2023,9,No,https://krediautomzt.mx/wp-content/uploads/2026/08/WhatsApp-Image-2026-07-31-at-11.39.59-AM-5.jpeg,krediauto-imagenes/imagenes/45104/45104_09.jpeg,Descargada
45122,MAZDA 2 I SPORT AUTOMATICO 2025,1,Sí,https://krediautomzt.mx/wp-content/uploads/2026/08/fec3e8ef-fd14-472a-afc6-a5f06a558056.jpg,krediauto-imagenes/imagenes/45122/45122_01.jpg,Descargada
45122,MAZDA 2 I SPORT AUTOMATICO 2025,2,No,https://krediautomzt.mx/wp-content/uploads/2026/08/WhatsApp-Image-2026-08-05-at-6.43.43-PM.jpeg,krediauto-imagenes/imagenes/45122/45122_02.jpeg,Descargada
45122,MAZDA 2 I SPORT AUTOMATICO 2025,3,No,https://krediautomzt.mx/wp-content/uploads/2026/08/WhatsApp-Image-2026-08-05-at-6.43.44-PM-1.jpeg,krediauto-imagenes/imagenes/45122/45122_03.jpeg,Descargada
45122,MAZDA 2 I SPORT AUTOMATICO 2025,4,No,https://krediautomzt.mx/wp-content/uploads/2026/08/WhatsApp-Image-2026-08-05-at-6.43.45-PM-1.jpeg,krediauto-imagenes/imagenes/45122/45122_04.jpeg,Descargada
45122,MAZDA 2 I SPORT AUTOMATICO 2025,5,No,https://krediautomzt.mx/wp-content/uploads/2026/08/WhatsApp-Image-2026-08-05-at-6.43.44-PM-2.jpeg,krediauto-imagenes/imagenes/45122/45122_05.jpeg,Descargada
45122,MAZDA 2 I SPORT AUTOMATICO 2025,6,No,https://krediautomzt.mx/wp-content/uploads/2026/08/WhatsApp-Image-2026-08-05-at-6.43.44-PM-3.jpeg,krediauto-imagenes/imagenes/45122/45122_06.jpeg,Descargada
45122,MAZDA 2 I SPORT AUTOMATICO 2025,7,No,https://krediautomzt.mx/wp-content/uploads/2026/08/WhatsApp-Image-2026-08-05-at-6.43.44-PM-4.jpeg,krediauto-imagenes/imagenes/45122/45122_07.jpeg,Descargada
45122,MAZDA 2 I SPORT AUTOMATICO 2025,8,No,https://krediautomzt.mx/wp-content/uploads/2026/08/WhatsApp-Image-2026-08-05-at-6.43.44-PM-5.jpeg,krediauto-imagenes/imagenes/45122/45122_08.jpeg,Descargada
45122,MAZDA 2 I SPORT AUTOMATICO 2025,9,No,https://krediautomzt.mx/wp-content/uploads/2026/08/WhatsApp-Image-2026-08-05-at-6.43.44-PM.jpeg,krediauto-imagenes/imagenes/45122/45122_09.jpeg,Descargada
45122,MAZDA 2 I SPORT AUTOMATICO 2025,10,No,https://krediautomzt.mx/wp-content/uploads/2026/08/WhatsApp-Image-2026-08-05-at-6.43.45-PM-4.jpeg,krediauto-imagenes/imagenes/45122/45122_10.jpeg,Descargada
45122,MAZDA 2 I SPORT AUTOMATICO 2025,11,No,https://krediautomzt.mx/wp-content/uploads/2026/08/WhatsApp-Image-2026-08-05-at-6.43.45-PM-2.jpeg,krediauto-imagenes/imagenes/45122/45122_11.jpeg,Descargada
45122,MAZDA 2 I SPORT AUTOMATICO 2025,12,No,https://krediautomzt.mx/wp-content/uploads/2026/08/WhatsApp-Image-2026-08-05-at-6.43.45-PM-3.jpeg,krediauto-imagenes/imagenes/45122/45122_12.jpeg,Descargada
45122,MAZDA 2 I SPORT AUTOMATICO 2025,13,No,https://krediautomzt.mx/wp-content/uploads/2026/08/WhatsApp-Image-2026-08-05-at-6.43.45-PM.jpeg,krediauto-imagenes/imagenes/45122/45122_13.jpeg,Descargada
45136,CHEVROLET CAPTIVA LT 7 PASAJEROS 2023 ROJA AUT,1,Sí,https://krediautomzt.mx/wp-content/uploads/2026/08/d40bdfef-1004-42f1-934f-9dd342ee611d.jpg,krediauto-imagenes/imagenes/45136/45136_01.jpg,Descargada
45136,CHEVROLET CAPTIVA LT 7 PASAJEROS 2023 ROJA AUT,2,No,https://krediautomzt.mx/wp-content/uploads/2026/08/WhatsApp-Image-2026-08-05-at-6.43.54-PM-1.jpeg,krediauto-imagenes/imagenes/45136/45136_02.jpeg,Descargada
45136,CHEVROLET CAPTIVA LT 7 PASAJEROS 2023 ROJA AUT,3,No,https://krediautomzt.mx/wp-content/uploads/2026/08/WhatsApp-Image-2026-08-05-at-6.43.56-PM-2.jpeg,krediauto-imagenes/imagenes/45136/45136_03.jpeg,Descargada
45136,CHEVROLET CAPTIVA LT 7 PASAJEROS 2023 ROJA AUT,4,No,https://krediautomzt.mx/wp-content/uploads/2026/08/WhatsApp-Image-2026-08-05-at-6.43.54-PM-2.jpeg,krediauto-imagenes/imagenes/45136/45136_04.jpeg,Descargada
45136,CHEVROLET CAPTIVA LT 7 PASAJEROS 2023 ROJA AUT,5,No,https://krediautomzt.mx/wp-content/uploads/2026/08/WhatsApp-Image-2026-08-05-at-6.43.54-PM.jpeg,krediauto-imagenes/imagenes/45136/45136_05.jpeg,Descargada
45136,CHEVROLET CAPTIVA LT 7 PASAJEROS 2023 ROJA AUT,6,No,https://krediautomzt.mx/wp-content/uploads/2026/08/WhatsApp-Image-2026-08-05-at-6.43.55-PM-1.jpeg,krediauto-imagenes/imagenes/45136/45136_06.jpeg,Descargada
45136,CHEVROLET CAPTIVA LT 7 PASAJEROS 2023 ROJA AUT,7,No,https://krediautomzt.mx/wp-content/uploads/2026/08/WhatsApp-Image-2026-08-05-at-6.43.55-PM-2.jpeg,krediauto-imagenes/imagenes/45136/45136_07.jpeg,Descargada
45136,CHEVROLET CAPTIVA LT 7 PASAJEROS 2023 ROJA AUT,8,No,https://krediautomzt.mx/wp-content/uploads/2026/08/WhatsApp-Image-2026-08-05-at-6.43.55-PM-3.jpeg,krediauto-imagenes/imagenes/45136/45136_08.jpeg,Descargada
45136,CHEVROLET CAPTIVA LT 7 PASAJEROS 2023 ROJA AUT,9,No,https://krediautomzt.mx/wp-content/uploads/2026/08/WhatsApp-Image-2026-08-05-at-6.43.55-PM-4.jpeg,krediauto-imagenes/imagenes/45136/45136_09.jpeg,Descargada
45136,CHEVROLET CAPTIVA LT 7 PASAJEROS 2023 ROJA AUT,10,No,https://krediautomzt.mx/wp-content/uploads/2026/08/WhatsApp-Image-2026-08-05-at-6.43.55-PM.jpeg,krediauto-imagenes/imagenes/45136/45136_10.jpeg,Descargada
45136,CHEVROLET CAPTIVA LT 7 PASAJEROS 2023 ROJA AUT,11,No,https://krediautomzt.mx/wp-content/uploads/2026/08/WhatsApp-Image-2026-08-05-at-6.43.56-PM-1.jpeg,krediauto-imagenes/imagenes/45136/45136_11.jpeg,Descargada
45136,CHEVROLET CAPTIVA LT 7 PASAJEROS 2023 ROJA AUT,12,No,https://krediautomzt.mx/wp-content/uploads/2026/08/WhatsApp-Image-2026-08-05-at-6.43.56-PM.jpeg,krediauto-imagenes/imagenes/45136/45136_12.jpeg,Descargada
45149,NISSAN KICKS ADVANCE AUT 2023,1,Sí,https://krediautomzt.mx/wp-content/uploads/2026/08/98ab25db-7dd4-4d07-9993-ea5a57cb2098.jpg,krediauto-imagenes/imagenes/45149/45149_01.jpg,Descargada
45149,NISSAN KICKS ADVANCE AUT 2023,2,No,https://krediautomzt.mx/wp-content/uploads/2026/08/WhatsApp-Image-2026-08-06-at-5.03.10-PM-1.jpeg,krediauto-imagenes/imagenes/45149/45149_02.jpeg,Descargada
45149,NISSAN KICKS ADVANCE AUT 2023,3,No,https://krediautomzt.mx/wp-content/uploads/2026/08/WhatsApp-Image-2026-08-06-at-5.03.11-PM-2.jpeg,krediauto-imagenes/imagenes/45149/45149_03.jpeg,Descargada
45149,NISSAN KICKS ADVANCE AUT 2023,4,No,https://krediautomzt.mx/wp-content/uploads/2026/08/WhatsApp-Image-2026-08-06-at-5.03.10-PM-2.jpeg,krediauto-imagenes/imagenes/45149/45149_04.jpeg,Descargada
45149,NISSAN KICKS ADVANCE AUT 2023,5,No,https://krediautomzt.mx/wp-content/uploads/2026/08/WhatsApp-Image-2026-08-06-at-5.03.10-PM-3.jpeg,krediauto-imagenes/imagenes/45149/45149_05.jpeg,Descargada
45149,NISSAN KICKS ADVANCE AUT 2023,6,No,https://krediautomzt.mx/wp-content/uploads/2026/08/WhatsApp-Image-2026-08-06-at-5.03.10-PM-4.jpeg,krediauto-imagenes/imagenes/45149/45149_06.jpeg,Descargada
45149,NISSAN KICKS ADVANCE AUT 2023,7,No,https://krediautomzt.mx/wp-content/uploads/2026/08/WhatsApp-Image-2026-08-06-at-5.03.10-PM.jpeg,krediauto-imagenes/imagenes/45149/45149_07.jpeg,Descargada
45149,NISSAN KICKS ADVANCE AUT 2023,8,No,https://krediautomzt.mx/wp-content/uploads/2026/08/WhatsApp-Image-2026-08-06-at-5.03.11-PM-1.jpeg,krediauto-imagenes/imagenes/45149/45149_08.jpeg,Descargada
45149,NISSAN KICKS ADVANCE AUT 2023,9,No,https://krediautomzt.mx/wp-content/uploads/2026/08/WhatsApp-Image-2026-08-06-at-5.03.11-PM-3.jpeg,krediauto-imagenes/imagenes/45149/45149_09.jpeg,Descargada
45149,NISSAN KICKS ADVANCE AUT 2023,10,No,https://krediautomzt.mx/wp-content/uploads/2026/08/WhatsApp-Image-2026-08-06-at-5.03.11-PM-4.jpeg,krediauto-imagenes/imagenes/45149/45149_10.jpeg,Descargada
45149,NISSAN KICKS ADVANCE AUT 2023,11,No,https://krediautomzt.mx/wp-content/uploads/2026/08/WhatsApp-Image-2026-08-06-at-5.03.12-PM.jpeg,krediauto-imagenes/imagenes/45149/45149_11.jpeg,Descargada
45149,NISSAN KICKS ADVANCE AUT 2023,12,No,https://krediautomzt.mx/wp-content/uploads/2026/08/WhatsApp-Image-2026-08-06-at-5.03.11-PM.jpeg,krediauto-imagenes/imagenes/45149/45149_12.jpeg,Descargada
45201,KIA RIO EX HB AUT 2022,1,Sí,https://krediautomzt.mx/wp-content/uploads/2026/08/46472b8b-5e7f-4105-b9e4-56e2005fe31a.jpg,krediauto-imagenes/imagenes/45201/45201_01.jpg,Descargada
45201,KIA RIO EX HB AUT 2022,2,No,https://krediautomzt.mx/wp-content/uploads/2026/08/WhatsApp-Image-2026-08-10-at-5.41.13-PM.jpeg,krediauto-imagenes/imagenes/45201/45201_02.jpeg,Descargada
45201,KIA RIO EX HB AUT 2022,3,No,https://krediautomzt.mx/wp-content/uploads/2026/08/WhatsApp-Image-2026-08-10-at-5.41.11-PM-1.jpeg,krediauto-imagenes/imagenes/45201/45201_03.jpeg,Descargada
45201,KIA RIO EX HB AUT 2022,4,No,https://krediautomzt.mx/wp-content/uploads/2026/08/WhatsApp-Image-2026-08-10-at-5.41.11-PM.jpeg,krediauto-imagenes/imagenes/45201/45201_04.jpeg,Descargada
45201,KIA RIO EX HB AUT 2022,5,No,https://krediautomzt.mx/wp-content/uploads/2026/08/WhatsApp-Image-2026-08-10-at-5.41.12-PM-2.jpeg,krediauto-imagenes/imagenes/45201/45201_05.jpeg,Descargada
45201,KIA RIO EX HB AUT 2022,6,No,https://krediautomzt.mx/wp-content/uploads/2026/08/WhatsApp-Image-2026-08-10-at-5.41.12-PM-3.jpeg,krediauto-imagenes/imagenes/45201/45201_06.jpeg,Descargada
45201,KIA RIO EX HB AUT 2022,7,No,https://krediautomzt.mx/wp-content/uploads/2026/08/WhatsApp-Image-2026-08-10-at-5.41.12-PM.jpeg,krediauto-imagenes/imagenes/45201/45201_07.jpeg,Descargada
45201,KIA RIO EX HB AUT 2022,8,No,https://krediautomzt.mx/wp-content/uploads/2026/08/WhatsApp-Image-2026-08-10-at-5.41.13-PM-1.jpeg,krediauto-imagenes/imagenes/45201/45201_08.jpeg,Descargada
45201,KIA RIO EX HB AUT 2022,9,No,https://krediautomzt.mx/wp-content/uploads/2026/08/WhatsApp-Image-2026-08-10-at-5.41.13-PM-3.jpeg,krediauto-imagenes/imagenes/45201/45201_09.jpeg,Descargada
45201,KIA RIO EX HB AUT 2022,10,No,https://krediautomzt.mx/wp-content/uploads/2026/08/WhatsApp-Image-2026-08-10-at-5.41.13-PM-2.jpeg,krediauto-imagenes/imagenes/45201/45201_10.jpeg,Descargada
45201,KIA RIO EX HB AUT 2022,11,No,https://krediautomzt.mx/wp-content/uploads/2026/08/WhatsApp-Image-2026-08-10-at-5.41.12-PM-4.jpeg,krediauto-imagenes/imagenes/45201/45201_11.jpeg,Descargada
45201,KIA RIO EX HB AUT 2022,12,No,https://krediautomzt.mx/wp-content/uploads/2026/08/WhatsApp-Image-2026-08-10-at-5.41.12-PM-1.jpeg,krediauto-imagenes/imagenes/45201/45201_12.jpeg,Descargada
45287,RENAULT KWID BITONO TM 2025,1,Sí,https://krediautomzt.mx/wp-content/uploads/2026/08/4980a081-912d-41b5-a489-54c39132c6fe.jpg,krediauto-imagenes/imagenes/45287/45287_01.jpg,Descargada
45287,RENAULT KWID BITONO TM 2025,2,No,https://krediautomzt.mx/wp-content/uploads/2026/08/WhatsApp-Image-2026-08-12-at-10.23.31-AM-4.jpeg,krediauto-imagenes/imagenes/45287/45287_02.jpeg,Descargada
45287,RENAULT KWID BITONO TM 2025,3,No,https://krediautomzt.mx/wp-content/uploads/2026/08/WhatsApp-Image-2026-08-12-at-10.23.31-AM.jpeg,krediauto-imagenes/imagenes/45287/45287_03.jpeg,Descargada
45287,RENAULT KWID BITONO TM 2025,4,No,https://krediautomzt.mx/wp-content/uploads/2026/08/WhatsApp-Image-2026-08-12-at-10.23.31-AM-1.jpeg,krediauto-imagenes/imagenes/45287/45287_04.jpeg,Descargada
45287,RENAULT KWID BITONO TM 2025,5,No,https://krediautomzt.mx/wp-content/uploads/2026/08/WhatsApp-Image-2026-08-12-at-10.23.31-AM-3.jpeg,krediauto-imagenes/imagenes/45287/45287_05.jpeg,Descargada
45287,RENAULT KWID BITONO TM 2025,6,No,https://krediautomzt.mx/wp-content/uploads/2026/08/WhatsApp-Image-2026-08-12-at-10.23.31-AM-2.jpeg,krediauto-imagenes/imagenes/45287/45287_06.jpeg,Descargada
45287,RENAULT KWID BITONO TM 2025,7,No,https://krediautomzt.mx/wp-content/uploads/2026/08/WhatsApp-Image-2026-08-12-at-10.23.32-AM-1.jpeg,krediauto-imagenes/imagenes/45287/45287_07.jpeg,Descargada
45287,RENAULT KWID BITONO TM 2025,8,No,https://krediautomzt.mx/wp-content/uploads/2026/08/WhatsApp-Image-2026-08-12-at-10.23.31-AM-5.jpeg,krediauto-imagenes/imagenes/45287/45287_08.jpeg,Descargada
45287,RENAULT KWID BITONO TM 2025,9,No,https://krediautomzt.mx/wp-content/uploads/2026/08/WhatsApp-Image-2026-08-12-at-10.23.32-AM.jpeg,krediauto-imagenes/imagenes/45287/45287_09.jpeg,Descargada
45287,RENAULT KWID BITONO TM 2025,10,No,https://krediautomzt.mx/wp-content/uploads/2026/08/WhatsApp-Image-2026-08-12-at-10.23.32-AM-3.jpeg,krediauto-imagenes/imagenes/45287/45287_10.jpeg,Descargada
45287,RENAULT KWID BITONO TM 2025,11,No,https://krediautomzt.mx/wp-content/uploads/2026/08/WhatsApp-Image-2026-08-12-at-10.23.32-AM-2.jpeg,krediauto-imagenes/imagenes/45287/45287_11.jpeg,Descargada
45299,MERCEDES BENZ GLC 300 AUT 2021/,1,Sí,https://krediautomzt.mx/wp-content/uploads/2026/08/1a61d972-59a2-4ce7-8fae-73c496ddfa72.jpg,krediauto-imagenes/imagenes/45299/45299_01.jpg,Descargada
45299,MERCEDES BENZ GLC 300 AUT 2021/,2,No,https://krediautomzt.mx/wp-content/uploads/2026/08/WhatsApp-Image-2026-05-18-at-3.26.13-PM-1.jpeg,krediauto-imagenes/imagenes/45299/45299_02.jpeg,Descargada
45299,MERCEDES BENZ GLC 300 AUT 2021/,3,No,https://krediautomzt.mx/wp-content/uploads/2026/08/WhatsApp-Image-2026-05-18-at-3.26.14-PM-3.jpeg,krediauto-imagenes/imagenes/45299/45299_03.jpeg,Descargada
45299,MERCEDES BENZ GLC 300 AUT 2021/,4,No,https://krediautomzt.mx/wp-content/uploads/2026/08/WhatsApp-Image-2026-05-18-at-3.26.13-PM-2.jpeg,krediauto-imagenes/imagenes/45299/45299_04.jpeg,Descargada
45299,MERCEDES BENZ GLC 300 AUT 2021/,5,No,https://krediautomzt.mx/wp-content/uploads/2026/08/WhatsApp-Image-2026-05-18-at-3.26.13-PM-3.jpeg,krediauto-imagenes/imagenes/45299/45299_05.jpeg,Descargada
45299,MERCEDES BENZ GLC 300 AUT 2021/,6,No,https://krediautomzt.mx/wp-content/uploads/2026/08/WhatsApp-Image-2026-05-18-at-3.26.13-PM.jpeg,krediauto-imagenes/imagenes/45299/45299_06.jpeg,Descargada
45299,MERCEDES BENZ GLC 300 AUT 2021/,7,No,https://krediautomzt.mx/wp-content/uploads/2026/08/WhatsApp-Image-2026-05-18-at-3.26.14-PM-1.jpeg,krediauto-imagenes/imagenes/45299/45299_07.jpeg,Descargada
45299,MERCEDES BENZ GLC 300 AUT 2021/,8,No,https://krediautomzt.mx/wp-content/uploads/2026/08/WhatsApp-Image-2026-05-18-at-3.26.14-PM-2.jpeg,krediauto-imagenes/imagenes/45299/45299_08.jpeg,Descargada
45299,MERCEDES BENZ GLC 300 AUT 2021/,9,No,https://krediautomzt.mx/wp-content/uploads/2026/08/WhatsApp-Image-2026-05-18-at-3.26.14-PM.jpeg,krediauto-imagenes/imagenes/45299/45299_09.jpeg,Descargada
45299,MERCEDES BENZ GLC 300 AUT 2021/,10,No,https://krediautomzt.mx/wp-content/uploads/2026/08/WhatsApp-Image-2026-05-18-at-3.26.14-PM-4.jpeg,krediauto-imagenes/imagenes/45299/45299_10.jpeg,Descargada
45310,KIA K3 L 2025 AUT,1,Sí,https://krediautomzt.mx/wp-content/uploads/2026/08/8c30a6be-a9a8-486a-a0a0-ffbbd21ae477.jpg,krediauto-imagenes/imagenes/45310/45310_01.jpg,Descargada
45310,KIA K3 L 2025 AUT,2,No,https://krediautomzt.mx/wp-content/uploads/2026/08/WhatsApp-Image-2026-08-13-at-6.50.46-PM-1.jpeg,krediauto-imagenes/imagenes/45310/45310_02.jpeg,Descargada
45310,KIA K3 L 2025 AUT,3,No,https://krediautomzt.mx/wp-content/uploads/2026/08/WhatsApp-Image-2026-08-13-at-6.50.44-PM-1.jpeg,krediauto-imagenes/imagenes/45310/45310_03.jpeg,Descargada
45310,KIA K3 L 2025 AUT,4,No,https://krediautomzt.mx/wp-content/uploads/2026/08/WhatsApp-Image-2026-08-13-at-6.50.44-PM.jpeg,krediauto-imagenes/imagenes/45310/45310_04.jpeg,Descargada
45310,KIA K3 L 2025 AUT,5,No,https://krediautomzt.mx/wp-content/uploads/2026/08/WhatsApp-Image-2026-08-13-at-6.50.45-PM-2.jpeg,krediauto-imagenes/imagenes/45310/45310_05.jpeg,Descargada
45310,KIA K3 L 2025 AUT,6,No,https://krediautomzt.mx/wp-content/uploads/2026/08/WhatsApp-Image-2026-08-13-at-6.50.45-PM-3.jpeg,krediauto-imagenes/imagenes/45310/45310_06.jpeg,Descargada
45310,KIA K3 L 2025 AUT,7,No,https://krediautomzt.mx/wp-content/uploads/2026/08/WhatsApp-Image-2026-08-13-at-6.50.45-PM.jpeg,krediauto-imagenes/imagenes/45310/45310_07.jpeg,Descargada
45310,KIA K3 L 2025 AUT,8,No,https://krediautomzt.mx/wp-content/uploads/2026/08/WhatsApp-Image-2026-08-13-at-6.50.45-PM-1.jpeg,krediauto-imagenes/imagenes/45310/45310_08.jpeg,Descargada
45310,KIA K3 L 2025 AUT,9,No,https://krediautomzt.mx/wp-content/uploads/2026/08/WhatsApp-Image-2026-08-13-at-6.50.45-PM-4.jpeg,krediauto-imagenes/imagenes/45310/45310_09.jpeg,Descargada
45310,KIA K3 L 2025 AUT,10,No,https://krediautomzt.mx/wp-content/uploads/2026/08/WhatsApp-Image-2026-08-13-at-6.50.46-PM.jpeg,krediauto-imagenes/imagenes/45310/45310_10.jpeg,Descargada
45310,KIA K3 L 2025 AUT,11,No,https://krediautomzt.mx/wp-content/uploads/2026/08/WhatsApp-Image-2026-08-13-at-6.50.46-PM-2.jpeg,krediauto-imagenes/imagenes/45310/45310_11.jpeg,Descargada
45310,KIA K3 L 2025 AUT,12,No,https://krediautomzt.mx/wp-content/uploads/2026/08/WhatsApp-Image-2026-08-13-at-6.50.46-PM-3.jpeg,krediauto-imagenes/imagenes/45310/45310_12.jpeg,Descargada
45323,MERCEDES BENZ GLC 43 4MATIC AUT 2023,1,Sí,https://krediautomzt.mx/wp-content/uploads/2026/08/9d14b7a4-3b40-40dd-9e5d-aeeb7c6e55ca.jpg,krediauto-imagenes/imagenes/45323/45323_01.jpg,Descargada
45323,MERCEDES BENZ GLC 43 4MATIC AUT 2023,2,No,https://krediautomzt.mx/wp-content/uploads/2026/08/WhatsApp-Image-2026-08-13-at-5.34.25-PM.jpeg,krediauto-imagenes/imagenes/45323/45323_02.jpeg,Descargada
45323,MERCEDES BENZ GLC 43 4MATIC AUT 2023,3,No,https://krediautomzt.mx/wp-content/uploads/2026/08/WhatsApp-Image-2026-08-13-at-5.34.28-PM.jpeg,krediauto-imagenes/imagenes/45323/45323_03.jpeg,Descargada
45323,MERCEDES BENZ GLC 43 4MATIC AUT 2023,4,No,https://krediautomzt.mx/wp-content/uploads/2026/08/WhatsApp-Image-2026-08-13-at-5.34.26-PM-1.jpeg,krediauto-imagenes/imagenes/45323/45323_04.jpeg,Descargada
45323,MERCEDES BENZ GLC 43 4MATIC AUT 2023,5,No,https://krediautomzt.mx/wp-content/uploads/2026/08/WhatsApp-Image-2026-08-13-at-5.34.26-PM-2.jpeg,krediauto-imagenes/imagenes/45323/45323_05.jpeg,Descargada
45323,MERCEDES BENZ GLC 43 4MATIC AUT 2023,6,No,https://krediautomzt.mx/wp-content/uploads/2026/08/WhatsApp-Image-2026-08-13-at-5.34.26-PM.jpeg,krediauto-imagenes/imagenes/45323/45323_06.jpeg,Descargada
45323,MERCEDES BENZ GLC 43 4MATIC AUT 2023,7,No,https://krediautomzt.mx/wp-content/uploads/2026/08/WhatsApp-Image-2026-08-13-at-5.34.27-PM-1.jpeg,krediauto-imagenes/imagenes/45323/45323_07.jpeg,Descargada
45323,MERCEDES BENZ GLC 43 4MATIC AUT 2023,8,No,https://krediautomzt.mx/wp-content/uploads/2026/08/WhatsApp-Image-2026-08-13-at-5.34.27-PM-2.jpeg,krediauto-imagenes/imagenes/45323/45323_08.jpeg,Descargada
45323,MERCEDES BENZ GLC 43 4MATIC AUT 2023,9,No,https://krediautomzt.mx/wp-content/uploads/2026/08/WhatsApp-Image-2026-08-13-at-5.34.27-PM-3.jpeg,krediauto-imagenes/imagenes/45323/45323_09.jpeg,Descargada
45323,MERCEDES BENZ GLC 43 4MATIC AUT 2023,10,No,https://krediautomzt.mx/wp-content/uploads/2026/08/WhatsApp-Image-2026-08-13-at-5.34.27-PM-4.jpeg,krediauto-imagenes/imagenes/45323/45323_10.jpeg,Descargada
45323,MERCEDES BENZ GLC 43 4MATIC AUT 2023,11,No,https://krediautomzt.mx/wp-content/uploads/2026/08/WhatsApp-Image-2026-08-13-at-5.34.27-PM.jpeg,krediauto-imagenes/imagenes/45323/45323_11.jpeg,Descargada
45323,MERCEDES BENZ GLC 43 4MATIC AUT 2023,12,No,https://krediautomzt.mx/wp-content/uploads/2026/08/WhatsApp-Image-2026-08-13-at-5.34.28-PM-1.jpeg,krediauto-imagenes/imagenes/45323/45323_12.jpeg,Descargada
45323,MERCEDES BENZ GLC 43 4MATIC AUT 2023,13,No,https://krediautomzt.mx/wp-content/uploads/2026/08/WhatsApp-Image-2026-08-13-at-5.34.28-PM-2.jpeg,krediauto-imagenes/imagenes/45323/45323_13.jpeg,Descargada
45323,MERCEDES BENZ GLC 43 4MATIC AUT 2023,14,No,https://krediautomzt.mx/wp-content/uploads/2026/08/WhatsApp-Image-2026-08-13-at-5.34.28-PM-3.jpeg,krediauto-imagenes/imagenes/45323/45323_14.jpeg,Descargada
45323,MERCEDES BENZ GLC 43 4MATIC AUT 2023,15,No,https://krediautomzt.mx/wp-content/uploads/2026/08/WhatsApp-Image-2026-08-13-at-5.34.31-PM-scaled.jpeg,krediauto-imagenes/imagenes/45323/45323_15.jpeg,Descargada
45366,MAZDA 3 I GRAND TOURING AUT 2021,1,Sí,https://krediautomzt.mx/wp-content/uploads/2026/08/8224e8f6-9e02-467f-9d4a-32ff167a3b2b.jpg,krediauto-imagenes/imagenes/45366/45366_01.jpg,Descargada
45366,MAZDA 3 I GRAND TOURING AUT 2021,2,No,https://krediautomzt.mx/wp-content/uploads/2026/08/WhatsApp-Image-2026-08-14-at-5.58.22-PM-1.jpeg,krediauto-imagenes/imagenes/45366/45366_02.jpeg,Descargada
45366,MAZDA 3 I GRAND TOURING AUT 2021,3,No,https://krediautomzt.mx/wp-content/uploads/2026/08/WhatsApp-Image-2026-08-14-at-5.58.24-PM-2.jpeg,krediauto-imagenes/imagenes/45366/45366_03.jpeg,Descargada
45366,MAZDA 3 I GRAND TOURING AUT 2021,4,No,https://krediautomzt.mx/wp-content/uploads/2026/08/WhatsApp-Image-2026-08-14-at-5.58.22-PM.jpeg,krediauto-imagenes/imagenes/45366/45366_04.jpeg,Descargada
45366,MAZDA 3 I GRAND TOURING AUT 2021,5,No,https://krediautomzt.mx/wp-content/uploads/2026/08/WhatsApp-Image-2026-08-14-at-5.58.23-PM-1.jpeg,krediauto-imagenes/imagenes/45366/45366_05.jpeg,Descargada
45366,MAZDA 3 I GRAND TOURING AUT 2021,6,No,https://krediautomzt.mx/wp-content/uploads/2026/08/WhatsApp-Image-2026-08-14-at-5.58.23-PM-2.jpeg,krediauto-imagenes/imagenes/45366/45366_06.jpeg,Descargada
45366,MAZDA 3 I GRAND TOURING AUT 2021,7,No,https://krediautomzt.mx/wp-content/uploads/2026/08/WhatsApp-Image-2026-08-14-at-5.58.23-PM.jpeg,krediauto-imagenes/imagenes/45366/45366_07.jpeg,Descargada
45366,MAZDA 3 I GRAND TOURING AUT 2021,8,No,https://krediautomzt.mx/wp-content/uploads/2026/08/WhatsApp-Image-2026-08-14-at-5.58.24-PM-1.jpeg,krediauto-imagenes/imagenes/45366/45366_08.jpeg,Descargada
45366,MAZDA 3 I GRAND TOURING AUT 2021,9,No,https://krediautomzt.mx/wp-content/uploads/2026/08/WhatsApp-Image-2026-08-14-at-5.58.25-PM-1.jpeg,krediauto-imagenes/imagenes/45366/45366_09.jpeg,Descargada
45366,MAZDA 3 I GRAND TOURING AUT 2021,10,No,https://krediautomzt.mx/wp-content/uploads/2026/08/WhatsApp-Image-2026-08-14-at-5.58.24-PM-3.jpeg,krediauto-imagenes/imagenes/45366/45366_10.jpeg,Descargada
45366,MAZDA 3 I GRAND TOURING AUT 2021,11,No,https://krediautomzt.mx/wp-content/uploads/2026/08/WhatsApp-Image-2026-08-14-at-5.58.24-PM.jpeg,krediauto-imagenes/imagenes/45366/45366_11.jpeg,Descargada
45366,MAZDA 3 I GRAND TOURING AUT 2021,12,No,https://krediautomzt.mx/wp-content/uploads/2026/08/WhatsApp-Image-2026-08-14-at-5.58.26-PM.jpeg,krediauto-imagenes/imagenes/45366/45366_12.jpeg,Descargada
45366,MAZDA 3 I GRAND TOURING AUT 2021,13,No,https://krediautomzt.mx/wp-content/uploads/2026/08/WhatsApp-Image-2026-08-14-at-5.58.25-PM.jpeg,krediauto-imagenes/imagenes/45366/45366_13.jpeg,Descargada
45366,MAZDA 3 I GRAND TOURING AUT 2021,14,No,https://krediautomzt.mx/wp-content/uploads/2026/08/WhatsApp-Image-2026-08-14-at-5.58.26-PM-1.jpeg,krediauto-imagenes/imagenes/45366/45366_14.jpeg,Descargada
45381,MAZDA 2 HB I SPORT AUTOMATICO 2023,1,Sí,https://krediautomzt.mx/wp-content/uploads/2026/08/WhatsApp-Image-2026-08-15-at-1.30.46-PM-1.jpeg,krediauto-imagenes/imagenes/45381/45381_01.jpeg,Descargada
45381,MAZDA 2 HB I SPORT AUTOMATICO 2023,2,No,https://krediautomzt.mx/wp-content/uploads/2026/08/WhatsApp-Image-2026-08-15-at-1.18.27-PM-1.jpeg,krediauto-imagenes/imagenes/45381/45381_02.jpeg,Descargada
45381,MAZDA 2 HB I SPORT AUTOMATICO 2023,3,No,https://krediautomzt.mx/wp-content/uploads/2026/08/WhatsApp-Image-2026-08-15-at-1.25.42-PM.jpeg,krediauto-imagenes/imagenes/45381/45381_03.jpeg,Descargada
45381,MAZDA 2 HB I SPORT AUTOMATICO 2023,4,No,https://krediautomzt.mx/wp-content/uploads/2026/08/WhatsApp-Image-2026-08-15-at-1.18.27-PM-2.jpeg,krediauto-imagenes/imagenes/45381/45381_04.jpeg,Descargada
45381,MAZDA 2 HB I SPORT AUTOMATICO 2023,5,No,https://krediautomzt.mx/wp-content/uploads/2026/08/WhatsApp-Image-2026-08-15-at-1.18.27-PM.jpeg,krediauto-imagenes/imagenes/45381/45381_05.jpeg,Descargada
45381,MAZDA 2 HB I SPORT AUTOMATICO 2023,6,No,https://krediautomzt.mx/wp-content/uploads/2026/08/WhatsApp-Image-2026-08-15-at-1.18.28-PM-1.jpeg,krediauto-imagenes/imagenes/45381/45381_06.jpeg,Descargada
45381,MAZDA 2 HB I SPORT AUTOMATICO 2023,7,No,https://krediautomzt.mx/wp-content/uploads/2026/08/WhatsApp-Image-2026-08-15-at-1.18.28-PM.jpeg,krediauto-imagenes/imagenes/45381/45381_07.jpeg,Descargada
45381,MAZDA 2 HB I SPORT AUTOMATICO 2023,8,No,https://krediautomzt.mx/wp-content/uploads/2026/08/WhatsApp-Image-2026-08-15-at-1.23.46-PM.jpeg,krediauto-imagenes/imagenes/45381/45381_08.jpeg,Descargada
45381,MAZDA 2 HB I SPORT AUTOMATICO 2023,9,No,https://krediautomzt.mx/wp-content/uploads/2026/08/WhatsApp-Image-2026-08-15-at-1.24.10-PM.jpeg,krediauto-imagenes/imagenes/45381/45381_09.jpeg,Descargada
45381,MAZDA 2 HB I SPORT AUTOMATICO 2023,10,No,https://krediautomzt.mx/wp-content/uploads/2026/08/WhatsApp-Image-2026-08-15-at-1.24.34-PM.jpeg,krediauto-imagenes/imagenes/45381/45381_10.jpeg,Descargada
45381,MAZDA 2 HB I SPORT AUTOMATICO 2023,11,No,https://krediautomzt.mx/wp-content/uploads/2026/08/WhatsApp-Image-2026-08-15-at-1.24.57-PM.jpeg,krediauto-imagenes/imagenes/45381/45381_11.jpeg,Descargada
45381,MAZDA 2 HB I SPORT AUTOMATICO 2023,12,No,https://krediautomzt.mx/wp-content/uploads/2026/08/WhatsApp-Image-2026-08-15-at-1.26.02-PM.jpeg,krediauto-imagenes/imagenes/45381/45381_12.jpeg,Descargada
45381,MAZDA 2 HB I SPORT AUTOMATICO 2023,13,No,https://krediautomzt.mx/wp-content/uploads/2026/08/WhatsApp-Image-2026-08-15-at-1.30.46-PM.jpeg,krediauto-imagenes/imagenes/45381/45381_13.jpeg,Descargada
45660,MAZDA3 HB GRAND TOURING AUT 2023,1,Sí,https://krediautomzt.mx/wp-content/uploads/2026/08/efde83cc-d908-434a-b075-acfcde56575c.jpg,krediauto-imagenes/imagenes/45660/45660_01.jpg,Descargada
45660,MAZDA3 HB GRAND TOURING AUT 2023,2,No,https://krediautomzt.mx/wp-content/uploads/2026/08/WhatsApp-Image-2026-08-19-at-5.31.28-PM-1.jpeg,krediauto-imagenes/imagenes/45660/45660_02.jpeg,Descargada
45660,MAZDA3 HB GRAND TOURING AUT 2023,3,No,https://krediautomzt.mx/wp-content/uploads/2026/08/WhatsApp-Image-2026-08-19-at-5.31.25-PM.jpeg,krediauto-imagenes/imagenes/45660/45660_03.jpeg,Descargada
45660,MAZDA3 HB GRAND TOURING AUT 2023,4,No,https://krediautomzt.mx/wp-content/uploads/2026/08/WhatsApp-Image-2026-08-19-at-5.31.26-PM-1.jpeg,krediauto-imagenes/imagenes/45660/45660_04.jpeg,Descargada
45660,MAZDA3 HB GRAND TOURING AUT 2023,5,No,https://krediautomzt.mx/wp-content/uploads/2026/08/WhatsApp-Image-2026-08-19-at-5.31.26-PM-2.jpeg,krediauto-imagenes/imagenes/45660/45660_05.jpeg,Descargada
45660,MAZDA3 HB GRAND TOURING AUT 2023,6,No,https://krediautomzt.mx/wp-content/uploads/2026/08/WhatsApp-Image-2026-08-19-at-5.31.26-PM-3.jpeg,krediauto-imagenes/imagenes/45660/45660_06.jpeg,Descargada
45660,MAZDA3 HB GRAND TOURING AUT 2023,7,No,https://krediautomzt.mx/wp-content/uploads/2026/08/WhatsApp-Image-2026-08-19-at-5.31.26-PM.jpeg,krediauto-imagenes/imagenes/45660/45660_07.jpeg,Descargada
45660,MAZDA3 HB GRAND TOURING AUT 2023,8,No,https://krediautomzt.mx/wp-content/uploads/2026/08/WhatsApp-Image-2026-08-19-at-5.31.27-PM-1.jpeg,krediauto-imagenes/imagenes/45660/45660_08.jpeg,Descargada
45660,MAZDA3 HB GRAND TOURING AUT 2023,9,No,https://krediautomzt.mx/wp-content/uploads/2026/08/WhatsApp-Image-2026-08-19-at-5.31.27-PM-2.jpeg,krediauto-imagenes/imagenes/45660/45660_09.jpeg,Descargada
45660,MAZDA3 HB GRAND TOURING AUT 2023,10,No,https://krediautomzt.mx/wp-content/uploads/2026/08/WhatsApp-Image-2026-08-19-at-5.31.27-PM.jpeg,krediauto-imagenes/imagenes/45660/45660_10.jpeg,Descargada
45660,MAZDA3 HB GRAND TOURING AUT 2023,11,No,https://krediautomzt.mx/wp-content/uploads/2026/08/WhatsApp-Image-2026-08-19-at-5.31.28-PM.jpeg,krediauto-imagenes/imagenes/45660/45660_11.jpeg,Descargada
45695,NISSAN SENTRA ADVANCE CVT 2021,1,Sí,https://krediautomzt.mx/wp-content/uploads/2026/08/6a4d440a-a604-48db-a054-1769ea781034.jpg,krediauto-imagenes/imagenes/45695/45695_01.jpg,Descargada
45695,NISSAN SENTRA ADVANCE CVT 2021,2,No,https://krediautomzt.mx/wp-content/uploads/2026/08/WhatsApp-Image-2026-08-20-at-5.50.06-PM-1.jpeg,krediauto-imagenes/imagenes/45695/45695_02.jpeg,Descargada
45695,NISSAN SENTRA ADVANCE CVT 2021,3,No,https://krediautomzt.mx/wp-content/uploads/2026/08/WhatsApp-Image-2026-08-20-at-5.50.06-PM-7.jpeg,krediauto-imagenes/imagenes/45695/45695_03.jpeg,Descargada
45695,NISSAN SENTRA ADVANCE CVT 2021,4,No,https://krediautomzt.mx/wp-content/uploads/2026/08/WhatsApp-Image-2026-08-20-at-5.50.06-PM-2.jpeg,krediauto-imagenes/imagenes/45695/45695_04.jpeg,Descargada
45695,NISSAN SENTRA ADVANCE CVT 2021,5,No,https://krediautomzt.mx/wp-content/uploads/2026/08/WhatsApp-Image-2026-08-20-at-5.50.06-PM-3.jpeg,krediauto-imagenes/imagenes/45695/45695_05.jpeg,Descargada
45695,NISSAN SENTRA ADVANCE CVT 2021,6,No,https://krediautomzt.mx/wp-content/uploads/2026/08/WhatsApp-Image-2026-08-20-at-5.50.06-PM-4.jpeg,krediauto-imagenes/imagenes/45695/45695_06.jpeg,Descargada
45695,NISSAN SENTRA ADVANCE CVT 2021,7,No,https://krediautomzt.mx/wp-content/uploads/2026/08/WhatsApp-Image-2026-08-20-at-5.50.06-PM-5.jpeg,krediauto-imagenes/imagenes/45695/45695_07.jpeg,Descargada
45695,NISSAN SENTRA ADVANCE CVT 2021,8,No,https://krediautomzt.mx/wp-content/uploads/2026/08/WhatsApp-Image-2026-08-20-at-5.50.06-PM-6.jpeg,krediauto-imagenes/imagenes/45695/45695_08.jpeg,Descargada
45695,NISSAN SENTRA ADVANCE CVT 2021,9,No,https://krediautomzt.mx/wp-content/uploads/2026/08/WhatsApp-Image-2026-08-20-at-5.50.06-PM.jpeg,krediauto-imagenes/imagenes/45695/45695_09.jpeg,Descargada
45695,NISSAN SENTRA ADVANCE CVT 2021,10,No,https://krediautomzt.mx/wp-content/uploads/2026/08/WhatsApp-Image-2026-08-20-at-5.50.06-PM-8.jpeg,krediauto-imagenes/imagenes/45695/45695_10.jpeg,Descargada
45695,NISSAN SENTRA ADVANCE CVT 2021,11,No,https://krediautomzt.mx/wp-content/uploads/2026/08/WhatsApp-Image-2026-08-20-at-5.50.06-PM-9.jpeg,krediauto-imagenes/imagenes/45695/45695_11.jpeg,Descargada
45720,FORD TERRITORY AMBIENT 2024 AUT,1,Sí,https://krediautomzt.mx/wp-content/uploads/2026/08/a875a6ea-07c9-4778-8d84-b94f1948ead2.jpg,krediauto-imagenes/imagenes/45720/45720_01.jpg,Descargada
45720,FORD TERRITORY AMBIENT 2024 AUT,2,No,https://krediautomzt.mx/wp-content/uploads/2026/08/WhatsApp-Image-2026-08-20-at-11.04.38-AM.jpeg,krediauto-imagenes/imagenes/45720/45720_02.jpeg,Descargada
45720,FORD TERRITORY AMBIENT 2024 AUT,3,No,https://krediautomzt.mx/wp-content/uploads/2026/08/WhatsApp-Image-2026-08-20-at-11.04.38-AM-1.jpeg,krediauto-imagenes/imagenes/45720/45720_03.jpeg,Descargada
45720,FORD TERRITORY AMBIENT 2024 AUT,4,No,https://krediautomzt.mx/wp-content/uploads/2026/08/WhatsApp-Image-2026-08-20-at-11.04.39-AM.jpeg,krediauto-imagenes/imagenes/45720/45720_04.jpeg,Descargada
45720,FORD TERRITORY AMBIENT 2024 AUT,5,No,https://krediautomzt.mx/wp-content/uploads/2026/08/WhatsApp-Image-2026-08-20-at-11.04.39-AM-1.jpeg,krediauto-imagenes/imagenes/45720/45720_05.jpeg,Descargada
45720,FORD TERRITORY AMBIENT 2024 AUT,6,No,https://krediautomzt.mx/wp-content/uploads/2026/08/WhatsApp-Image-2026-08-20-at-11.04.39-AM-2.jpeg,krediauto-imagenes/imagenes/45720/45720_06.jpeg,Descargada
45720,FORD TERRITORY AMBIENT 2024 AUT,7,No,https://krediautomzt.mx/wp-content/uploads/2026/08/WhatsApp-Image-2026-08-20-at-11.04.40-AM.jpeg,krediauto-imagenes/imagenes/45720/45720_07.jpeg,Descargada
45720,FORD TERRITORY AMBIENT 2024 AUT,8,No,https://krediautomzt.mx/wp-content/uploads/2026/08/WhatsApp-Image-2026-08-20-at-11.04.40-AM-1.jpeg,krediauto-imagenes/imagenes/45720/45720_08.jpeg,Descargada
45720,FORD TERRITORY AMBIENT 2024 AUT,9,No,https://krediautomzt.mx/wp-content/uploads/2026/08/WhatsApp-Image-2026-08-20-at-11.04.41-AM.jpeg,krediauto-imagenes/imagenes/45720/45720_09.jpeg,Descargada
45720,FORD TERRITORY AMBIENT 2024 AUT,10,No,https://krediautomzt.mx/wp-content/uploads/2026/08/WhatsApp-Image-2026-08-20-at-11.04.42-AM.jpeg,krediauto-imagenes/imagenes/45720/45720_10.jpeg,Descargada
45720,FORD TERRITORY AMBIENT 2024 AUT,11,No,https://krediautomzt.mx/wp-content/uploads/2026/08/WhatsApp-Image-2026-08-20-at-11.04.42-AM-1.jpeg,krediauto-imagenes/imagenes/45720/45720_11.jpeg,Descargada
45757,FORD BRONCO OUTER BANKS AUT 2022,1,Sí,https://krediautomzt.mx/wp-content/uploads/2026/08/122821e5-8b5b-4b81-bcb6-fb99b161137c.jpg,krediauto-imagenes/imagenes/45757/45757_01.jpg,Descargada
45757,FORD BRONCO OUTER BANKS AUT 2022,2,No,https://krediautomzt.mx/wp-content/uploads/2026/08/WhatsApp-Image-2026-08-25-at-6.36.39-PM-3.jpeg,krediauto-imagenes/imagenes/45757/45757_02.jpeg,Descargada
45757,FORD BRONCO OUTER BANKS AUT 2022,3,No,https://krediautomzt.mx/wp-content/uploads/2026/08/WhatsApp-Image-2026-08-25-at-6.36.37-PM-2.jpeg,krediauto-imagenes/imagenes/45757/45757_03.jpeg,Descargada
45757,FORD BRONCO OUTER BANKS AUT 2022,4,No,https://krediautomzt.mx/wp-content/uploads/2026/08/WhatsApp-Image-2026-08-25-at-6.36.37-PM.jpeg,krediauto-imagenes/imagenes/45757/45757_04.jpeg,Descargada
45757,FORD BRONCO OUTER BANKS AUT 2022,5,No,https://krediautomzt.mx/wp-content/uploads/2026/08/WhatsApp-Image-2026-08-25-at-6.36.38-PM-1.jpeg,krediauto-imagenes/imagenes/45757/45757_05.jpeg,Descargada
45757,FORD BRONCO OUTER BANKS AUT 2022,6,No,https://krediautomzt.mx/wp-content/uploads/2026/08/WhatsApp-Image-2026-08-25-at-6.36.38-PM-2.jpeg,krediauto-imagenes/imagenes/45757/45757_06.jpeg,Descargada
45757,FORD BRONCO OUTER BANKS AUT 2022,7,No,https://krediautomzt.mx/wp-content/uploads/2026/08/WhatsApp-Image-2026-08-25-at-6.36.38-PM-3.jpeg,krediauto-imagenes/imagenes/45757/45757_07.jpeg,Descargada
45757,FORD BRONCO OUTER BANKS AUT 2022,8,No,https://krediautomzt.mx/wp-content/uploads/2026/08/WhatsApp-Image-2026-08-25-at-6.36.38-PM.jpeg,krediauto-imagenes/imagenes/45757/45757_08.jpeg,Descargada
45757,FORD BRONCO OUTER BANKS AUT 2022,9,No,https://krediautomzt.mx/wp-content/uploads/2026/08/WhatsApp-Image-2026-08-25-at-6.36.39-PM-1.jpeg,krediauto-imagenes/imagenes/45757/45757_09.jpeg,Descargada
45757,FORD BRONCO OUTER BANKS AUT 2022,10,No,https://krediautomzt.mx/wp-content/uploads/2026/08/WhatsApp-Image-2026-08-25-at-6.36.39-PM-2.jpeg,krediauto-imagenes/imagenes/45757/45757_10.jpeg,Descargada
45757,FORD BRONCO OUTER BANKS AUT 2022,11,No,https://krediautomzt.mx/wp-content/uploads/2026/08/WhatsApp-Image-2026-08-25-at-6.36.39-PM.jpeg,krediauto-imagenes/imagenes/45757/45757_11.jpeg,Descargada
45781,NISSAN SENTRA ADVANCE AUT 2024,1,Sí,https://krediautomzt.mx/wp-content/uploads/2026/08/WhatsApp-Image-2026-08-26-at-6.01.32-PM-2.jpeg,krediauto-imagenes/imagenes/45781/45781_01.jpeg,Descargada
45781,NISSAN SENTRA ADVANCE AUT 2024,2,No,https://krediautomzt.mx/wp-content/uploads/2026/08/WhatsApp-Image-2026-08-26-at-6.01.33-PM.jpeg,krediauto-imagenes/imagenes/45781/45781_02.jpeg,Descargada
45781,NISSAN SENTRA ADVANCE AUT 2024,3,No,https://krediautomzt.mx/wp-content/uploads/2026/08/WhatsApp-Image-2026-08-26-at-6.01.32-PM-1.jpeg,krediauto-imagenes/imagenes/45781/45781_03.jpeg,Descargada
45781,NISSAN SENTRA ADVANCE AUT 2024,4,No,https://krediautomzt.mx/wp-content/uploads/2026/08/WhatsApp-Image-2026-08-26-at-6.01.32-PM-3.jpeg,krediauto-imagenes/imagenes/45781/45781_04.jpeg,Descargada
45781,NISSAN SENTRA ADVANCE AUT 2024,5,No,https://krediautomzt.mx/wp-content/uploads/2026/08/WhatsApp-Image-2026-08-26-at-6.01.32-PM-4.jpeg,krediauto-imagenes/imagenes/45781/45781_05.jpeg,Descargada
45781,NISSAN SENTRA ADVANCE AUT 2024,6,No,https://krediautomzt.mx/wp-content/uploads/2026/08/WhatsApp-Image-2026-08-26-at-6.01.32-PM-5.jpeg,krediauto-imagenes/imagenes/45781/45781_06.jpeg,Descargada
45781,NISSAN SENTRA ADVANCE AUT 2024,7,No,https://krediautomzt.mx/wp-content/uploads/2026/08/WhatsApp-Image-2026-08-26-at-6.01.32-PM-6.jpeg,krediauto-imagenes/imagenes/45781/45781_07.jpeg,Descargada
45781,NISSAN SENTRA ADVANCE AUT 2024,8,No,https://krediautomzt.mx/wp-content/uploads/2026/08/WhatsApp-Image-2026-08-26-at-6.01.32-PM-7.jpeg,krediauto-imagenes/imagenes/45781/45781_08.jpeg,Descargada
45781,NISSAN SENTRA ADVANCE AUT 2024,9,No,https://krediautomzt.mx/wp-content/uploads/2026/08/WhatsApp-Image-2026-08-26-at-6.01.32-PM.jpeg,krediauto-imagenes/imagenes/45781/45781_09.jpeg,Descargada
45781,NISSAN SENTRA ADVANCE AUT 2024,10,No,https://krediautomzt.mx/wp-content/uploads/2026/08/WhatsApp-Image-2026-08-26-at-6.01.33-PM-1.jpeg,krediauto-imagenes/imagenes/45781/45781_10.jpeg,Descargada
45781,NISSAN SENTRA ADVANCE AUT 2024,11,No,https://krediautomzt.mx/wp-content/uploads/2026/08/WhatsApp-Image-2026-08-26-at-6.01.33-PM-2.jpeg,krediauto-imagenes/imagenes/45781/45781_11.jpeg,Descargada
45781,NISSAN SENTRA ADVANCE AUT 2024,12,No,https://krediautomzt.mx/wp-content/uploads/2026/08/WhatsApp-Image-2026-08-26-at-6.01.33-PM-3.jpeg,krediauto-imagenes/imagenes/45781/45781_12.jpeg,Descargada
45807,DODGE ATTITUDE SPORT AUT 2025,1,Sí,https://krediautomzt.mx/wp-content/uploads/2026/08/WhatsApp-Image-2026-08-26-at-6.23.25-PM-4.jpeg,krediauto-imagenes/imagenes/45807/45807_01.jpeg,Descargada
45807,DODGE ATTITUDE SPORT AUT 2025,2,No,https://krediautomzt.mx/wp-content/uploads/2026/08/WhatsApp-Image-2026-08-26-at-6.23.26-PM-4.jpeg,krediauto-imagenes/imagenes/45807/45807_02.jpeg,Descargada
45807,DODGE ATTITUDE SPORT AUT 2025,3,No,https://krediautomzt.mx/wp-content/uploads/2026/08/WhatsApp-Image-2026-08-26-at-6.23.24-PM-1.jpeg,krediauto-imagenes/imagenes/45807/45807_03.jpeg,Descargada
45807,DODGE ATTITUDE SPORT AUT 2025,4,No,https://krediautomzt.mx/wp-content/uploads/2026/08/WhatsApp-Image-2026-08-26-at-6.23.24-PM.jpeg,krediauto-imagenes/imagenes/45807/45807_04.jpeg,Descargada
45807,DODGE ATTITUDE SPORT AUT 2025,5,No,https://krediautomzt.mx/wp-content/uploads/2026/08/WhatsApp-Image-2026-08-26-at-6.23.25-PM-1.jpeg,krediauto-imagenes/imagenes/45807/45807_05.jpeg,Descargada
45807,DODGE ATTITUDE SPORT AUT 2025,6,No,https://krediautomzt.mx/wp-content/uploads/2026/08/WhatsApp-Image-2026-08-26-at-6.23.25-PM-2.jpeg,krediauto-imagenes/imagenes/45807/45807_06.jpeg,Descargada
45807,DODGE ATTITUDE SPORT AUT 2025,7,No,https://krediautomzt.mx/wp-content/uploads/2026/08/WhatsApp-Image-2026-08-26-at-6.23.25-PM-3.jpeg,krediauto-imagenes/imagenes/45807/45807_07.jpeg,Descargada
45807,DODGE ATTITUDE SPORT AUT 2025,8,No,https://krediautomzt.mx/wp-content/uploads/2026/08/WhatsApp-Image-2026-08-26-at-6.23.25-PM-5.jpeg,krediauto-imagenes/imagenes/45807/45807_08.jpeg,Descargada
45807,DODGE ATTITUDE SPORT AUT 2025,9,No,https://krediautomzt.mx/wp-content/uploads/2026/08/WhatsApp-Image-2026-08-26-at-6.23.25-PM.jpeg,krediauto-imagenes/imagenes/45807/45807_09.jpeg,Descargada
45807,DODGE ATTITUDE SPORT AUT 2025,10,No,https://krediautomzt.mx/wp-content/uploads/2026/08/WhatsApp-Image-2026-08-26-at-6.23.26-PM-1.jpeg,krediauto-imagenes/imagenes/45807/45807_10.jpeg,Descargada
45807,DODGE ATTITUDE SPORT AUT 2025,11,No,https://krediautomzt.mx/wp-content/uploads/2026/08/WhatsApp-Image-2026-08-26-at-6.23.26-PM-2.jpeg,krediauto-imagenes/imagenes/45807/45807_11.jpeg,Descargada
45807,DODGE ATTITUDE SPORT AUT 2025,12,No,https://krediautomzt.mx/wp-content/uploads/2026/08/WhatsApp-Image-2026-08-26-at-6.23.26-PM-3.jpeg,krediauto-imagenes/imagenes/45807/45807_12.jpeg,Descargada
45807,DODGE ATTITUDE SPORT AUT 2025,13,No,https://krediautomzt.mx/wp-content/uploads/2026/08/WhatsApp-Image-2026-08-26-at-6.23.26-PM.jpeg,krediauto-imagenes/imagenes/45807/45807_13.jpeg,Descargada
45821,NISSAN FRONTIER LE AUT 2023,1,Sí,https://krediautomzt.mx/wp-content/uploads/2026/08/WhatsApp-Image-2026-08-27-at-5.45.44-PM-1.jpeg,krediauto-imagenes/imagenes/45821/45821_01.jpeg,Descargada
45821,NISSAN FRONTIER LE AUT 2023,2,No,https://krediautomzt.mx/wp-content/uploads/2026/08/WhatsApp-Image-2026-08-27-at-5.45.51-PM.jpeg,krediauto-imagenes/imagenes/45821/45821_02.jpeg,Descargada
45821,NISSAN FRONTIER LE AUT 2023,3,No,https://krediautomzt.mx/wp-content/uploads/2026/08/WhatsApp-Image-2026-08-27-at-5.45.44-PM-2.jpeg,krediauto-imagenes/imagenes/45821/45821_03.jpeg,Descargada
45821,NISSAN FRONTIER LE AUT 2023,4,No,https://krediautomzt.mx/wp-content/uploads/2026/08/WhatsApp-Image-2026-08-27-at-5.45.44-PM.jpeg,krediauto-imagenes/imagenes/45821/45821_04.jpeg,Descargada
45821,NISSAN FRONTIER LE AUT 2023,5,No,https://krediautomzt.mx/wp-content/uploads/2026/08/WhatsApp-Image-2026-08-27-at-5.45.45-PM.jpeg,krediauto-imagenes/imagenes/45821/45821_05.jpeg,Descargada
45821,NISSAN FRONTIER LE AUT 2023,6,No,https://krediautomzt.mx/wp-content/uploads/2026/08/WhatsApp-Image-2026-08-27-at-5.45.46-PM.jpeg,krediauto-imagenes/imagenes/45821/45821_06.jpeg,Descargada
45821,NISSAN FRONTIER LE AUT 2023,7,No,https://krediautomzt.mx/wp-content/uploads/2026/08/WhatsApp-Image-2026-08-27-at-5.45.47-PM-1.jpeg,krediauto-imagenes/imagenes/45821/45821_07.jpeg,Descargada
45821,NISSAN FRONTIER LE AUT 2023,8,No,https://krediautomzt.mx/wp-content/uploads/2026/08/WhatsApp-Image-2026-08-27-at-5.45.47-PM.jpeg,krediauto-imagenes/imagenes/45821/45821_08.jpeg,Descargada
45821,NISSAN FRONTIER LE AUT 2023,9,No,https://krediautomzt.mx/wp-content/uploads/2026/08/WhatsApp-Image-2026-08-27-at-5.45.48-PM.jpeg,krediauto-imagenes/imagenes/45821/45821_09.jpeg,Descargada
45821,NISSAN FRONTIER LE AUT 2023,10,No,https://krediautomzt.mx/wp-content/uploads/2026/08/WhatsApp-Image-2026-08-27-at-5.45.49-PM.jpeg,krediauto-imagenes/imagenes/45821/45821_10.jpeg,Descargada
45821,NISSAN FRONTIER LE AUT 2023,11,No,https://krediautomzt.mx/wp-content/uploads/2026/08/WhatsApp-Image-2026-08-27-at-5.45.50-PM.jpeg,krediauto-imagenes/imagenes/45821/45821_11.jpeg,Descargada
45821,NISSAN FRONTIER LE AUT 2023,12,No,https://krediautomzt.mx/wp-content/uploads/2026/08/WhatsApp-Image-2026-08-27-at-5.45.51-PM-1.jpeg,krediauto-imagenes/imagenes/45821/45821_12.jpeg,Descargada
45835,MG RX5 SUV LUX ELEGANCE 2024 17 MIL KMS,1,Sí,https://krediautomzt.mx/wp-content/uploads/2026/08/7c382d58-3a08-4e93-a258-83ec3c63b518.jpg,krediauto-imagenes/imagenes/45835/45835_01.jpg,Descargada
45835,MG RX5 SUV LUX ELEGANCE 2024 17 MIL KMS,2,No,https://krediautomzt.mx/wp-content/uploads/2026/08/882f92ae-86cf-4afa-b6d9-7d5294826c1f-1.jpg,krediauto-imagenes/imagenes/45835/45835_02.jpg,Descargada
45835,MG RX5 SUV LUX ELEGANCE 2024 17 MIL KMS,3,No,https://krediautomzt.mx/wp-content/uploads/2026/08/3bdae8c0-6f23-4adf-8fc3-38129f2002f4-1.jpg,krediauto-imagenes/imagenes/45835/45835_03.jpg,Descargada
45835,MG RX5 SUV LUX ELEGANCE 2024 17 MIL KMS,4,No,https://krediautomzt.mx/wp-content/uploads/2026/08/d06bbe7a-36cb-48e5-a610-c862ee8ebeca.jpg,krediauto-imagenes/imagenes/45835/45835_04.jpg,Descargada
45835,MG RX5 SUV LUX ELEGANCE 2024 17 MIL KMS,5,No,https://krediautomzt.mx/wp-content/uploads/2026/08/9215261d-ab56-4ca2-8164-edb2de12d0a9.jpg,krediauto-imagenes/imagenes/45835/45835_05.jpg,Descargada
45835,MG RX5 SUV LUX ELEGANCE 2024 17 MIL KMS,6,No,https://krediautomzt.mx/wp-content/uploads/2026/08/94ae5f95-bcaf-4483-8856-b180aa516675.jpg,krediauto-imagenes/imagenes/45835/45835_06.jpg,Descargada
45835,MG RX5 SUV LUX ELEGANCE 2024 17 MIL KMS,7,No,https://krediautomzt.mx/wp-content/uploads/2026/08/1320fa12-f8ad-42e8-a715-7f3b94ba01b9.jpg,krediauto-imagenes/imagenes/45835/45835_07.jpg,Descargada
45835,MG RX5 SUV LUX ELEGANCE 2024 17 MIL KMS,8,No,https://krediautomzt.mx/wp-content/uploads/2026/08/34b18211-1f92-4eb9-be62-f779eb6cf135.jpg,krediauto-imagenes/imagenes/45835/45835_08.jpg,Descargada
45835,MG RX5 SUV LUX ELEGANCE 2024 17 MIL KMS,9,No,https://krediautomzt.mx/wp-content/uploads/2026/08/4abef5d3-23db-49a5-8248-8173a669e594.jpg,krediauto-imagenes/imagenes/45835/45835_09.jpg,Descargada
45835,MG RX5 SUV LUX ELEGANCE 2024 17 MIL KMS,10,No,https://krediautomzt.mx/wp-content/uploads/2026/08/aa5019d5-35a7-4b6a-96c7-aa2615cdfa45.jpg,krediauto-imagenes/imagenes/45835/45835_10.jpg,Descargada
45835,MG RX5 SUV LUX ELEGANCE 2024 17 MIL KMS,11,No,https://krediautomzt.mx/wp-content/uploads/2026/08/a25b40ca-0541-4c47-85c8-fb246947c2ed.jpg,krediauto-imagenes/imagenes/45835/45835_11.jpg,Descargada
45849,KIA SELTOS SX 2026 11 MIL KMS,1,Sí,https://krediautomzt.mx/wp-content/uploads/2026/08/6a8093f0-f9a3-4e03-a32f-29e875695f85.jpg,krediauto-imagenes/imagenes/45849/45849_01.jpg,Descargada
45849,KIA SELTOS SX 2026 11 MIL KMS,2,No,https://krediautomzt.mx/wp-content/uploads/2026/08/9f37b993-01bb-423f-ac41-a16dd1029a88.jpg,krediauto-imagenes/imagenes/45849/45849_02.jpg,Descargada
45849,KIA SELTOS SX 2026 11 MIL KMS,3,No,https://krediautomzt.mx/wp-content/uploads/2026/08/9a09a132-6acd-4469-bc44-6da97be5f2d2.jpg,krediauto-imagenes/imagenes/45849/45849_03.jpg,Descargada
45849,KIA SELTOS SX 2026 11 MIL KMS,4,No,https://krediautomzt.mx/wp-content/uploads/2026/08/cfc7312a-1eb1-45cb-b24b-64ea3b096383.jpg,krediauto-imagenes/imagenes/45849/45849_04.jpg,Descargada
45849,KIA SELTOS SX 2026 11 MIL KMS,5,No,https://krediautomzt.mx/wp-content/uploads/2026/08/86962ffa-564b-4067-9da4-53277413bbeb.jpg,krediauto-imagenes/imagenes/45849/45849_05.jpg,Descargada
45849,KIA SELTOS SX 2026 11 MIL KMS,6,No,https://krediautomzt.mx/wp-content/uploads/2026/08/90d83228-9ca7-4876-ac41-2c728556281e.jpg,krediauto-imagenes/imagenes/45849/45849_06.jpg,Descargada
45849,KIA SELTOS SX 2026 11 MIL KMS,7,No,https://krediautomzt.mx/wp-content/uploads/2026/08/f617ada3-a282-451b-852f-a238ab0575d3.jpg,krediauto-imagenes/imagenes/45849/45849_07.jpg,Descargada
45849,KIA SELTOS SX 2026 11 MIL KMS,8,No,https://krediautomzt.mx/wp-content/uploads/2026/08/6037c819-acc2-40d6-8984-8b25d41f012f.jpg,krediauto-imagenes/imagenes/45849/45849_08.jpg,Descargada
45859,MERCEDES CLA 200 2025,1,Sí,https://krediautomzt.mx/wp-content/uploads/2026/08/fa81c0dc-c8ce-4d1a-8d7d-345ceaebb7bd.jpg,krediauto-imagenes/imagenes/45859/45859_01.jpg,Descargada
45859,MERCEDES CLA 200 2025,2,No,https://krediautomzt.mx/wp-content/uploads/2026/08/b1741b4d-3539-45fc-b885-8c5c9a17549f.jpg,krediauto-imagenes/imagenes/45859/45859_02.jpg,Descargada
45859,MERCEDES CLA 200 2025,3,No,https://krediautomzt.mx/wp-content/uploads/2026/08/fc3be5de-11d4-4fee-ad52-6eb0551578e2.jpg,krediauto-imagenes/imagenes/45859/45859_03.jpg,Descargada
45859,MERCEDES CLA 200 2025,4,No,https://krediautomzt.mx/wp-content/uploads/2026/08/53f20631-5323-4908-aff1-0a10d5fa91e4.jpg,krediauto-imagenes/imagenes/45859/45859_04.jpg,Descargada
45859,MERCEDES CLA 200 2025,5,No,https://krediautomzt.mx/wp-content/uploads/2026/08/62b66388-bf1c-4d57-ada3-846aeb85f25a.jpg,krediauto-imagenes/imagenes/45859/45859_05.jpg,Descargada
45859,MERCEDES CLA 200 2025,6,No,https://krediautomzt.mx/wp-content/uploads/2026/08/7bd04ac9-12e0-4f73-9c13-d2338ffeea0f.jpg,krediauto-imagenes/imagenes/45859/45859_06.jpg,Descargada
45859,MERCEDES CLA 200 2025,7,No,https://krediautomzt.mx/wp-content/uploads/2026/08/50f3feae-6004-4bf6-a3c2-b4337de46501.jpg,krediauto-imagenes/imagenes/45859/45859_07.jpg,Descargada
45859,MERCEDES CLA 200 2025,8,No,https://krediautomzt.mx/wp-content/uploads/2026/08/3b841791-130f-463a-ab6c-bd24b8bb371d.jpg,krediauto-imagenes/imagenes/45859/45859_08.jpg,Descargada
45859,MERCEDES CLA 200 2025,9,No,https://krediautomzt.mx/wp-content/uploads/2026/08/62c261f7-8a7a-4304-aad3-d2fccded1f8a.jpg,krediauto-imagenes/imagenes/45859/45859_09.jpg,Descargada
45859,MERCEDES CLA 200 2025,10,No,https://krediautomzt.mx/wp-content/uploads/2026/08/d15028a6-ffaf-4157-8cff-48e316011fe0.jpg,krediauto-imagenes/imagenes/45859/45859_10.jpg,Descargada
45859,MERCEDES CLA 200 2025,11,No,https://krediautomzt.mx/wp-content/uploads/2026/08/f63d402a-3ce5-455c-a78d-5c616abfdbaa.jpg,krediauto-imagenes/imagenes/45859/45859_11.jpg,Descargada
45859,MERCEDES CLA 200 2025,12,No,https://krediautomzt.mx/wp-content/uploads/2026/08/b79ddb33-ea22-4fb3-b6ca-c38587b41d3b.jpg,krediauto-imagenes/imagenes/45859/45859_12.jpg,Descargada
45927,TERAMONT CROSS SPORT R LINE AUT 2024,1,Sí,https://krediautomzt.mx/wp-content/uploads/2026/09/WhatsApp-Image-2026-09-01-at-5.32.47-PM-1.jpeg,krediauto-imagenes/imagenes/45927/45927_01.jpeg,Descargada
45927,TERAMONT CROSS SPORT R LINE AUT 2024,2,No,https://krediautomzt.mx/wp-content/uploads/2026/09/WhatsApp-Image-2026-09-01-at-5.32.50-PM-2.jpeg,krediauto-imagenes/imagenes/45927/45927_02.jpeg,Descargada
45927,TERAMONT CROSS SPORT R LINE AUT 2024,3,No,https://krediautomzt.mx/wp-content/uploads/2026/09/WhatsApp-Image-2026-09-01-at-5.32.47-PM.jpeg,krediauto-imagenes/imagenes/45927/45927_03.jpeg,Descargada
45927,TERAMONT CROSS SPORT R LINE AUT 2024,4,No,https://krediautomzt.mx/wp-content/uploads/2026/09/WhatsApp-Image-2026-09-01-at-5.32.48-PM-1.jpeg,krediauto-imagenes/imagenes/45927/45927_04.jpeg,Descargada
45927,TERAMONT CROSS SPORT R LINE AUT 2024,5,No,https://krediautomzt.mx/wp-content/uploads/2026/09/WhatsApp-Image-2026-09-01-at-5.32.48-PM.jpeg,krediauto-imagenes/imagenes/45927/45927_05.jpeg,Descargada
45927,TERAMONT CROSS SPORT R LINE AUT 2024,6,No,https://krediautomzt.mx/wp-content/uploads/2026/09/WhatsApp-Image-2026-09-01-at-5.32.49-PM-1.jpeg,krediauto-imagenes/imagenes/45927/45927_06.jpeg,Descargada
45927,TERAMONT CROSS SPORT R LINE AUT 2024,7,No,https://krediautomzt.mx/wp-content/uploads/2026/09/WhatsApp-Image-2026-09-01-at-5.32.49-PM-2.jpeg,krediauto-imagenes/imagenes/45927/45927_07.jpeg,Descargada
45927,TERAMONT CROSS SPORT R LINE AUT 2024,8,No,https://krediautomzt.mx/wp-content/uploads/2026/09/WhatsApp-Image-2026-09-01-at-5.32.49-PM-3.jpeg,krediauto-imagenes/imagenes/45927/45927_08.jpeg,Descargada
45927,TERAMONT CROSS SPORT R LINE AUT 2024,9,No,https://krediautomzt.mx/wp-content/uploads/2026/09/WhatsApp-Image-2026-09-01-at-5.32.49-PM.jpeg,krediauto-imagenes/imagenes/45927/45927_09.jpeg,Descargada
45927,TERAMONT CROSS SPORT R LINE AUT 2024,10,No,https://krediautomzt.mx/wp-content/uploads/2026/09/WhatsApp-Image-2026-09-01-at-5.32.50-PM-1.jpeg,krediauto-imagenes/imagenes/45927/45927_10.jpeg,Descargada
45927,TERAMONT CROSS SPORT R LINE AUT 2024,11,No,https://krediautomzt.mx/wp-content/uploads/2026/09/WhatsApp-Image-2026-09-01-at-5.32.51-PM-1.jpeg,krediauto-imagenes/imagenes/45927/45927_11.jpeg,Descargada
45927,TERAMONT CROSS SPORT R LINE AUT 2024,12,No,https://krediautomzt.mx/wp-content/uploads/2026/09/WhatsApp-Image-2026-09-01-at-5.32.50-PM-3.jpeg,krediauto-imagenes/imagenes/45927/45927_12.jpeg,Descargada
45927,TERAMONT CROSS SPORT R LINE AUT 2024,13,No,https://krediautomzt.mx/wp-content/uploads/2026/09/WhatsApp-Image-2026-09-01-at-5.32.50-PM.jpeg,krediauto-imagenes/imagenes/45927/45927_13.jpeg,Descargada
45927,TERAMONT CROSS SPORT R LINE AUT 2024,14,No,https://krediautomzt.mx/wp-content/uploads/2026/09/WhatsApp-Image-2026-09-01-at-5.32.51-PM-2.jpeg,krediauto-imagenes/imagenes/45927/45927_14.jpeg,Descargada
45927,TERAMONT CROSS SPORT R LINE AUT 2024,15,No,https://krediautomzt.mx/wp-content/uploads/2026/09/WhatsApp-Image-2026-09-01-at-5.32.51-PM.jpeg,krediauto-imagenes/imagenes/45927/45927_15.jpeg,Descargada
45943,HYUNDAI CRETA LIMITED TURBO AUT 2026,1,Sí,https://krediautomzt.mx/wp-content/uploads/2026/09/WhatsApp-Image-2026-09-02-at-1.20.05-PM.jpeg,krediauto-imagenes/imagenes/45943/45943_01.jpeg,Descargada
45943,HYUNDAI CRETA LIMITED TURBO AUT 2026,2,No,https://krediautomzt.mx/wp-content/uploads/2026/09/WhatsApp-Image-2026-09-02-at-1.20.06-PM-1.jpeg,krediauto-imagenes/imagenes/45943/45943_02.jpeg,Descargada
45943,HYUNDAI CRETA LIMITED TURBO AUT 2026,3,No,https://krediautomzt.mx/wp-content/uploads/2026/09/WhatsApp-Image-2026-09-02-at-1.20.06-PM-3.jpeg,krediauto-imagenes/imagenes/45943/45943_03.jpeg,Descargada
45943,HYUNDAI CRETA LIMITED TURBO AUT 2026,4,No,https://krediautomzt.mx/wp-content/uploads/2026/09/WhatsApp-Image-2026-09-02-at-1.20.06-PM-4.jpeg,krediauto-imagenes/imagenes/45943/45943_04.jpeg,Descargada
45943,HYUNDAI CRETA LIMITED TURBO AUT 2026,5,No,https://krediautomzt.mx/wp-content/uploads/2026/09/WhatsApp-Image-2026-09-02-at-1.20.07-PM.jpeg,krediauto-imagenes/imagenes/45943/45943_05.jpeg,Descargada
45943,HYUNDAI CRETA LIMITED TURBO AUT 2026,6,No,https://krediautomzt.mx/wp-content/uploads/2026/09/WhatsApp-Image-2026-09-02-at-1.20.06-PM.jpeg,krediauto-imagenes/imagenes/45943/45943_06.jpeg,Descargada
45943,HYUNDAI CRETA LIMITED TURBO AUT 2026,7,No,https://krediautomzt.mx/wp-content/uploads/2026/09/WhatsApp-Image-2026-09-02-at-1.20.07-PM-1.jpeg,krediauto-imagenes/imagenes/45943/45943_07.jpeg,Descargada
45943,HYUNDAI CRETA LIMITED TURBO AUT 2026,8,No,https://krediautomzt.mx/wp-content/uploads/2026/09/WhatsApp-Image-2026-09-02-at-1.20.07-PM-2.jpeg,krediauto-imagenes/imagenes/45943/45943_08.jpeg,Descargada
45943,HYUNDAI CRETA LIMITED TURBO AUT 2026,9,No,https://krediautomzt.mx/wp-content/uploads/2026/09/WhatsApp-Image-2026-09-02-at-1.20.07-PM-3.jpeg,krediauto-imagenes/imagenes/45943/45943_09.jpeg,Descargada
45943,HYUNDAI CRETA LIMITED TURBO AUT 2026,10,No,https://krediautomzt.mx/wp-content/uploads/2026/09/WhatsApp-Image-2026-09-02-at-1.20.07-PM-4.jpeg,krediauto-imagenes/imagenes/45943/45943_10.jpeg,Descargada
45965,NISSAN VERSA SENSE AUT 2024,1,Sí,https://krediautomzt.mx/wp-content/uploads/2026/09/WhatsApp-Image-2026-09-03-at-11.01.17-AM.jpeg,krediauto-imagenes/imagenes/45965/45965_01.jpeg,Descargada
45965,NISSAN VERSA SENSE AUT 2024,2,No,https://krediautomzt.mx/wp-content/uploads/2026/09/WhatsApp-Image-2026-09-03-at-11.01.16-AM.jpeg,krediauto-imagenes/imagenes/45965/45965_02.jpeg,Descargada
45965,NISSAN VERSA SENSE AUT 2024,3,No,https://krediautomzt.mx/wp-content/uploads/2026/09/WhatsApp-Image-2026-09-03-at-11.01.19-AM-2.jpeg,krediauto-imagenes/imagenes/45965/45965_03.jpeg,Descargada
45965,NISSAN VERSA SENSE AUT 2024,4,No,https://krediautomzt.mx/wp-content/uploads/2026/09/WhatsApp-Image-2026-09-03-at-11.01.17-AM-1.jpeg,krediauto-imagenes/imagenes/45965/45965_04.jpeg,Descargada
45965,NISSAN VERSA SENSE AUT 2024,5,No,https://krediautomzt.mx/wp-content/uploads/2026/09/WhatsApp-Image-2026-09-03-at-11.01.17-AM-2.jpeg,krediauto-imagenes/imagenes/45965/45965_05.jpeg,Descargada
45965,NISSAN VERSA SENSE AUT 2024,6,No,https://krediautomzt.mx/wp-content/uploads/2026/09/WhatsApp-Image-2026-09-03-at-11.01.18-AM.jpeg,krediauto-imagenes/imagenes/45965/45965_06.jpeg,Descargada
45965,NISSAN VERSA SENSE AUT 2024,7,No,https://krediautomzt.mx/wp-content/uploads/2026/09/WhatsApp-Image-2026-09-03-at-11.01.18-AM-1.jpeg,krediauto-imagenes/imagenes/45965/45965_07.jpeg,Descargada
45965,NISSAN VERSA SENSE AUT 2024,8,No,https://krediautomzt.mx/wp-content/uploads/2026/09/WhatsApp-Image-2026-09-03-at-11.01.18-AM-2.jpeg,krediauto-imagenes/imagenes/45965/45965_08.jpeg,Descargada
45965,NISSAN VERSA SENSE AUT 2024,9,No,https://krediautomzt.mx/wp-content/uploads/2026/09/WhatsApp-Image-2026-09-03-at-11.01.19-AM.jpeg,krediauto-imagenes/imagenes/45965/45965_09.jpeg,Descargada
45965,NISSAN VERSA SENSE AUT 2024,10,No,https://krediautomzt.mx/wp-content/uploads/2026/09/WhatsApp-Image-2026-09-03-at-11.01.19-AM-1.jpeg,krediauto-imagenes/imagenes/45965/45965_10.jpeg,Descargada
46025,DODGE RAM 700/2022,1,Sí,https://krediautomzt.mx/wp-content/uploads/2026/09/WhatsApp-Image-2026-06-10-at-2.10.43-PM-1.jpeg,krediauto-imagenes/imagenes/46025/46025_01.jpeg,Descargada
46025,DODGE RAM 700/2022,2,No,https://krediautomzt.mx/wp-content/uploads/2026/09/WhatsApp-Image-2026-06-10-at-2.10.50-PM-1.jpeg,krediauto-imagenes/imagenes/46025/46025_02.jpeg,Descargada
46025,DODGE RAM 700/2022,3,No,https://krediautomzt.mx/wp-content/uploads/2026/09/WhatsApp-Image-2026-06-10-at-2.11.07-PM-1.jpeg,krediauto-imagenes/imagenes/46025/46025_03.jpeg,Descargada
46025,DODGE RAM 700/2022,4,No,https://krediautomzt.mx/wp-content/uploads/2026/09/WhatsApp-Image-2026-06-10-at-2.11.17-PM-1.jpeg,krediauto-imagenes/imagenes/46025/46025_04.jpeg,Descargada
46025,DODGE RAM 700/2022,5,No,https://krediautomzt.mx/wp-content/uploads/2026/09/WhatsApp-Image-2026-06-10-at-2.11.29-PM-1.jpeg,krediauto-imagenes/imagenes/46025/46025_05.jpeg,Descargada
46025,DODGE RAM 700/2022,6,No,https://krediautomzt.mx/wp-content/uploads/2026/09/WhatsApp-Image-2026-06-10-at-2.11.40-PM-1.jpeg,krediauto-imagenes/imagenes/46025/46025_06.jpeg,Descargada
46045,CHEVROLET TRACKER LT AUT 2021,1,Sí,https://krediautomzt.mx/wp-content/uploads/2026/09/WhatsApp-Image-2026-09-07-at-12.18.01-PM.jpeg,krediauto-imagenes/imagenes/46045/46045_01.jpeg,Descargada
46045,CHEVROLET TRACKER LT AUT 2021,2,No,https://krediautomzt.mx/wp-content/uploads/2026/09/WhatsApp-Image-2026-09-07-at-12.18.03-PM-4.jpeg,krediauto-imagenes/imagenes/46045/46045_02.jpeg,Descargada
46045,CHEVROLET TRACKER LT AUT 2021,3,No,https://krediautomzt.mx/wp-content/uploads/2026/09/WhatsApp-Image-2026-09-07-at-12.18.01-PM-1.jpeg,krediauto-imagenes/imagenes/46045/46045_03.jpeg,Descargada
46045,CHEVROLET TRACKER LT AUT 2021,4,No,https://krediautomzt.mx/wp-content/uploads/2026/09/WhatsApp-Image-2026-09-07-at-12.18.02-PM-1.jpeg,krediauto-imagenes/imagenes/46045/46045_04.jpeg,Descargada
46045,CHEVROLET TRACKER LT AUT 2021,5,No,https://krediautomzt.mx/wp-content/uploads/2026/09/WhatsApp-Image-2026-09-07-at-12.18.02-PM-3.jpeg,krediauto-imagenes/imagenes/46045/46045_05.jpeg,Descargada
46045,CHEVROLET TRACKER LT AUT 2021,6,No,https://krediautomzt.mx/wp-content/uploads/2026/09/WhatsApp-Image-2026-09-07-at-12.18.02-PM-4.jpeg,krediauto-imagenes/imagenes/46045/46045_06.jpeg,Descargada
46045,CHEVROLET TRACKER LT AUT 2021,7,No,https://krediautomzt.mx/wp-content/uploads/2026/09/WhatsApp-Image-2026-09-07-at-12.18.02-PM-5.jpeg,krediauto-imagenes/imagenes/46045/46045_07.jpeg,Descargada
46045,CHEVROLET TRACKER LT AUT 2021,8,No,https://krediautomzt.mx/wp-content/uploads/2026/09/WhatsApp-Image-2026-09-07-at-12.18.02-PM.jpeg,krediauto-imagenes/imagenes/46045/46045_08.jpeg,Descargada
46045,CHEVROLET TRACKER LT AUT 2021,9,No,https://krediautomzt.mx/wp-content/uploads/2026/09/WhatsApp-Image-2026-09-07-at-12.18.03-PM-1.jpeg,krediauto-imagenes/imagenes/46045/46045_09.jpeg,Descargada
46045,CHEVROLET TRACKER LT AUT 2021,10,No,https://krediautomzt.mx/wp-content/uploads/2026/09/WhatsApp-Image-2026-09-07-at-12.18.03-PM-3.jpeg,krediauto-imagenes/imagenes/46045/46045_10.jpeg,Descargada
46045,CHEVROLET TRACKER LT AUT 2021,11,No,https://krediautomzt.mx/wp-content/uploads/2026/09/WhatsApp-Image-2026-09-07-at-12.18.03-PM.jpeg,krediauto-imagenes/imagenes/46045/46045_11.jpeg,Descargada
46045,CHEVROLET TRACKER LT AUT 2021,12,No,https://krediautomzt.mx/wp-content/uploads/2026/09/WhatsApp-Image-2026-09-07-at-12.18.04-PM.jpeg,krediauto-imagenes/imagenes/46045/46045_12.jpeg,Descargada
46061,KIA RIO EX PACK AUT HB 2023,1,Sí,https://krediautomzt.mx/wp-content/uploads/2026/09/WhatsApp-Image-2026-09-07-at-12.55.51-PM-2.jpeg,krediauto-imagenes/imagenes/46061/46061_01.jpeg,Descargada
46061,KIA RIO EX PACK AUT HB 2023,2,No,https://krediautomzt.mx/wp-content/uploads/2026/09/WhatsApp-Image-2026-09-07-at-12.55.51-PM-1.jpeg,krediauto-imagenes/imagenes/46061/46061_02.jpeg,Descargada
46061,KIA RIO EX PACK AUT HB 2023,3,No,https://krediautomzt.mx/wp-content/uploads/2026/09/WhatsApp-Image-2026-09-07-at-12.55.53-PM-3.jpeg,krediauto-imagenes/imagenes/46061/46061_03.jpeg,Descargada
46061,KIA RIO EX PACK AUT HB 2023,4,No,https://krediautomzt.mx/wp-content/uploads/2026/09/WhatsApp-Image-2026-09-07-at-12.55.51-PM.jpeg,krediauto-imagenes/imagenes/46061/46061_04.jpeg,Descargada
46061,KIA RIO EX PACK AUT HB 2023,5,No,https://krediautomzt.mx/wp-content/uploads/2026/09/WhatsApp-Image-2026-09-07-at-12.55.52-PM-1.jpeg,krediauto-imagenes/imagenes/46061/46061_05.jpeg,Descargada
46061,KIA RIO EX PACK AUT HB 2023,6,No,https://krediautomzt.mx/wp-content/uploads/2026/09/WhatsApp-Image-2026-09-07-at-12.55.52-PM-2.jpeg,krediauto-imagenes/imagenes/46061/46061_06.jpeg,Descargada
46061,KIA RIO EX PACK AUT HB 2023,7,No,https://krediautomzt.mx/wp-content/uploads/2026/09/WhatsApp-Image-2026-09-07-at-12.55.52-PM-3.jpeg,krediauto-imagenes/imagenes/46061/46061_07.jpeg,Descargada
46061,KIA RIO EX PACK AUT HB 2023,8,No,https://krediautomzt.mx/wp-content/uploads/2026/09/WhatsApp-Image-2026-09-07-at-12.55.52-PM.jpeg,krediauto-imagenes/imagenes/46061/46061_08.jpeg,Descargada
46061,KIA RIO EX PACK AUT HB 2023,9,No,https://krediautomzt.mx/wp-content/uploads/2026/09/WhatsApp-Image-2026-09-07-at-12.55.53-PM-1.jpeg,krediauto-imagenes/imagenes/46061/46061_09.jpeg,Descargada
46061,KIA RIO EX PACK AUT HB 2023,10,No,https://krediautomzt.mx/wp-content/uploads/2026/09/WhatsApp-Image-2026-09-07-at-12.55.53-PM-2.jpeg,krediauto-imagenes/imagenes/46061/46061_10.jpeg,Descargada
46061,KIA RIO EX PACK AUT HB 2023,11,No,https://krediautomzt.mx/wp-content/uploads/2026/09/WhatsApp-Image-2026-09-07-at-12.55.53-PM.jpeg,krediauto-imagenes/imagenes/46061/46061_11.jpeg,Descargada
46073,KIA SELTOS SX AUT 2024,1,Sí,https://krediautomzt.mx/wp-content/uploads/2026/09/8de39eb2-00c3-4342-a0e5-b5a038326c26.jpg,krediauto-imagenes/imagenes/46073/46073_01.jpg,Descargada
46073,KIA SELTOS SX AUT 2024,2,No,https://krediautomzt.mx/wp-content/uploads/2026/09/WhatsApp-Image-2026-09-08-at-11.08.06-AM.jpeg,krediauto-imagenes/imagenes/46073/46073_02.jpeg,Descargada
46073,KIA SELTOS SX AUT 2024,3,No,https://krediautomzt.mx/wp-content/uploads/2026/09/WhatsApp-Image-2026-09-08-at-11.08.05-AM-2.jpeg,krediauto-imagenes/imagenes/46073/46073_03.jpeg,Descargada
46073,KIA SELTOS SX AUT 2024,4,No,https://krediautomzt.mx/wp-content/uploads/2026/09/WhatsApp-Image-2026-09-08-at-11.08.05-AM-3.jpeg,krediauto-imagenes/imagenes/46073/46073_04.jpeg,Descargada
46073,KIA SELTOS SX AUT 2024,5,No,https://krediautomzt.mx/wp-content/uploads/2026/09/WhatsApp-Image-2026-09-08-at-11.08.05-AM.jpeg,krediauto-imagenes/imagenes/46073/46073_05.jpeg,Descargada
46073,KIA SELTOS SX AUT 2024,6,No,https://krediautomzt.mx/wp-content/uploads/2026/09/WhatsApp-Image-2026-09-08-at-11.08.06-AM-1.jpeg,krediauto-imagenes/imagenes/46073/46073_06.jpeg,Descargada
46073,KIA SELTOS SX AUT 2024,7,No,https://krediautomzt.mx/wp-content/uploads/2026/09/WhatsApp-Image-2026-09-08-at-11.08.06-AM-2.jpeg,krediauto-imagenes/imagenes/46073/46073_07.jpeg,Descargada
46073,KIA SELTOS SX AUT 2024,8,No,https://krediautomzt.mx/wp-content/uploads/2026/09/WhatsApp-Image-2026-09-08-at-11.08.06-AM-3.jpeg,krediauto-imagenes/imagenes/46073/46073_08.jpeg,Descargada
46073,KIA SELTOS SX AUT 2024,9,No,https://krediautomzt.mx/wp-content/uploads/2026/09/WhatsApp-Image-2026-09-08-at-11.08.06-AM-4.jpeg,krediauto-imagenes/imagenes/46073/46073_09.jpeg,Descargada
46073,KIA SELTOS SX AUT 2024,10,No,https://krediautomzt.mx/wp-content/uploads/2026/09/WhatsApp-Image-2026-09-08-at-11.08.06-AM-5.jpeg,krediauto-imagenes/imagenes/46073/46073_10.jpeg,Descargada
46073,KIA SELTOS SX AUT 2024,11,No,https://krediautomzt.mx/wp-content/uploads/2026/09/WhatsApp-Image-2026-09-08-at-11.08.07-AM-1.jpeg,krediauto-imagenes/imagenes/46073/46073_11.jpeg,Descargada
46073,KIA SELTOS SX AUT 2024,12,No,https://krediautomzt.mx/wp-content/uploads/2026/09/WhatsApp-Image-2026-09-08-at-11.08.07-AM.jpeg,krediauto-imagenes/imagenes/46073/46073_12.jpeg,Descargada
46085,CHEVROLET CAPTIVA PREMIER 7 PASAJEROS AUT 2023,1,Sí,https://krediautomzt.mx/wp-content/uploads/2026/09/WhatsApp-Image-2026-09-08-at-3.56.30-PM.jpeg,krediauto-imagenes/imagenes/46085/46085_01.jpeg,Descargada
46085,CHEVROLET CAPTIVA PREMIER 7 PASAJEROS AUT 2023,2,No,https://krediautomzt.mx/wp-content/uploads/2026/09/WhatsApp-Image-2026-09-08-at-3.56.59-PM-1.jpeg,krediauto-imagenes/imagenes/46085/46085_02.jpeg,Descargada
46085,CHEVROLET CAPTIVA PREMIER 7 PASAJEROS AUT 2023,3,No,https://krediautomzt.mx/wp-content/uploads/2026/09/WhatsApp-Image-2026-09-08-at-3.56.29-PM.jpeg,krediauto-imagenes/imagenes/46085/46085_03.jpeg,Descargada
46085,CHEVROLET CAPTIVA PREMIER 7 PASAJEROS AUT 2023,4,No,https://krediautomzt.mx/wp-content/uploads/2026/09/WhatsApp-Image-2026-09-08-at-3.56.56-PM.jpeg,krediauto-imagenes/imagenes/46085/46085_04.jpeg,Descargada
46085,CHEVROLET CAPTIVA PREMIER 7 PASAJEROS AUT 2023,5,No,https://krediautomzt.mx/wp-content/uploads/2026/09/WhatsApp-Image-2026-09-08-at-3.56.58-PM-1.jpeg,krediauto-imagenes/imagenes/46085/46085_05.jpeg,Descargada
46085,CHEVROLET CAPTIVA PREMIER 7 PASAJEROS AUT 2023,6,No,https://krediautomzt.mx/wp-content/uploads/2026/09/WhatsApp-Image-2026-09-08-at-3.56.31-PM.jpeg,krediauto-imagenes/imagenes/46085/46085_06.jpeg,Descargada
46085,CHEVROLET CAPTIVA PREMIER 7 PASAJEROS AUT 2023,7,No,https://krediautomzt.mx/wp-content/uploads/2026/09/WhatsApp-Image-2026-09-08-at-3.56.58-PM-2.jpeg,krediauto-imagenes/imagenes/46085/46085_07.jpeg,Descargada
46085,CHEVROLET CAPTIVA PREMIER 7 PASAJEROS AUT 2023,8,No,https://krediautomzt.mx/wp-content/uploads/2026/09/WhatsApp-Image-2026-09-08-at-3.56.59-PM-1-1.jpeg,krediauto-imagenes/imagenes/46085/46085_08.jpeg,Descargada
46085,CHEVROLET CAPTIVA PREMIER 7 PASAJEROS AUT 2023,9,No,https://krediautomzt.mx/wp-content/uploads/2026/09/WhatsApp-Image-2026-09-08-at-3.57.01-PM-1.jpeg,krediauto-imagenes/imagenes/46085/46085_09.jpeg,Descargada
46085,CHEVROLET CAPTIVA PREMIER 7 PASAJEROS AUT 2023,10,No,https://krediautomzt.mx/wp-content/uploads/2026/09/WhatsApp-Image-2026-09-08-at-3.56.59-PM-2.jpeg,krediauto-imagenes/imagenes/46085/46085_10.jpeg,Descargada
46085,CHEVROLET CAPTIVA PREMIER 7 PASAJEROS AUT 2023,11,No,https://krediautomzt.mx/wp-content/uploads/2026/09/WhatsApp-Image-2026-09-08-at-3.56.59-PM-3.jpeg,krediauto-imagenes/imagenes/46085/46085_11.jpeg,Descargada
46085,CHEVROLET CAPTIVA PREMIER 7 PASAJEROS AUT 2023,12,No,https://krediautomzt.mx/wp-content/uploads/2026/09/WhatsApp-Image-2026-09-08-at-3.56.59-PM.jpeg,krediauto-imagenes/imagenes/46085/46085_12.jpeg,Descargada
46085,CHEVROLET CAPTIVA PREMIER 7 PASAJEROS AUT 2023,13,No,https://krediautomzt.mx/wp-content/uploads/2026/09/WhatsApp-Image-2026-09-08-at-3.57.00-PM-1.jpeg,krediauto-imagenes/imagenes/46085/46085_13.jpeg,Descargada
46085,CHEVROLET CAPTIVA PREMIER 7 PASAJEROS AUT 2023,14,No,https://krediautomzt.mx/wp-content/uploads/2026/09/WhatsApp-Image-2026-09-08-at-3.57.00-PM.jpeg,krediauto-imagenes/imagenes/46085/46085_14.jpeg,Descargada
46085,CHEVROLET CAPTIVA PREMIER 7 PASAJEROS AUT 2023,15,No,https://krediautomzt.mx/wp-content/uploads/2026/09/WhatsApp-Image-2026-09-08-at-11.08.05-AM-1.jpeg,krediauto-imagenes/imagenes/46085/46085_15.jpeg,Descargada
46085,CHEVROLET CAPTIVA PREMIER 7 PASAJEROS AUT 2023,16,No,https://krediautomzt.mx/wp-content/uploads/2026/09/WhatsApp-Image-2026-09-08-at-3.57.01-PM.jpeg,krediauto-imagenes/imagenes/46085/46085_16.jpeg,Descargada
46085,CHEVROLET CAPTIVA PREMIER 7 PASAJEROS AUT 2023,17,No,https://krediautomzt.mx/wp-content/uploads/2026/09/WhatsApp-Image-2026-09-08-at-3.57.06-PM.jpeg,krediauto-imagenes/imagenes/46085/46085_17.jpeg,Descargada
46106,BYD SHARK GL 4X4 2025,1,Sí,https://krediautomzt.mx/wp-content/uploads/2026/09/255fe480-07f2-404d-a20d-3e0fb7fb1e84.jpg,krediauto-imagenes/imagenes/46106/46106_01.jpg,Descargada
46106,BYD SHARK GL 4X4 2025,2,No,https://krediautomzt.mx/wp-content/uploads/2026/09/WhatsApp-Image-2026-09-01-at-9.25.31-AM-4.jpeg,krediauto-imagenes/imagenes/46106/46106_02.jpeg,Descargada
46106,BYD SHARK GL 4X4 2025,3,No,https://krediautomzt.mx/wp-content/uploads/2026/09/WhatsApp-Image-2026-09-01-at-9.25.30-AM.jpeg,krediauto-imagenes/imagenes/46106/46106_03.jpeg,Descargada
46106,BYD SHARK GL 4X4 2025,4,No,https://krediautomzt.mx/wp-content/uploads/2026/09/WhatsApp-Image-2026-09-01-at-9.25.30-AM-2.jpeg,krediauto-imagenes/imagenes/46106/46106_04.jpeg,Descargada
46106,BYD SHARK GL 4X4 2025,5,No,https://krediautomzt.mx/wp-content/uploads/2026/09/WhatsApp-Image-2026-09-01-at-9.25.30-AM-3.jpeg,krediauto-imagenes/imagenes/46106/46106_05.jpeg,Descargada
46106,BYD SHARK GL 4X4 2025,6,No,https://krediautomzt.mx/wp-content/uploads/2026/09/WhatsApp-Image-2026-09-01-at-9.25.31-AM-1.jpeg,krediauto-imagenes/imagenes/46106/46106_06.jpeg,Descargada
46106,BYD SHARK GL 4X4 2025,7,No,https://krediautomzt.mx/wp-content/uploads/2026/09/WhatsApp-Image-2026-09-01-at-9.25.31-AM-2.jpeg,krediauto-imagenes/imagenes/46106/46106_07.jpeg,Descargada
46106,BYD SHARK GL 4X4 2025,8,No,https://krediautomzt.mx/wp-content/uploads/2026/09/WhatsApp-Image-2026-09-01-at-9.25.31-AM-4-1.jpeg,krediauto-imagenes/imagenes/46106/46106_08.jpeg,Descargada
46106,BYD SHARK GL 4X4 2025,9,No,https://krediautomzt.mx/wp-content/uploads/2026/09/WhatsApp-Image-2026-09-01-at-9.25.31-AM-3.jpeg,krediauto-imagenes/imagenes/46106/46106_09.jpeg,Descargada
46106,BYD SHARK GL 4X4 2025,10,No,https://krediautomzt.mx/wp-content/uploads/2026/09/WhatsApp-Image-2026-09-01-at-9.25.31-AM.jpeg,krediauto-imagenes/imagenes/46106/46106_10.jpeg,Descargada
46128,MAZDA 2 EDITION CARBON AUT 2023,1,Sí,https://krediautomzt.mx/wp-content/uploads/2026/09/WhatsApp-Image-2026-09-09-at-11.23.30-AM.jpeg,krediauto-imagenes/imagenes/46128/46128_01.jpeg,Descargada
46128,MAZDA 2 EDITION CARBON AUT 2023,2,No,https://krediautomzt.mx/wp-content/uploads/2026/09/WhatsApp-Image-2026-09-09-at-11.23.35-AM-1.jpeg,krediauto-imagenes/imagenes/46128/46128_02.jpeg,Descargada
46128,MAZDA 2 EDITION CARBON AUT 2023,3,No,https://krediautomzt.mx/wp-content/uploads/2026/09/WhatsApp-Image-2026-09-09-at-11.23.30-AM-1.jpeg,krediauto-imagenes/imagenes/46128/46128_03.jpeg,Descargada
46128,MAZDA 2 EDITION CARBON AUT 2023,4,No,https://krediautomzt.mx/wp-content/uploads/2026/09/WhatsApp-Image-2026-09-09-at-11.23.32-AM.jpeg,krediauto-imagenes/imagenes/46128/46128_04.jpeg,Descargada
46128,MAZDA 2 EDITION CARBON AUT 2023,5,No,https://krediautomzt.mx/wp-content/uploads/2026/09/WhatsApp-Image-2026-09-09-at-11.23.33-AM-1.jpeg,krediauto-imagenes/imagenes/46128/46128_05.jpeg,Descargada
46128,MAZDA 2 EDITION CARBON AUT 2023,6,No,https://krediautomzt.mx/wp-content/uploads/2026/09/WhatsApp-Image-2026-09-09-at-11.23.33-AM.jpeg,krediauto-imagenes/imagenes/46128/46128_06.jpeg,Descargada
46128,MAZDA 2 EDITION CARBON AUT 2023,7,No,https://krediautomzt.mx/wp-content/uploads/2026/09/WhatsApp-Image-2026-09-09-at-11.23.34-AM-1.jpeg,krediauto-imagenes/imagenes/46128/46128_07.jpeg,Descargada
46128,MAZDA 2 EDITION CARBON AUT 2023,8,No,https://krediautomzt.mx/wp-content/uploads/2026/09/WhatsApp-Image-2026-09-09-at-11.23.34-AM-2.jpeg,krediauto-imagenes/imagenes/46128/46128_08.jpeg,Descargada
46128,MAZDA 2 EDITION CARBON AUT 2023,9,No,https://krediautomzt.mx/wp-content/uploads/2026/09/WhatsApp-Image-2026-09-09-at-11.23.34-AM.jpeg,krediauto-imagenes/imagenes/46128/46128_09.jpeg,Descargada
46138,KIA FORTE EX 2021 AUT,1,Sí,https://krediautomzt.mx/wp-content/uploads/2026/09/WhatsApp-Image-2026-06-23-at-6.06.53-PM-1.jpeg,krediauto-imagenes/imagenes/46138/46138_01.jpeg,Descargada
46138,KIA FORTE EX 2021 AUT,2,No,https://krediautomzt.mx/wp-content/uploads/2026/09/WhatsApp-Image-2026-06-23-at-6.06.55-PM-2.jpeg,krediauto-imagenes/imagenes/46138/46138_02.jpeg,Descargada
46138,KIA FORTE EX 2021 AUT,3,No,https://krediautomzt.mx/wp-content/uploads/2026/09/WhatsApp-Image-2026-06-23-at-6.06.56-PM.jpeg,krediauto-imagenes/imagenes/46138/46138_03.jpeg,Descargada
46138,KIA FORTE EX 2021 AUT,4,No,https://krediautomzt.mx/wp-content/uploads/2026/09/WhatsApp-Image-2026-06-23-at-6.06.56-PM-1.jpeg,krediauto-imagenes/imagenes/46138/46138_04.jpeg,Descargada
46138,KIA FORTE EX 2021 AUT,5,No,https://krediautomzt.mx/wp-content/uploads/2026/09/WhatsApp-Image-2026-06-23-at-6.06.53-PM.jpeg,krediauto-imagenes/imagenes/46138/46138_05.jpeg,Descargada
46138,KIA FORTE EX 2021 AUT,6,No,https://krediautomzt.mx/wp-content/uploads/2026/09/WhatsApp-Image-2026-06-23-at-6.06.54-PM.jpeg,krediauto-imagenes/imagenes/46138/46138_06.jpeg,Descargada
46138,KIA FORTE EX 2021 AUT,7,No,https://krediautomzt.mx/wp-content/uploads/2026/09/WhatsApp-Image-2026-06-23-at-6.06.54-PM-1.jpeg,krediauto-imagenes/imagenes/46138/46138_07.jpeg,Descargada
46138,KIA FORTE EX 2021 AUT,8,No,https://krediautomzt.mx/wp-content/uploads/2026/09/WhatsApp-Image-2026-06-23-at-6.06.55-PM-1.jpeg,krediauto-imagenes/imagenes/46138/46138_08.jpeg,Descargada
46148,TOYOTA RAIZE XLE AUT 2024,1,Sí,https://krediautomzt.mx/wp-content/uploads/2026/09/WhatsApp-Image-2026-09-09-at-5.17.01-PM-1.jpeg,krediauto-imagenes/imagenes/46148/46148_01.jpeg,Descargada
46148,TOYOTA RAIZE XLE AUT 2024,2,No,https://krediautomzt.mx/wp-content/uploads/2026/09/WhatsApp-Image-2026-09-09-at-5.17.01-PM-12.jpeg,krediauto-imagenes/imagenes/46148/46148_02.jpeg,Descargada
46148,TOYOTA RAIZE XLE AUT 2024,3,No,https://krediautomzt.mx/wp-content/uploads/2026/09/WhatsApp-Image-2026-09-09-at-5.17.01-PM-2.jpeg,krediauto-imagenes/imagenes/46148/46148_03.jpeg,Descargada
46148,TOYOTA RAIZE XLE AUT 2024,4,No,https://krediautomzt.mx/wp-content/uploads/2026/09/WhatsApp-Image-2026-09-09-at-5.17.01-PM-3.jpeg,krediauto-imagenes/imagenes/46148/46148_04.jpeg,Descargada
46148,TOYOTA RAIZE XLE AUT 2024,5,No,https://krediautomzt.mx/wp-content/uploads/2026/09/WhatsApp-Image-2026-09-09-at-5.17.01-PM-5.jpeg,krediauto-imagenes/imagenes/46148/46148_05.jpeg,Descargada
46148,TOYOTA RAIZE XLE AUT 2024,6,No,https://krediautomzt.mx/wp-content/uploads/2026/09/WhatsApp-Image-2026-09-09-at-5.17.01-PM-6.jpeg,krediauto-imagenes/imagenes/46148/46148_06.jpeg,Descargada
46148,TOYOTA RAIZE XLE AUT 2024,7,No,https://krediautomzt.mx/wp-content/uploads/2026/09/WhatsApp-Image-2026-09-09-at-5.17.01-PM-8.jpeg,krediauto-imagenes/imagenes/46148/46148_07.jpeg,Descargada
46148,TOYOTA RAIZE XLE AUT 2024,8,No,https://krediautomzt.mx/wp-content/uploads/2026/09/WhatsApp-Image-2026-09-09-at-5.17.01-PM-9.jpeg,krediauto-imagenes/imagenes/46148/46148_08.jpeg,Descargada
46148,TOYOTA RAIZE XLE AUT 2024,9,No,https://krediautomzt.mx/wp-content/uploads/2026/09/WhatsApp-Image-2026-09-09-at-5.17.01-PM-10.jpeg,krediauto-imagenes/imagenes/46148/46148_09.jpeg,Descargada
46148,TOYOTA RAIZE XLE AUT 2024,10,No,https://krediautomzt.mx/wp-content/uploads/2026/09/WhatsApp-Image-2026-09-09-at-5.17.01-PM-11.jpeg,krediauto-imagenes/imagenes/46148/46148_10.jpeg,Descargada
46161,TOYOTA RAV4 LIMITED HEV AUT 2023,1,Sí,https://krediautomzt.mx/wp-content/uploads/2026/09/WhatsApp-Image-2026-09-10-at-4.49.29-PM.jpeg,krediauto-imagenes/imagenes/46161/46161_01.jpeg,Descargada
46161,TOYOTA RAV4 LIMITED HEV AUT 2023,2,No,https://krediautomzt.mx/wp-content/uploads/2026/09/WhatsApp-Image-2026-09-10-at-4.49.36-PM.jpeg,krediauto-imagenes/imagenes/46161/46161_02.jpeg,Descargada
46161,TOYOTA RAV4 LIMITED HEV AUT 2023,3,No,https://krediautomzt.mx/wp-content/uploads/2026/09/WhatsApp-Image-2026-09-10-at-4.49.30-PM.jpeg,krediauto-imagenes/imagenes/46161/46161_03.jpeg,Descargada
46161,TOYOTA RAV4 LIMITED HEV AUT 2023,4,No,https://krediautomzt.mx/wp-content/uploads/2026/09/WhatsApp-Image-2026-09-10-at-4.49.31-PM.jpeg,krediauto-imagenes/imagenes/46161/46161_04.jpeg,Descargada
46161,TOYOTA RAV4 LIMITED HEV AUT 2023,5,No,https://krediautomzt.mx/wp-content/uploads/2026/09/WhatsApp-Image-2026-09-10-at-4.49.34-PM.jpeg,krediauto-imagenes/imagenes/46161/46161_05.jpeg,Descargada
46161,TOYOTA RAV4 LIMITED HEV AUT 2023,6,No,https://krediautomzt.mx/wp-content/uploads/2026/09/WhatsApp-Image-2026-09-10-at-4.49.36-PM-1.jpeg,krediauto-imagenes/imagenes/46161/46161_06.jpeg,Descargada
46161,TOYOTA RAV4 LIMITED HEV AUT 2023,7,No,https://krediautomzt.mx/wp-content/uploads/2026/09/WhatsApp-Image-2026-09-10-at-4.49.31-PM-1.jpeg,krediauto-imagenes/imagenes/46161/46161_07.jpeg,Descargada
46161,TOYOTA RAV4 LIMITED HEV AUT 2023,8,No,https://krediautomzt.mx/wp-content/uploads/2026/09/WhatsApp-Image-2026-09-10-at-4.49.35-PM.jpeg,krediauto-imagenes/imagenes/46161/46161_08.jpeg,Descargada
46161,TOYOTA RAV4 LIMITED HEV AUT 2023,9,No,https://krediautomzt.mx/wp-content/uploads/2026/09/WhatsApp-Image-2026-09-10-at-4.49.42-PM.jpeg,krediauto-imagenes/imagenes/46161/46161_09.jpeg,Descargada
46161,TOYOTA RAV4 LIMITED HEV AUT 2023,10,No,https://krediautomzt.mx/wp-content/uploads/2026/09/WhatsApp-Image-2026-09-10-at-4.49.38-PM-1.jpeg,krediauto-imagenes/imagenes/46161/46161_10.jpeg,Descargada
46161,TOYOTA RAV4 LIMITED HEV AUT 2023,11,No,https://krediautomzt.mx/wp-content/uploads/2026/09/WhatsApp-Image-2026-09-10-at-4.49.38-PM.jpeg,krediauto-imagenes/imagenes/46161/46161_11.jpeg,Descargada
46161,TOYOTA RAV4 LIMITED HEV AUT 2023,12,No,https://krediautomzt.mx/wp-content/uploads/2026/09/WhatsApp-Image-2026-09-10-at-4.49.39-PM.jpeg,krediauto-imagenes/imagenes/46161/46161_12.jpeg,Descargada
46161,TOYOTA RAV4 LIMITED HEV AUT 2023,13,No,https://krediautomzt.mx/wp-content/uploads/2026/09/WhatsApp-Image-2026-09-10-at-4.49.40-PM-1.jpeg,krediauto-imagenes/imagenes/46161/46161_13.jpeg,Descargada
46161,TOYOTA RAV4 LIMITED HEV AUT 2023,14,No,https://krediautomzt.mx/wp-content/uploads/2026/09/WhatsApp-Image-2026-09-10-at-4.49.40-PM.jpeg,krediauto-imagenes/imagenes/46161/46161_14.jpeg,Descargada
46161,TOYOTA RAV4 LIMITED HEV AUT 2023,15,No,https://krediautomzt.mx/wp-content/uploads/2026/09/WhatsApp-Image-2026-09-10-at-4.49.41-PM-1.jpeg,krediauto-imagenes/imagenes/46161/46161_15.jpeg,Descargada
46161,TOYOTA RAV4 LIMITED HEV AUT 2023,16,No,https://krediautomzt.mx/wp-content/uploads/2026/09/WhatsApp-Image-2026-09-10-at-4.49.41-PM.jpeg,krediauto-imagenes/imagenes/46161/46161_16.jpeg,Descargada
46179,HYUNDAI CRETA GLS PREMIUM AUT 2022,1,Sí,https://krediautomzt.mx/wp-content/uploads/2026/09/WhatsApp-Image-2026-09-10-at-4.50.49-PM.jpeg,krediauto-imagenes/imagenes/46179/46179_01.jpeg,Descargada
46179,HYUNDAI CRETA GLS PREMIUM AUT 2022,2,No,https://krediautomzt.mx/wp-content/uploads/2026/09/WhatsApp-Image-2026-09-10-at-4.50.49-PM-8.jpeg,krediauto-imagenes/imagenes/46179/46179_02.jpeg,Descargada
46179,HYUNDAI CRETA GLS PREMIUM AUT 2022,3,No,https://krediautomzt.mx/wp-content/uploads/2026/09/WhatsApp-Image-2026-09-10-at-4.50.48-PM.jpeg,krediauto-imagenes/imagenes/46179/46179_03.jpeg,Descargada
46179,HYUNDAI CRETA GLS PREMIUM AUT 2022,4,No,https://krediautomzt.mx/wp-content/uploads/2026/09/WhatsApp-Image-2026-09-10-at-4.50.49-PM-1.jpeg,krediauto-imagenes/imagenes/46179/46179_04.jpeg,Descargada
46179,HYUNDAI CRETA GLS PREMIUM AUT 2022,5,No,https://krediautomzt.mx/wp-content/uploads/2026/09/WhatsApp-Image-2026-09-10-at-4.50.49-PM-2.jpeg,krediauto-imagenes/imagenes/46179/46179_05.jpeg,Descargada
46179,HYUNDAI CRETA GLS PREMIUM AUT 2022,6,No,https://krediautomzt.mx/wp-content/uploads/2026/09/WhatsApp-Image-2026-09-10-at-4.50.49-PM-3.jpeg,krediauto-imagenes/imagenes/46179/46179_06.jpeg,Descargada
46179,HYUNDAI CRETA GLS PREMIUM AUT 2022,7,No,https://krediautomzt.mx/wp-content/uploads/2026/09/WhatsApp-Image-2026-09-10-at-4.50.49-PM-4.jpeg,krediauto-imagenes/imagenes/46179/46179_07.jpeg,Descargada
46179,HYUNDAI CRETA GLS PREMIUM AUT 2022,8,No,https://krediautomzt.mx/wp-content/uploads/2026/09/WhatsApp-Image-2026-09-10-at-4.50.49-PM-5.jpeg,krediauto-imagenes/imagenes/46179/46179_08.jpeg,Descargada
46179,HYUNDAI CRETA GLS PREMIUM AUT 2022,9,No,https://krediautomzt.mx/wp-content/uploads/2026/09/WhatsApp-Image-2026-09-10-at-4.50.49-PM-6.jpeg,krediauto-imagenes/imagenes/46179/46179_09.jpeg,Descargada
46179,HYUNDAI CRETA GLS PREMIUM AUT 2022,10,No,https://krediautomzt.mx/wp-content/uploads/2026/09/WhatsApp-Image-2026-09-10-at-4.50.49-PM-7.jpeg,krediauto-imagenes/imagenes/46179/46179_10.jpeg,Descargada
46179,HYUNDAI CRETA GLS PREMIUM AUT 2022,11,No,https://krediautomzt.mx/wp-content/uploads/2026/09/WhatsApp-Image-2026-09-10-at-4.50.49-PM-9.jpeg,krediauto-imagenes/imagenes/46179/46179_11.jpeg,Descargada
46191,KIA FORTE LX AUT 2022,1,Sí,https://krediautomzt.mx/wp-content/uploads/2026/09/WhatsApp-Image-2026-09-11-at-4.56.08-PM-2.jpeg,krediauto-imagenes/imagenes/46191/46191_01.jpeg,Descargada
46191,KIA FORTE LX AUT 2022,2,No,https://krediautomzt.mx/wp-content/uploads/2026/09/WhatsApp-Image-2026-09-11-at-4.56.11-PM.jpeg,krediauto-imagenes/imagenes/46191/46191_02.jpeg,Descargada
46191,KIA FORTE LX AUT 2022,3,No,https://krediautomzt.mx/wp-content/uploads/2026/09/WhatsApp-Image-2026-09-11-at-4.56.07-PM.jpeg,krediauto-imagenes/imagenes/46191/46191_03.jpeg,Descargada
46191,KIA FORTE LX AUT 2022,4,No,https://krediautomzt.mx/wp-content/uploads/2026/09/WhatsApp-Image-2026-09-11-at-4.56.08-PM-1.jpeg,krediauto-imagenes/imagenes/46191/46191_04.jpeg,Descargada
46191,KIA FORTE LX AUT 2022,5,No,https://krediautomzt.mx/wp-content/uploads/2026/09/WhatsApp-Image-2026-09-11-at-4.56.08-PM.jpeg,krediauto-imagenes/imagenes/46191/46191_05.jpeg,Descargada
46191,KIA FORTE LX AUT 2022,6,No,https://krediautomzt.mx/wp-content/uploads/2026/09/WhatsApp-Image-2026-09-11-at-4.56.09-PM-1.jpeg,krediauto-imagenes/imagenes/46191/46191_06.jpeg,Descargada
46191,KIA FORTE LX AUT 2022,7,No,https://krediautomzt.mx/wp-content/uploads/2026/09/WhatsApp-Image-2026-09-11-at-4.56.09-PM-2.jpeg,krediauto-imagenes/imagenes/46191/46191_07.jpeg,Descargada
46191,KIA FORTE LX AUT 2022,8,No,https://krediautomzt.mx/wp-content/uploads/2026/09/WhatsApp-Image-2026-09-11-at-4.56.09-PM-3.jpeg,krediauto-imagenes/imagenes/46191/46191_08.jpeg,Descargada
46191,KIA FORTE LX AUT 2022,9,No,https://krediautomzt.mx/wp-content/uploads/2026/09/WhatsApp-Image-2026-09-11-at-4.56.09-PM.jpeg,krediauto-imagenes/imagenes/46191/46191_09.jpeg,Descargada
46191,KIA FORTE LX AUT 2022,10,No,https://krediautomzt.mx/wp-content/uploads/2026/09/WhatsApp-Image-2026-09-11-at-4.56.10-PM.jpeg,krediauto-imagenes/imagenes/46191/46191_10.jpeg,Descargada
46191,KIA FORTE LX AUT 2022,11,No,https://krediautomzt.mx/wp-content/uploads/2026/09/WhatsApp-Image-2026-09-11-at-4.56.11-PM-1.jpeg,krediauto-imagenes/imagenes/46191/46191_11.jpeg,Descargada
46191,KIA FORTE LX AUT 2022,12,No,https://krediautomzt.mx/wp-content/uploads/2026/09/WhatsApp-Image-2026-09-11-at-4.56.11-PM-2.jpeg,krediauto-imagenes/imagenes/46191/46191_12.jpeg,Descargada
46218,HYUNDAI CRETA GRAND GLS PREMIUM AT 2.0 2024,1,Sí,https://krediautomzt.mx/wp-content/uploads/2026/09/WhatsApp-Image-2026-09-11-at-6.27.59-PM-1.jpeg,krediauto-imagenes/imagenes/46218/46218_01.jpeg,Descargada
46218,HYUNDAI CRETA GRAND GLS PREMIUM AT 2.0 2024,2,No,https://krediautomzt.mx/wp-content/uploads/2026/09/WhatsApp-Image-2026-09-11-at-6.28.02-PM-6.jpeg,krediauto-imagenes/imagenes/46218/46218_02.jpeg,Descargada
46218,HYUNDAI CRETA GRAND GLS PREMIUM AT 2.0 2024,3,No,https://krediautomzt.mx/wp-content/uploads/2026/09/WhatsApp-Image-2026-09-11-at-6.27.59-PM.jpeg,krediauto-imagenes/imagenes/46218/46218_03.jpeg,Descargada
46218,HYUNDAI CRETA GRAND GLS PREMIUM AT 2.0 2024,4,No,https://krediautomzt.mx/wp-content/uploads/2026/09/WhatsApp-Image-2026-09-11-at-6.28.01-PM-2.jpeg,krediauto-imagenes/imagenes/46218/46218_04.jpeg,Descargada
46218,HYUNDAI CRETA GRAND GLS PREMIUM AT 2.0 2024,5,No,https://krediautomzt.mx/wp-content/uploads/2026/09/WhatsApp-Image-2026-09-11-at-6.28.01-PM.jpeg,krediauto-imagenes/imagenes/46218/46218_05.jpeg,Descargada
46218,HYUNDAI CRETA GRAND GLS PREMIUM AT 2.0 2024,6,No,https://krediautomzt.mx/wp-content/uploads/2026/09/WhatsApp-Image-2026-09-11-at-6.28.02-PM-2.jpeg,krediauto-imagenes/imagenes/46218/46218_06.jpeg,Descargada
46218,HYUNDAI CRETA GRAND GLS PREMIUM AT 2.0 2024,7,No,https://krediautomzt.mx/wp-content/uploads/2026/09/WhatsApp-Image-2026-09-11-at-6.28.02-PM-3.jpeg,krediauto-imagenes/imagenes/46218/46218_07.jpeg,Descargada
46218,HYUNDAI CRETA GRAND GLS PREMIUM AT 2.0 2024,8,No,https://krediautomzt.mx/wp-content/uploads/2026/09/WhatsApp-Image-2026-09-11-at-6.28.02-PM-5.jpeg,krediauto-imagenes/imagenes/46218/46218_08.jpeg,Descargada
46218,HYUNDAI CRETA GRAND GLS PREMIUM AT 2.0 2024,9,No,https://krediautomzt.mx/wp-content/uploads/2026/09/WhatsApp-Image-2026-09-11-at-6.28.02-PM-4.jpeg,krediauto-imagenes/imagenes/46218/46218_09.jpeg,Descargada
46218,HYUNDAI CRETA GRAND GLS PREMIUM AT 2.0 2024,10,No,https://krediautomzt.mx/wp-content/uploads/2026/09/WhatsApp-Image-2026-09-11-at-6.28.02-PM-1.jpeg,krediauto-imagenes/imagenes/46218/46218_10.jpeg,Descargada
46218,HYUNDAI CRETA GRAND GLS PREMIUM AT 2.0 2024,11,No,https://krediautomzt.mx/wp-content/uploads/2026/09/WhatsApp-Image-2026-09-11-at-6.28.01-PM-1.jpeg,krediauto-imagenes/imagenes/46218/46218_11.jpeg,Descargada
46218,HYUNDAI CRETA GRAND GLS PREMIUM AT 2.0 2024,12,No,https://krediautomzt.mx/wp-content/uploads/2026/09/WhatsApp-Image-2026-09-11-at-6.28.02-PM.jpeg,krediauto-imagenes/imagenes/46218/46218_12.jpeg,Descargada
46231,KIA RÍO EX PACK AUT 2023,1,Sí,https://krediautomzt.mx/wp-content/uploads/2026/09/923b3530-4ed3-4e7b-a5eb-06cba0c8d5af.jpg,krediauto-imagenes/imagenes/46231/46231_01.jpg,Descargada
46231,KIA RÍO EX PACK AUT 2023,2,No,https://krediautomzt.mx/wp-content/uploads/2026/09/WhatsApp-Image-2026-09-14-at-2.01.10-PM-1.jpeg,krediauto-imagenes/imagenes/46231/46231_02.jpeg,Descargada
46231,KIA RÍO EX PACK AUT 2023,3,No,https://krediautomzt.mx/wp-content/uploads/2026/09/WhatsApp-Image-2026-09-14-at-2.01.12-PM-1.jpeg,krediauto-imagenes/imagenes/46231/46231_03.jpeg,Descargada
46231,KIA RÍO EX PACK AUT 2023,4,No,https://krediautomzt.mx/wp-content/uploads/2026/09/WhatsApp-Image-2026-09-14-at-2.01.10-PM-2.jpeg,krediauto-imagenes/imagenes/46231/46231_04.jpeg,Descargada
46231,KIA RÍO EX PACK AUT 2023,5,No,https://krediautomzt.mx/wp-content/uploads/2026/09/WhatsApp-Image-2026-09-14-at-2.01.10-PM-3.jpeg,krediauto-imagenes/imagenes/46231/46231_05.jpeg,Descargada
46231,KIA RÍO EX PACK AUT 2023,6,No,https://krediautomzt.mx/wp-content/uploads/2026/09/WhatsApp-Image-2026-09-14-at-2.01.10-PM.jpeg,krediauto-imagenes/imagenes/46231/46231_06.jpeg,Descargada
46231,KIA RÍO EX PACK AUT 2023,7,No,https://krediautomzt.mx/wp-content/uploads/2026/09/WhatsApp-Image-2026-09-14-at-2.01.11-PM-1.jpeg,krediauto-imagenes/imagenes/46231/46231_07.jpeg,Descargada
46231,KIA RÍO EX PACK AUT 2023,8,No,https://krediautomzt.mx/wp-content/uploads/2026/09/WhatsApp-Image-2026-09-14-at-2.01.11-PM-2.jpeg,krediauto-imagenes/imagenes/46231/46231_08.jpeg,Descargada
46231,KIA RÍO EX PACK AUT 2023,9,No,https://krediautomzt.mx/wp-content/uploads/2026/09/WhatsApp-Image-2026-09-14-at-2.01.11-PM-3.jpeg,krediauto-imagenes/imagenes/46231/46231_09.jpeg,Descargada
46231,KIA RÍO EX PACK AUT 2023,10,No,https://krediautomzt.mx/wp-content/uploads/2026/09/WhatsApp-Image-2026-09-14-at-2.01.11-PM-4.jpeg,krediauto-imagenes/imagenes/46231/46231_10.jpeg,Descargada
46231,KIA RÍO EX PACK AUT 2023,11,No,https://krediautomzt.mx/wp-content/uploads/2026/09/WhatsApp-Image-2026-09-14-at-2.01.11-PM.jpeg,krediauto-imagenes/imagenes/46231/46231_11.jpeg,Descargada
46231,KIA RÍO EX PACK AUT 2023,12,No,https://krediautomzt.mx/wp-content/uploads/2026/09/WhatsApp-Image-2026-09-14-at-2.01.12-PM.jpeg,krediauto-imagenes/imagenes/46231/46231_12.jpeg,Descargada
46231,KIA RÍO EX PACK AUT 2023,13,No,https://krediautomzt.mx/wp-content/uploads/2026/09/WhatsApp-Image-2026-09-14-at-2.01.12-PM-2.jpeg,krediauto-imagenes/imagenes/46231/46231_13.jpeg,Descargada
46231,KIA RÍO EX PACK AUT 2023,14,No,https://krediautomzt.mx/wp-content/uploads/2026/09/WhatsApp-Image-2026-09-14-at-2.01.12-PM-3.jpeg,krediauto-imagenes/imagenes/46231/46231_14.jpeg,Descargada
46246,DODGE ATTITUDE GT AUT 2026,1,Sí,https://krediautomzt.mx/wp-content/uploads/2026/09/81716e33-6186-40df-a11d-2eb872dd5d3f.jpg,krediauto-imagenes/imagenes/46246/46246_01.jpg,Descargada
46246,DODGE ATTITUDE GT AUT 2026,2,No,https://krediautomzt.mx/wp-content/uploads/2026/09/WhatsApp-Image-2026-09-14-at-5.00.29-PM-2.jpeg,krediauto-imagenes/imagenes/46246/46246_02.jpeg,Descargada
46246,DODGE ATTITUDE GT AUT 2026,3,No,https://krediautomzt.mx/wp-content/uploads/2026/09/WhatsApp-Image-2026-09-14-at-5.00.28-PM-1.jpeg,krediauto-imagenes/imagenes/46246/46246_03.jpeg,Descargada
46246,DODGE ATTITUDE GT AUT 2026,4,No,https://krediautomzt.mx/wp-content/uploads/2026/09/WhatsApp-Image-2026-09-14-at-5.00.28-PM-2.jpeg,krediauto-imagenes/imagenes/46246/46246_04.jpeg,Descargada
46246,DODGE ATTITUDE GT AUT 2026,5,No,https://krediautomzt.mx/wp-content/uploads/2026/09/WhatsApp-Image-2026-09-14-at-5.00.29-PM-1.jpeg,krediauto-imagenes/imagenes/46246/46246_05.jpeg,Descargada
46246,DODGE ATTITUDE GT AUT 2026,6,No,https://krediautomzt.mx/wp-content/uploads/2026/09/WhatsApp-Image-2026-09-14-at-5.00.28-PM.jpeg,krediauto-imagenes/imagenes/46246/46246_06.jpeg,Descargada
46246,DODGE ATTITUDE GT AUT 2026,7,No,https://krediautomzt.mx/wp-content/uploads/2026/09/WhatsApp-Image-2026-09-14-at-5.00.30-PM-1.jpeg,krediauto-imagenes/imagenes/46246/46246_07.jpeg,Descargada
46246,DODGE ATTITUDE GT AUT 2026,8,No,https://krediautomzt.mx/wp-content/uploads/2026/09/WhatsApp-Image-2026-09-14-at-5.00.29-PM-3.jpeg,krediauto-imagenes/imagenes/46246/46246_08.jpeg,Descargada
46246,DODGE ATTITUDE GT AUT 2026,9,No,https://krediautomzt.mx/wp-content/uploads/2026/09/WhatsApp-Image-2026-09-14-at-5.00.29-PM-4.jpeg,krediauto-imagenes/imagenes/46246/46246_09.jpeg,Descargada
46246,DODGE ATTITUDE GT AUT 2026,10,No,https://krediautomzt.mx/wp-content/uploads/2026/09/WhatsApp-Image-2026-09-14-at-5.00.29-PM-5.jpeg,krediauto-imagenes/imagenes/46246/46246_10.jpeg,Descargada
46246,DODGE ATTITUDE GT AUT 2026,11,No,https://krediautomzt.mx/wp-content/uploads/2026/09/WhatsApp-Image-2026-09-14-at-5.00.29-PM-6.jpeg,krediauto-imagenes/imagenes/46246/46246_11.jpeg,Descargada
46246,DODGE ATTITUDE GT AUT 2026,12,No,https://krediautomzt.mx/wp-content/uploads/2026/09/WhatsApp-Image-2026-09-14-at-5.00.29-PM.jpeg,krediauto-imagenes/imagenes/46246/46246_12.jpeg,Descargada
46246,DODGE ATTITUDE GT AUT 2026,13,No,https://krediautomzt.mx/wp-content/uploads/2026/09/WhatsApp-Image-2026-09-14-at-5.00.30-PM.jpeg,krediauto-imagenes/imagenes/46246/46246_13.jpeg,Descargada
46246,DODGE ATTITUDE GT AUT 2026,14,No,https://krediautomzt.mx/wp-content/uploads/2026/09/WhatsApp-Image-2026-09-14-at-5.00.30-PM-2.jpeg,krediauto-imagenes/imagenes/46246/46246_14.jpeg,Descargada
46246,DODGE ATTITUDE GT AUT 2026,15,No,https://krediautomzt.mx/wp-content/uploads/2026/09/WhatsApp-Image-2026-09-14-at-5.00.30-PM-3.jpeg,krediauto-imagenes/imagenes/46246/46246_15.jpeg,Descargada
46262,MAZDA CX30 SIGNATURE AUT 2024,1,Sí,https://krediautomzt.mx/wp-content/uploads/2026/09/WhatsApp-Image-2026-09-17-at-5.39.28-PM-1.jpeg,krediauto-imagenes/imagenes/46262/46262_01.jpeg,Descargada
46262,MAZDA CX30 SIGNATURE AUT 2024,2,No,https://krediautomzt.mx/wp-content/uploads/2026/09/WhatsApp-Image-2026-09-17-at-5.39.27-PM-2.jpeg,krediauto-imagenes/imagenes/46262/46262_02.jpeg,Descargada
46262,MAZDA CX30 SIGNATURE AUT 2024,3,No,https://krediautomzt.mx/wp-content/uploads/2026/09/WhatsApp-Image-2026-09-17-at-5.39.27-PM-4.jpeg,krediauto-imagenes/imagenes/46262/46262_03.jpeg,Descargada
46262,MAZDA CX30 SIGNATURE AUT 2024,4,No,https://krediautomzt.mx/wp-content/uploads/2026/09/WhatsApp-Image-2026-09-17-at-5.39.27-PM.jpeg,krediauto-imagenes/imagenes/46262/46262_04.jpeg,Descargada
46262,MAZDA CX30 SIGNATURE AUT 2024,5,No,https://krediautomzt.mx/wp-content/uploads/2026/09/WhatsApp-Image-2026-09-17-at-5.39.28-PM-6.jpeg,krediauto-imagenes/imagenes/46262/46262_05.jpeg,Descargada
46262,MAZDA CX30 SIGNATURE AUT 2024,6,No,https://krediautomzt.mx/wp-content/uploads/2026/09/WhatsApp-Image-2026-09-17-at-5.39.28-PM-2.jpeg,krediauto-imagenes/imagenes/46262/46262_06.jpeg,Descargada
46262,MAZDA CX30 SIGNATURE AUT 2024,7,No,https://krediautomzt.mx/wp-content/uploads/2026/09/WhatsApp-Image-2026-09-17-at-5.39.28-PM-3.jpeg,krediauto-imagenes/imagenes/46262/46262_07.jpeg,Descargada
46262,MAZDA CX30 SIGNATURE AUT 2024,8,No,https://krediautomzt.mx/wp-content/uploads/2026/09/WhatsApp-Image-2026-09-17-at-5.39.28-PM-4.jpeg,krediauto-imagenes/imagenes/46262/46262_08.jpeg,Descargada
46262,MAZDA CX30 SIGNATURE AUT 2024,9,No,https://krediautomzt.mx/wp-content/uploads/2026/09/WhatsApp-Image-2026-09-17-at-5.39.28-PM-5.jpeg,krediauto-imagenes/imagenes/46262/46262_09.jpeg,Descargada
46262,MAZDA CX30 SIGNATURE AUT 2024,10,No,https://krediautomzt.mx/wp-content/uploads/2026/09/WhatsApp-Image-2026-09-17-at-5.39.28-PM.jpeg,krediauto-imagenes/imagenes/46262/46262_10.jpeg,Descargada
46262,MAZDA CX30 SIGNATURE AUT 2024,11,No,https://krediautomzt.mx/wp-content/uploads/2026/09/WhatsApp-Image-2026-09-17-at-5.39.28-PM-7.jpeg,krediauto-imagenes/imagenes/46262/46262_11.jpeg,Descargada
46274,HYUNDAI TUCSON LIMITED AUT 2019,1,Sí,https://krediautomzt.mx/wp-content/uploads/2026/09/532c0ae7-5a31-4c23-9818-f324947400c6.jpg,krediauto-imagenes/imagenes/46274/46274_01.jpg,Descargada
46274,HYUNDAI TUCSON LIMITED AUT 2019,2,No,https://krediautomzt.mx/wp-content/uploads/2026/09/WhatsApp-Image-2026-09-17-at-12.57.12-PM.jpeg,krediauto-imagenes/imagenes/46274/46274_02.jpeg,Descargada
46274,HYUNDAI TUCSON LIMITED AUT 2019,3,No,https://krediautomzt.mx/wp-content/uploads/2026/09/WhatsApp-Image-2026-09-17-at-12.57.05-PM.jpeg,krediauto-imagenes/imagenes/46274/46274_03.jpeg,Descargada
46274,HYUNDAI TUCSON LIMITED AUT 2019,4,No,https://krediautomzt.mx/wp-content/uploads/2026/09/WhatsApp-Image-2026-09-17-at-12.57.08-PM-1.jpeg,krediauto-imagenes/imagenes/46274/46274_04.jpeg,Descargada
46274,HYUNDAI TUCSON LIMITED AUT 2019,5,No,https://krediautomzt.mx/wp-content/uploads/2026/09/WhatsApp-Image-2026-09-17-at-12.57.08-PM.jpeg,krediauto-imagenes/imagenes/46274/46274_05.jpeg,Descargada
46274,HYUNDAI TUCSON LIMITED AUT 2019,6,No,https://krediautomzt.mx/wp-content/uploads/2026/09/WhatsApp-Image-2026-09-17-at-12.57.11-PM-1.jpeg,krediauto-imagenes/imagenes/46274/46274_06.jpeg,Descargada
46274,HYUNDAI TUCSON LIMITED AUT 2019,7,No,https://krediautomzt.mx/wp-content/uploads/2026/09/WhatsApp-Image-2026-09-17-at-12.57.11-PM-3.jpeg,krediauto-imagenes/imagenes/46274/46274_07.jpeg,Descargada
46274,HYUNDAI TUCSON LIMITED AUT 2019,8,No,https://krediautomzt.mx/wp-content/uploads/2026/09/WhatsApp-Image-2026-09-17-at-12.57.11-PM.jpeg,krediauto-imagenes/imagenes/46274/46274_08.jpeg,Descargada
46274,HYUNDAI TUCSON LIMITED AUT 2019,9,No,https://krediautomzt.mx/wp-content/uploads/2026/09/WhatsApp-Image-2026-09-17-at-12.57.12-PM-2.jpeg,krediauto-imagenes/imagenes/46274/46274_09.jpeg,Descargada
46274,HYUNDAI TUCSON LIMITED AUT 2019,10,No,https://krediautomzt.mx/wp-content/uploads/2026/09/WhatsApp-Image-2026-09-17-at-12.57.11-PM-2.jpeg,krediauto-imagenes/imagenes/46274/46274_10.jpeg,Descargada
46274,HYUNDAI TUCSON LIMITED AUT 2019,11,No,https://krediautomzt.mx/wp-content/uploads/2026/09/WhatsApp-Image-2026-09-17-at-12.57.12-PM-1.jpeg,krediauto-imagenes/imagenes/46274/46274_11.jpeg,Descargada
46274,HYUNDAI TUCSON LIMITED AUT 2019,12,No,https://krediautomzt.mx/wp-content/uploads/2026/09/WhatsApp-Image-2026-09-17-at-12.57.08-PM-2.jpeg,krediauto-imagenes/imagenes/46274/46274_12.jpeg,Descargada
46288,BYD KING AUT 2025,1,Sí,https://krediautomzt.mx/wp-content/uploads/2026/09/1c8af6c7-d374-46b5-adcd-407dc9851fe5.jpg,krediauto-imagenes/imagenes/46288/46288_01.jpg,Descargada
46288,BYD KING AUT 2025,2,No,https://krediautomzt.mx/wp-content/uploads/2026/09/WhatsApp-Image-2026-09-15-at-6.54.25-PM.jpeg,krediauto-imagenes/imagenes/46288/46288_02.jpeg,Descargada
46288,BYD KING AUT 2025,3,No,https://krediautomzt.mx/wp-content/uploads/2026/09/WhatsApp-Image-2026-09-15-at-6.54.33-PM-1.jpeg,krediauto-imagenes/imagenes/46288/46288_03.jpeg,Descargada
46288,BYD KING AUT 2025,4,No,https://krediautomzt.mx/wp-content/uploads/2026/09/WhatsApp-Image-2026-09-15-at-6.54.41-PM-1.jpeg,krediauto-imagenes/imagenes/46288/46288_04.jpeg,Descargada
46288,BYD KING AUT 2025,5,No,https://krediautomzt.mx/wp-content/uploads/2026/09/WhatsApp-Image-2026-09-15-at-6.54.33-PM-2.jpeg,krediauto-imagenes/imagenes/46288/46288_05.jpeg,Descargada
46288,BYD KING AUT 2025,6,No,https://krediautomzt.mx/wp-content/uploads/2026/09/WhatsApp-Image-2026-09-15-at-6.54.33-PM.jpeg,krediauto-imagenes/imagenes/46288/46288_06.jpeg,Descargada
46288,BYD KING AUT 2025,7,No,https://krediautomzt.mx/wp-content/uploads/2026/09/WhatsApp-Image-2026-09-15-at-6.54.34-PM.jpeg,krediauto-imagenes/imagenes/46288/46288_07.jpeg,Descargada
46288,BYD KING AUT 2025,8,No,https://krediautomzt.mx/wp-content/uploads/2026/09/WhatsApp-Image-2026-09-15-at-6.54.39-PM.jpeg,krediauto-imagenes/imagenes/46288/46288_08.jpeg,Descargada
46288,BYD KING AUT 2025,9,No,https://krediautomzt.mx/wp-content/uploads/2026/09/WhatsApp-Image-2026-09-15-at-6.54.40-PM.jpeg,krediauto-imagenes/imagenes/46288/46288_09.jpeg,Descargada
46288,BYD KING AUT 2025,10,No,https://krediautomzt.mx/wp-content/uploads/2026/09/WhatsApp-Image-2026-09-15-at-6.54.41-PM.jpeg,krediauto-imagenes/imagenes/46288/46288_10.jpeg,Descargada
46288,BYD KING AUT 2025,11,No,https://krediautomzt.mx/wp-content/uploads/2026/09/WhatsApp-Image-2026-09-15-at-6.54.41-PM-2.jpeg,krediauto-imagenes/imagenes/46288/46288_11.jpeg,Descargada
46311,BYD SONG PLUS AUT 2026,1,Sí,https://krediautomzt.mx/wp-content/uploads/2026/09/85760616-7400-4df9-a626-b368dadef225.jpg,krediauto-imagenes/imagenes/46311/46311_01.jpg,Descargada
46311,BYD SONG PLUS AUT 2026,2,No,https://krediautomzt.mx/wp-content/uploads/2026/09/WhatsApp-Image-2026-09-17-at-10.54.33-AM-1.jpeg,krediauto-imagenes/imagenes/46311/46311_02.jpeg,Descargada
46311,BYD SONG PLUS AUT 2026,3,No,https://krediautomzt.mx/wp-content/uploads/2026/09/WhatsApp-Image-2026-09-17-at-10.54.31-AM-2.jpeg,krediauto-imagenes/imagenes/46311/46311_03.jpeg,Descargada
46311,BYD SONG PLUS AUT 2026,4,No,https://krediautomzt.mx/wp-content/uploads/2026/09/WhatsApp-Image-2026-09-17-at-10.54.31-AM-3.jpeg,krediauto-imagenes/imagenes/46311/46311_04.jpeg,Descargada
46311,BYD SONG PLUS AUT 2026,5,No,https://krediautomzt.mx/wp-content/uploads/2026/09/WhatsApp-Image-2026-09-17-at-10.54.32-AM.jpeg,krediauto-imagenes/imagenes/46311/46311_05.jpeg,Descargada
46311,BYD SONG PLUS AUT 2026,6,No,https://krediautomzt.mx/wp-content/uploads/2026/09/WhatsApp-Image-2026-09-17-at-10.54.32-AM-1.jpeg,krediauto-imagenes/imagenes/46311/46311_06.jpeg,Descargada
46311,BYD SONG PLUS AUT 2026,7,No,https://krediautomzt.mx/wp-content/uploads/2026/09/WhatsApp-Image-2026-09-17-at-10.54.32-AM-2.jpeg,krediauto-imagenes/imagenes/46311/46311_07.jpeg,Descargada
46311,BYD SONG PLUS AUT 2026,8,No,https://krediautomzt.mx/wp-content/uploads/2026/09/WhatsApp-Image-2026-09-17-at-10.54.32-AM-3.jpeg,krediauto-imagenes/imagenes/46311/46311_08.jpeg,Descargada
46311,BYD SONG PLUS AUT 2026,9,No,https://krediautomzt.mx/wp-content/uploads/2026/09/WhatsApp-Image-2026-09-17-at-10.54.32-AM-4.jpeg,krediauto-imagenes/imagenes/46311/46311_09.jpeg,Descargada
46311,BYD SONG PLUS AUT 2026,10,No,https://krediautomzt.mx/wp-content/uploads/2026/09/WhatsApp-Image-2026-09-17-at-10.54.33-AM.jpeg,krediauto-imagenes/imagenes/46311/46311_10.jpeg,Descargada
46322,NISSAN VERSA SENSE TM 2023,1,Sí,https://krediautomzt.mx/wp-content/uploads/2026/09/07cee9de-264a-49d2-87dc-638fa16be317.jpg,krediauto-imagenes/imagenes/46322/46322_01.jpg,Descargada
46322,NISSAN VERSA SENSE TM 2023,2,No,https://krediautomzt.mx/wp-content/uploads/2026/09/WhatsApp-Image-2026-09-18-at-10.39.23-AM-1.jpeg,krediauto-imagenes/imagenes/46322/46322_02.jpeg,Descargada
46322,NISSAN VERSA SENSE TM 2023,3,No,https://krediautomzt.mx/wp-content/uploads/2026/09/WhatsApp-Image-2026-09-18-at-10.39.24-AM.jpeg,krediauto-imagenes/imagenes/46322/46322_03.jpeg,Descargada
46322,NISSAN VERSA SENSE TM 2023,4,No,https://krediautomzt.mx/wp-content/uploads/2026/09/WhatsApp-Image-2026-09-18-at-10.39.23-AM.jpeg,krediauto-imagenes/imagenes/46322/46322_04.jpeg,Descargada
46322,NISSAN VERSA SENSE TM 2023,5,No,https://krediautomzt.mx/wp-content/uploads/2026/09/WhatsApp-Image-2026-09-18-at-10.39.24-AM-1.jpeg,krediauto-imagenes/imagenes/46322/46322_05.jpeg,Descargada
46322,NISSAN VERSA SENSE TM 2023,6,No,https://krediautomzt.mx/wp-content/uploads/2026/09/WhatsApp-Image-2026-09-18-at-10.39.24-AM-2.jpeg,krediauto-imagenes/imagenes/46322/46322_06.jpeg,Descargada
46322,NISSAN VERSA SENSE TM 2023,7,No,https://krediautomzt.mx/wp-content/uploads/2026/09/WhatsApp-Image-2026-09-18-at-10.39.24-AM-3.jpeg,krediauto-imagenes/imagenes/46322/46322_07.jpeg,Descargada
46322,NISSAN VERSA SENSE TM 2023,8,No,https://krediautomzt.mx/wp-content/uploads/2026/09/WhatsApp-Image-2026-09-18-at-10.39.24-AM-4.jpeg,krediauto-imagenes/imagenes/46322/46322_08.jpeg,Descargada
46322,NISSAN VERSA SENSE TM 2023,9,No,https://krediautomzt.mx/wp-content/uploads/2026/09/WhatsApp-Image-2026-09-18-at-10.39.25-AM-3.jpeg,krediauto-imagenes/imagenes/46322/46322_09.jpeg,Descargada
46322,NISSAN VERSA SENSE TM 2023,10,No,https://krediautomzt.mx/wp-content/uploads/2026/09/WhatsApp-Image-2026-09-18-at-10.39.25-AM-1.jpeg,krediauto-imagenes/imagenes/46322/46322_10.jpeg,Descargada
46322,NISSAN VERSA SENSE TM 2023,11,No,https://krediautomzt.mx/wp-content/uploads/2026/09/WhatsApp-Image-2026-09-18-at-10.39.25-AM-2.jpeg,krediauto-imagenes/imagenes/46322/46322_11.jpeg,Descargada
46322,NISSAN VERSA SENSE TM 2023,12,No,https://krediautomzt.mx/wp-content/uploads/2026/09/WhatsApp-Image-2026-09-18-at-10.39.25-AM.jpeg,krediauto-imagenes/imagenes/46322/46322_12.jpeg,Descargada
46335,NISSAN MARCH EXCLUSIVE AUT 2020,1,Sí,https://krediautomzt.mx/wp-content/uploads/2026/09/WhatsApp-Image-2026-09-18-at-10.06.57-AM-2.jpeg,krediauto-imagenes/imagenes/46335/46335_01.jpeg,Descargada
46335,NISSAN MARCH EXCLUSIVE AUT 2020,2,No,https://krediautomzt.mx/wp-content/uploads/2026/09/WhatsApp-Image-2026-09-18-at-10.06.57-AM.jpeg,krediauto-imagenes/imagenes/46335/46335_02.jpeg,Descargada
46335,NISSAN MARCH EXCLUSIVE AUT 2020,3,No,https://krediautomzt.mx/wp-content/uploads/2026/09/WhatsApp-Image-2026-09-18-at-10.06.57-AM-6.jpeg,krediauto-imagenes/imagenes/46335/46335_03.jpeg,Descargada
46335,NISSAN MARCH EXCLUSIVE AUT 2020,4,No,https://krediautomzt.mx/wp-content/uploads/2026/09/WhatsApp-Image-2026-09-18-at-10.06.57-AM-9.jpeg,krediauto-imagenes/imagenes/46335/46335_04.jpeg,Descargada
46335,NISSAN MARCH EXCLUSIVE AUT 2020,5,No,https://krediautomzt.mx/wp-content/uploads/2026/09/WhatsApp-Image-2026-09-18-at-10.06.57-AM-10.jpeg,krediauto-imagenes/imagenes/46335/46335_05.jpeg,Descargada
46335,NISSAN MARCH EXCLUSIVE AUT 2020,6,No,https://krediautomzt.mx/wp-content/uploads/2026/09/WhatsApp-Image-2026-09-18-at-10.06.57-AM-1.jpeg,krediauto-imagenes/imagenes/46335/46335_06.jpeg,Descargada
46335,NISSAN MARCH EXCLUSIVE AUT 2020,7,No,https://krediautomzt.mx/wp-content/uploads/2026/09/WhatsApp-Image-2026-09-18-at-10.06.57-AM-3.jpeg,krediauto-imagenes/imagenes/46335/46335_07.jpeg,Descargada
46335,NISSAN MARCH EXCLUSIVE AUT 2020,8,No,https://krediautomzt.mx/wp-content/uploads/2026/09/WhatsApp-Image-2026-09-18-at-10.06.57-AM-4.jpeg,krediauto-imagenes/imagenes/46335/46335_08.jpeg,Descargada
46335,NISSAN MARCH EXCLUSIVE AUT 2020,9,No,https://krediautomzt.mx/wp-content/uploads/2026/09/WhatsApp-Image-2026-09-18-at-10.06.57-AM-5.jpeg,krediauto-imagenes/imagenes/46335/46335_09.jpeg,Descargada
46345,RENAULT KWID ICONIC TM 2020,1,Sí,https://krediautomzt.mx/wp-content/uploads/2026/09/WhatsApp-Image-2026-09-22-at-1.33.17-PM-1.jpeg,krediauto-imagenes/imagenes/46345/46345_01.jpeg,Descargada
46345,RENAULT KWID ICONIC TM 2020,2,No,https://krediautomzt.mx/wp-content/uploads/2026/09/WhatsApp-Image-2026-09-22-at-1.33.17-PM.jpeg,krediauto-imagenes/imagenes/46345/46345_02.jpeg,Descargada
46345,RENAULT KWID ICONIC TM 2020,3,No,https://krediautomzt.mx/wp-content/uploads/2026/09/WhatsApp-Image-2026-09-22-at-1.33.17-PM-2.jpeg,krediauto-imagenes/imagenes/46345/46345_03.jpeg,Descargada
46345,RENAULT KWID ICONIC TM 2020,4,No,https://krediautomzt.mx/wp-content/uploads/2026/09/WhatsApp-Image-2026-09-22-at-1.33.17-PM-4.jpeg,krediauto-imagenes/imagenes/46345/46345_04.jpeg,Descargada
46345,RENAULT KWID ICONIC TM 2020,5,No,https://krediautomzt.mx/wp-content/uploads/2026/09/WhatsApp-Image-2026-09-22-at-1.33.17-PM-3.jpeg,krediauto-imagenes/imagenes/46345/46345_05.jpeg,Descargada
46345,RENAULT KWID ICONIC TM 2020,6,No,https://krediautomzt.mx/wp-content/uploads/2026/09/WhatsApp-Image-2026-09-22-at-1.33.19-PM-3.jpeg,krediauto-imagenes/imagenes/46345/46345_06.jpeg,Descargada
46345,RENAULT KWID ICONIC TM 2020,7,No,https://krediautomzt.mx/wp-content/uploads/2026/09/WhatsApp-Image-2026-09-22-at-1.33.18-PM-1.jpeg,krediauto-imagenes/imagenes/46345/46345_07.jpeg,Descargada
46345,RENAULT KWID ICONIC TM 2020,8,No,https://krediautomzt.mx/wp-content/uploads/2026/09/WhatsApp-Image-2026-09-22-at-1.33.18-PM-2.jpeg,krediauto-imagenes/imagenes/46345/46345_08.jpeg,Descargada
46345,RENAULT KWID ICONIC TM 2020,9,No,https://krediautomzt.mx/wp-content/uploads/2026/09/WhatsApp-Image-2026-09-22-at-1.33.18-PM.jpeg,krediauto-imagenes/imagenes/46345/46345_09.jpeg,Descargada
46345,RENAULT KWID ICONIC TM 2020,10,No,https://krediautomzt.mx/wp-content/uploads/2026/09/WhatsApp-Image-2026-09-22-at-1.33.19-PM-1.jpeg,krediauto-imagenes/imagenes/46345/46345_10.jpeg,Descargada
46345,RENAULT KWID ICONIC TM 2020,11,No,https://krediautomzt.mx/wp-content/uploads/2026/09/WhatsApp-Image-2026-09-22-at-1.33.19-PM-2.jpeg,krediauto-imagenes/imagenes/46345/46345_11.jpeg,Descargada
46345,RENAULT KWID ICONIC TM 2020,12,No,https://krediautomzt.mx/wp-content/uploads/2026/09/WhatsApp-Image-2026-09-22-at-1.33.19-PM.jpeg,krediauto-imagenes/imagenes/46345/46345_12.jpeg,Descargada
